{"lands":{"autotiles":[{"k":[0,0,0,14,0],"v":{"id":4,"t":[0,0],"tid":584}},{"k":[1,0,0,13,0],"v":{"id":4,"t":[0,0],"tid":471}},{"k":[0,0,0,13,0],"v":{"id":4,"t":[0,0],"tid":225}},{"k":[1,0,0,15,0],"v":{"id":4,"t":[0,0],"tid":324}},{"k":[2,0,0,14,0],"v":{"id":4,"t":[0,0],"tid":318}},{"k":[3,0,0,13,0],"v":{"id":4,"t":[0,0],"tid":471}},{"k":[0,0,0,15,0],"v":{"id":4,"t":[0,0],"tid":570}},{"k":[1,0,0,14,0],"v":{"id":4,"t":[0,0],"tid":318}},{"k":[2,0,0,13,0],"v":{"id":4,"t":[0,0],"tid":471}},{"k":[15,0,0,15,0],"v":{"id":4,"t":[0,0],"tid":324}},{"k":[7,0,0,15,0],"v":{"id":4,"t":[0,0],"tid":324}},{"k":[8,0,0,14,0],"v":{"id":4,"t":[0,0],"tid":318}},{"k":[9,0,0,13,0],"v":{"id":4,"t":[0,0],"tid":471}},{"k":[14,0,0,15,0],"v":{"id":4,"t":[0,0],"tid":324}},{"k":[15,0,0,14,0],"v":{"id":4,"t":[0,0],"tid":318}},{"k":[6,0,0,15,0],"v":{"id":4,"t":[0,0],"tid":324}},{"k":[7,0,0,14,0],"v":{"id":4,"t":[0,0],"tid":318}},{"k":[8,0,0,13,0],"v":{"id":4,"t":[0,0],"tid":471}},{"k":[9,0,0,15,0],"v":{"id":4,"t":[0,0],"tid":324}},{"k":[10,0,0,14,0],"v":{"id":4,"t":[0,0],"tid":318}},{"k":[11,0,0,13,0],"v":{"id":4,"t":[0,0],"tid":471}},{"k":[8,0,0,15,0],"v":{"id":4,"t":[0,0],"tid":324}},{"k":[9,0,0,14,0],"v":{"id":4,"t":[0,0],"tid":318}},{"k":[10,0,0,13,0],"v":{"id":4,"t":[0,0],"tid":471}},{"k":[11,0,0,15,0],"v":{"id":4,"t":[0,0],"tid":324}},{"k":[12,0,0,14,0],"v":{"id":4,"t":[0,0],"tid":318}},{"k":[13,0,0,13,0],"v":{"id":4,"t":[0,0],"tid":471}},{"k":[3,0,0,15,0],"v":{"id":4,"t":[0,0],"tid":324}},{"k":[4,0,0,14,0],"v":{"id":4,"t":[0,0],"tid":318}},{"k":[5,0,0,13,0],"v":{"id":4,"t":[0,0],"tid":471}},{"k":[10,0,0,15,0],"v":{"id":4,"t":[0,0],"tid":324}},{"k":[11,0,0,14,0],"v":{"id":4,"t":[0,0],"tid":318}},{"k":[12,0,0,13,0],"v":{"id":4,"t":[0,0],"tid":471}},{"k":[2,0,0,15,0],"v":{"id":4,"t":[0,0],"tid":324}},{"k":[3,0,0,14,0],"v":{"id":4,"t":[0,0],"tid":318}},{"k":[4,0,0,13,0],"v":{"id":4,"t":[0,0],"tid":471}},{"k":[13,0,0,15,0],"v":{"id":4,"t":[0,0],"tid":324}},{"k":[14,0,0,14,0],"v":{"id":4,"t":[0,0],"tid":318}},{"k":[15,0,0,13,0],"v":{"id":4,"t":[0,0],"tid":471}},{"k":[5,0,0,15,0],"v":{"id":4,"t":[0,0],"tid":324}},{"k":[6,0,0,14,0],"v":{"id":4,"t":[0,0],"tid":318}},{"k":[7,0,0,13,0],"v":{"id":4,"t":[0,0],"tid":471}},{"k":[12,0,0,15,0],"v":{"id":4,"t":[0,0],"tid":324}},{"k":[13,0,0,14,0],"v":{"id":4,"t":[0,0],"tid":318}},{"k":[14,0,0,13,0],"v":{"id":4,"t":[0,0],"tid":471}},{"k":[4,0,0,15,0],"v":{"id":4,"t":[0,0],"tid":324}},{"k":[5,0,0,14,0],"v":{"id":4,"t":[0,0],"tid":318}},{"k":[6,0,0,13,0],"v":{"id":4,"t":[0,0],"tid":471}}],"floors":[{"k":[14,0,0,12,0],"v":{"t":[0,0]}},{"k":[15,0,0,11,0],"v":{"t":[0,0]}},{"k":[13,0,0,12,0],"v":{"t":[0,0]}},{"k":[14,0,0,11,0],"v":{"t":[0,0]}},{"k":[15,0,0,10,0],"v":{"t":[0,0]}},{"k":[15,0,0,12,0],"v":{"t":[0,0]}},{"k":[0,0,0,0,0],"v":{"t":[0,0]}},{"k":[0,0,0,6,0],"v":{"t":[0,0]}},{"k":[1,0,0,5,0],"v":{"t":[0,0]}},{"k":[2,0,0,4,0],"v":{"t":[0,0]}},{"k":[3,0,0,3,0],"v":{"t":[0,0]}},{"k":[4,0,0,2,0],"v":{"t":[0,0]}},{"k":[5,0,0,1,0],"v":{"t":[0,0]}},{"k":[6,0,0,0,0],"v":{"t":[0,0]}},{"k":[0,0,0,5,0],"v":{"t":[0,0]}},{"k":[1,0,0,4,0],"v":{"t":[0,0]}},{"k":[2,0,0,3,0],"v":{"t":[0,0]}},{"k":[3,0,0,2,0],"v":{"t":[0,0]}},{"k":[4,0,0,1,0],"v":{"t":[0,0]}},{"k":[5,0,0,0,0],"v":{"t":[0,0]}},{"k":[0,0,0,8,0],"v":{"t":[0,0]}},{"k":[1,0,0,7,0],"v":{"t":[0,0]}},{"k":[2,0,0,6,0],"v":{"t":[0,0]}},{"k":[3,0,0,5,0],"v":{"t":[0,0]}},{"k":[4,0,0,4,0],"v":{"t":[0,0]}},{"k":[5,0,0,3,0],"v":{"t":[0,0]}},{"k":[6,0,0,2,0],"v":{"t":[0,0]}},{"k":[7,0,0,1,0],"v":{"t":[0,0]}},{"k":[8,0,0,0,0],"v":{"t":[0,0]}},{"k":[0,0,0,7,0],"v":{"t":[0,0]}},{"k":[1,0,0,6,0],"v":{"t":[0,0]}},{"k":[2,0,0,5,0],"v":{"t":[0,0]}},{"k":[3,0,0,4,0],"v":{"t":[0,0]}},{"k":[4,0,0,3,0],"v":{"t":[0,0]}},{"k":[5,0,0,2,0],"v":{"t":[0,0]}},{"k":[6,0,0,1,0],"v":{"t":[0,0]}},{"k":[7,0,0,0,0],"v":{"t":[0,0]}},{"k":[0,0,0,2,0],"v":{"t":[0,0]}},{"k":[1,0,0,1,0],"v":{"t":[0,0]}},{"k":[2,0,0,0,0],"v":{"t":[0,0]}},{"k":[0,0,0,1,0],"v":{"t":[0,0]}},{"k":[1,0,0,0,0],"v":{"t":[0,0]}},{"k":[0,0,0,4,0],"v":{"t":[0,0]}},{"k":[1,0,0,3,0],"v":{"t":[0,0]}},{"k":[2,0,0,2,0],"v":{"t":[0,0]}},{"k":[3,0,0,1,0],"v":{"t":[0,0]}},{"k":[4,0,0,0,0],"v":{"t":[0,0]}},{"k":[0,0,0,3,0],"v":{"t":[0,0]}},{"k":[1,0,0,2,0],"v":{"t":[0,0]}},{"k":[2,0,0,1,0],"v":{"t":[0,0]}},{"k":[3,0,0,0,0],"v":{"t":[0,0]}},{"k":[2,0,0,12,0],"v":{"t":[0,0]}},{"k":[3,0,0,11,0],"v":{"t":[0,0]}},{"k":[4,0,0,10,0],"v":{"t":[0,0]}},{"k":[5,0,0,9,0],"v":{"t":[0,0]}},{"k":[6,0,0,8,0],"v":{"t":[0,0]}},{"k":[7,0,0,7,0],"v":{"t":[0,0]}},{"k":[8,0,0,6,0],"v":{"t":[0,0]}},{"k":[9,0,0,5,0],"v":{"t":[0,0]}},{"k":[10,0,0,4,0],"v":{"t":[0,0]}},{"k":[11,0,0,3,0],"v":{"t":[0,0]}},{"k":[12,0,0,2,0],"v":{"t":[0,0]}},{"k":[13,0,0,1,0],"v":{"t":[0,0]}},{"k":[14,0,0,0,0],"v":{"t":[0,0]}},{"k":[1,0,0,12,0],"v":{"t":[0,0]}},{"k":[2,0,0,11,0],"v":{"t":[0,0]}},{"k":[3,0,0,10,0],"v":{"t":[0,0]}},{"k":[4,0,0,9,0],"v":{"t":[0,0]}},{"k":[5,0,0,8,0],"v":{"t":[0,0]}},{"k":[6,0,0,7,0],"v":{"t":[0,0]}},{"k":[7,0,0,6,0],"v":{"t":[0,0]}},{"k":[8,0,0,5,0],"v":{"t":[0,0]}},{"k":[9,0,0,4,0],"v":{"t":[0,0]}},{"k":[10,0,0,3,0],"v":{"t":[0,0]}},{"k":[11,0,0,2,0],"v":{"t":[0,0]}},{"k":[12,0,0,1,0],"v":{"t":[0,0]}},{"k":[13,0,0,0,0],"v":{"t":[0,0]}},{"k":[4,0,0,12,0],"v":{"t":[0,0]}},{"k":[5,0,0,11,0],"v":{"t":[0,0]}},{"k":[6,0,0,10,0],"v":{"t":[0,0]}},{"k":[7,0,0,9,0],"v":{"t":[0,0]}},{"k":[8,0,0,8,0],"v":{"t":[0,0]}},{"k":[9,0,0,7,0],"v":{"t":[0,0]}},{"k":[10,0,0,6,0],"v":{"t":[0,0]}},{"k":[11,0,0,5,0],"v":{"t":[0,0]}},{"k":[12,0,0,4,0],"v":{"t":[0,0]}},{"k":[13,0,0,3,0],"v":{"t":[0,0]}},{"k":[14,0,0,2,0],"v":{"t":[0,0]}},{"k":[15,0,0,1,0],"v":{"t":[0,0]}},{"k":[3,0,0,12,0],"v":{"t":[0,0]}},{"k":[4,0,0,11,0],"v":{"t":[0,0]}},{"k":[5,0,0,10,0],"v":{"t":[0,0]}},{"k":[6,0,0,9,0],"v":{"t":[0,0]}},{"k":[7,0,0,8,0],"v":{"t":[0,0]}},{"k":[8,0,0,7,0],"v":{"t":[0,0]}},{"k":[9,0,0,6,0],"v":{"t":[0,0]}},{"k":[10,0,0,5,0],"v":{"t":[0,0]}},{"k":[11,0,0,4,0],"v":{"t":[0,0]}},{"k":[12,0,0,3,0],"v":{"t":[0,0]}},{"k":[13,0,0,2,0],"v":{"t":[0,0]}},{"k":[14,0,0,1,0],"v":{"t":[0,0]}},{"k":[15,0,0,0,0],"v":{"t":[0,0]}},{"k":[0,0,0,10,0],"v":{"t":[0,0]}},{"k":[1,0,0,9,0],"v":{"t":[0,0]}},{"k":[2,0,0,8,0],"v":{"t":[0,0]}},{"k":[3,0,0,7,0],"v":{"t":[0,0]}},{"k":[4,0,0,6,0],"v":{"t":[0,0]}},{"k":[5,0,0,5,0],"v":{"t":[0,0]}},{"k":[6,0,0,4,0],"v":{"t":[0,0]}},{"k":[7,0,0,3,0],"v":{"t":[0,0]}},{"k":[8,0,0,2,0],"v":{"t":[0,0]}},{"k":[9,0,0,1,0],"v":{"t":[0,0]}},{"k":[10,0,0,0,0],"v":{"t":[0,0]}},{"k":[0,0,0,9,0],"v":{"t":[0,0]}},{"k":[1,0,0,8,0],"v":{"t":[0,0]}},{"k":[2,0,0,7,0],"v":{"t":[0,0]}},{"k":[3,0,0,6,0],"v":{"t":[0,0]}},{"k":[4,0,0,5,0],"v":{"t":[0,0]}},{"k":[5,0,0,4,0],"v":{"t":[0,0]}},{"k":[6,0,0,3,0],"v":{"t":[0,0]}},{"k":[7,0,0,2,0],"v":{"t":[0,0]}},{"k":[8,0,0,1,0],"v":{"t":[0,0]}},{"k":[9,0,0,0,0],"v":{"t":[0,0]}},{"k":[0,0,0,12,0],"v":{"t":[0,0]}},{"k":[1,0,0,11,0],"v":{"t":[0,0]}},{"k":[2,0,0,10,0],"v":{"t":[0,0]}},{"k":[3,0,0,9,0],"v":{"t":[0,0]}},{"k":[4,0,0,8,0],"v":{"t":[0,0]}},{"k":[5,0,0,7,0],"v":{"t":[0,0]}},{"k":[6,0,0,6,0],"v":{"t":[0,0]}},{"k":[7,0,0,5,0],"v":{"t":[0,0]}},{"k":[8,0,0,4,0],"v":{"t":[0,0]}},{"k":[9,0,0,3,0],"v":{"t":[0,0]}},{"k":[10,0,0,2,0],"v":{"t":[0,0]}},{"k":[11,0,0,1,0],"v":{"t":[0,0]}},{"k":[12,0,0,0,0],"v":{"t":[0,0]}},{"k":[0,0,0,11,0],"v":{"t":[0,0]}},{"k":[1,0,0,10,0],"v":{"t":[0,0]}},{"k":[2,0,0,9,0],"v":{"t":[0,0]}},{"k":[3,0,0,8,0],"v":{"t":[0,0]}},{"k":[4,0,0,7,0],"v":{"t":[0,0]}},{"k":[5,0,0,6,0],"v":{"t":[0,0]}},{"k":[6,0,0,5,0],"v":{"t":[0,0]}},{"k":[7,0,0,4,0],"v":{"t":[0,0]}},{"k":[8,0,0,3,0],"v":{"t":[0,0]}},{"k":[9,0,0,2,0],"v":{"t":[0,0]}},{"k":[10,0,0,1,0],"v":{"t":[0,0]}},{"k":[11,0,0,0,0],"v":{"t":[0,0]}},{"k":[10,0,0,12,0],"v":{"t":[0,0]}},{"k":[11,0,0,11,0],"v":{"t":[0,0]}},{"k":[12,0,0,10,0],"v":{"t":[0,0]}},{"k":[13,0,0,9,0],"v":{"t":[0,0]}},{"k":[14,0,0,8,0],"v":{"t":[0,0]}},{"k":[15,0,0,7,0],"v":{"t":[0,0]}},{"k":[9,0,0,12,0],"v":{"t":[0,0]}},{"k":[10,0,0,11,0],"v":{"t":[0,0]}},{"k":[11,0,0,10,0],"v":{"t":[0,0]}},{"k":[12,0,0,9,0],"v":{"t":[0,0]}},{"k":[13,0,0,8,0],"v":{"t":[0,0]}},{"k":[14,0,0,7,0],"v":{"t":[0,0]}},{"k":[15,0,0,6,0],"v":{"t":[0,0]}},{"k":[12,0,0,12,0],"v":{"t":[0,0]}},{"k":[13,0,0,11,0],"v":{"t":[0,0]}},{"k":[14,0,0,10,0],"v":{"t":[0,0]}},{"k":[15,0,0,9,0],"v":{"t":[0,0]}},{"k":[11,0,0,12,0],"v":{"t":[0,0]}},{"k":[12,0,0,11,0],"v":{"t":[0,0]}},{"k":[13,0,0,10,0],"v":{"t":[0,0]}},{"k":[14,0,0,9,0],"v":{"t":[0,0]}},{"k":[15,0,0,8,0],"v":{"t":[0,0]}},{"k":[6,0,0,12,0],"v":{"t":[0,0]}},{"k":[7,0,0,11,0],"v":{"t":[0,0]}},{"k":[8,0,0,10,0],"v":{"t":[0,0]}},{"k":[9,0,0,9,0],"v":{"t":[0,0]}},{"k":[10,0,0,8,0],"v":{"t":[0,0]}},{"k":[11,0,0,7,0],"v":{"t":[0,0]}},{"k":[12,0,0,6,0],"v":{"t":[0,0]}},{"k":[13,0,0,5,0],"v":{"t":[0,0]}},{"k":[14,0,0,4,0],"v":{"t":[0,0]}},{"k":[15,0,0,3,0],"v":{"t":[0,0]}},{"k":[5,0,0,12,0],"v":{"t":[0,0]}},{"k":[6,0,0,11,0],"v":{"t":[0,0]}},{"k":[7,0,0,10,0],"v":{"t":[0,0]}},{"k":[8,0,0,9,0],"v":{"t":[0,0]}},{"k":[9,0,0,8,0],"v":{"t":[0,0]}},{"k":[10,0,0,7,0],"v":{"t":[0,0]}},{"k":[11,0,0,6,0],"v":{"t":[0,0]}},{"k":[12,0,0,5,0],"v":{"t":[0,0]}},{"k":[13,0,0,4,0],"v":{"t":[0,0]}},{"k":[14,0,0,3,0],"v":{"t":[0,0]}},{"k":[15,0,0,2,0],"v":{"t":[0,0]}},{"k":[8,0,0,12,0],"v":{"t":[0,0]}},{"k":[9,0,0,11,0],"v":{"t":[0,0]}},{"k":[10,0,0,10,0],"v":{"t":[0,0]}},{"k":[11,0,0,9,0],"v":{"t":[0,0]}},{"k":[12,0,0,8,0],"v":{"t":[0,0]}},{"k":[13,0,0,7,0],"v":{"t":[0,0]}},{"k":[14,0,0,6,0],"v":{"t":[0,0]}},{"k":[15,0,0,5,0],"v":{"t":[0,0]}},{"k":[7,0,0,12,0],"v":{"t":[0,0]}},{"k":[8,0,0,11,0],"v":{"t":[0,0]}},{"k":[9,0,0,10,0],"v":{"t":[0,0]}},{"k":[10,0,0,9,0],"v":{"t":[0,0]}},{"k":[11,0,0,8,0],"v":{"t":[0,0]}},{"k":[12,0,0,7,0],"v":{"t":[0,0]}},{"k":[13,0,0,6,0],"v":{"t":[0,0]}},{"k":[14,0,0,5,0],"v":{"t":[0,0]}},{"k":[15,0,0,4,0],"v":{"t":[0,0]}}]},"moun":{"a":[],"o":[]},"objs":{"list":[]},"objs3d":{"a":[],"o":[]},"sprites":{"list":[{"k":[3,0,0,3,0],"v":{"f":false,"k":4,"t":[6,9,2,3]}},{"k":[1,0,0,4,0],"v":{"f":false,"k":4,"t":[6,9,2,3]}},{"k":[5,0,0,0,0],"v":{"f":false,"k":4,"t":[6,9,2,3]}},{"k":[3,0,0,4,0],"v":{"f":false,"k":4,"t":[6,9,2,3]}},{"k":[5,0,0,2,0],"v":{"f":false,"k":4,"t":[6,9,2,3]}},{"k":[2,0,0,1,0],"v":{"f":false,"k":4,"t":[6,9,2,3]}},{"k":[11,0,0,3,0],"v":{"f":false,"k":4,"t":[6,9,2,3]}},{"k":[13,0,0,1,0],"v":{"f":false,"k":4,"t":[6,9,2,3]}},{"k":[2,0,0,11,0],"v":{"k":4,"t":[6,9,2,3]}},{"k":[1,0,0,12,0],"v":{"k":4,"t":[6,9,2,3]}},{"k":[3,0,0,10,0],"v":{"k":4,"t":[6,9,2,3]}},{"k":[6,0,0,7,0],"v":{"f":false,"k":4,"t":[6,9,2,3]}},{"k":[9,0,0,4,0],"v":{"f":false,"k":4,"t":[6,9,2,3]}},{"k":[12,0,0,4,0],"v":{"f":false,"k":4,"t":[6,9,2,3]}},{"k":[4,0,0,11,0],"v":{"k":4,"t":[6,9,2,3]}},{"k":[3,0,0,12,0],"v":{"k":4,"t":[6,9,2,3]}},{"k":[5,0,0,10,0],"v":{"k":4,"t":[6,9,2,3]}},{"k":[9,0,0,6,0],"v":{"f":false,"k":4,"t":[6,9,2,3]}},{"k":[10,0,0,5,0],"v":{"f":false,"k":4,"t":[6,9,2,3]}},{"k":[6,0,0,9,0],"v":{"f":false,"k":4,"t":[6,9,2,3]}},{"k":[7,0,0,3,0],"v":{"f":false,"k":4,"t":[6,9,2,3]}},{"k":[3,0,0,7,0],"v":{"f":false,"k":4,"t":[6,9,2,3]}},{"k":[9,0,0,1,0],"v":{"f":false,"k":4,"t":[6,9,2,3]}},{"k":[10,0,0,0,0],"v":{"f":false,"k":4,"t":[6,9,2,3]}},{"k":[4,0,0,5,0],"v":{"f":false,"k":4,"t":[6,9,2,3]}},{"k":[1,0,0,8,0],"v":{"f":false,"k":4,"t":[6,9,2,3]}},{"k":[8,0,0,1,0],"v":{"f":false,"k":4,"t":[6,9,2,3]}},{"k":[9,0,0,3,0],"v":{"f":false,"k":4,"t":[6,9,2,3]}},{"k":[3,0,0,9,0],"v":{"f":false,"k":4,"t":[6,9,2,3]}},{"k":[0,0,0,11,0],"v":{"k":4,"t":[6,9,2,3]}},{"k":[1,0,0,10,0],"v":{"k":4,"t":[6,9,2,3]}},{"k":[6,0,0,5,0],"v":{"f":false,"k":4,"t":[6,9,2,3]}},{"k":[4,0,0,7,0],"v":{"f":false,"k":4,"t":[6,9,2,3]}},{"k":[8,0,0,3,0],"v":{"f":false,"k":4,"t":[6,9,2,3]}},{"k":[11,0,0,0,0],"v":{"f":false,"k":4,"t":[6,9,2,3]}},{"k":[10,0,0,11,0],"v":{"k":4,"t":[6,9,2,3]}},{"k":[9,0,0,12,0],"v":{"k":4,"t":[6,9,2,3]}},{"k":[11,0,0,10,0],"v":{"k":4,"t":[6,9,2,3]}},{"k":[14,0,0,7,0],"v":{"f":false,"k":4,"t":[6,9,2,3]}},{"k":[13,0,0,8,0],"v":{"f":false,"k":4,"t":[6,9,2,3]}},{"k":[12,0,0,11,0],"v":{"k":4,"t":[6,9,2,3]}},{"k":[11,0,0,12,0],"v":{"k":4,"t":[6,9,2,3]}},{"k":[13,0,0,10,0],"v":{"k":4,"t":[6,9,2,3]}},{"k":[15,0,0,8,0],"v":{"f":false,"k":4,"t":[6,9,2,3]}},{"k":[14,0,0,11,0],"v":{"k":4,"t":[6,9,2,3]}},{"k":[13,0,0,12,0],"v":{"k":4,"t":[6,9,2,3]}},{"k":[15,0,0,10,0],"v":{"k":4,"t":[6,9,2,3]}},{"k":[13,0,0,5,0],"v":{"f":false,"k":4,"t":[6,9,2,3]}},{"k":[11,0,0,7,0],"v":{"f":false,"k":4,"t":[6,9,2,3]}},{"k":[15,0,0,3,0],"v":{"f":false,"k":4,"t":[6,9,2,3]}},{"k":[6,0,0,11,0],"v":{"k":4,"t":[6,9,2,3]}},{"k":[5,0,0,12,0],"v":{"k":4,"t":[6,9,2,3]}},{"k":[7,0,0,10,0],"v":{"k":4,"t":[6,9,2,3]}},{"k":[9,0,0,8,0],"v":{"f":false,"k":4,"t":[6,9,2,3]}},{"k":[15,0,0,2,0],"v":{"f":false,"k":4,"t":[6,9,2,3]}},{"k":[11,0,0,9,0],"v":{"f":false,"k":4,"t":[6,9,2,3]}},{"k":[15,0,0,12,0],"v":{"k":4,"t":[6,9,2,3]}},{"k":[8,0,0,11,0],"v":{"k":4,"t":[6,9,2,3]}},{"k":[7,0,0,12,0],"v":{"k":4,"t":[6,9,2,3]}},{"k":[9,0,0,10,0],"v":{"k":4,"t":[6,9,2,3]}},{"k":[10,0,0,9,0],"v":{"f":false,"k":4,"t":[6,9,2,3]}},{"k":[12,0,0,7,0],"v":{"f":false,"k":4,"t":[6,9,2,3]}},{"k":[14,0,0,5,0],"v":{"f":false,"k":4,"t":[6,9,2,3]}}],"overflow":[[16,0,0,6,0],[16,0,0,11,0]],"walls":[]}}