{"lands":{"autotiles":[{"k":[20,0,0,15,0],"v":{"id":4,"t":[0,0],"tid":324}},{"k":[21,0,0,14,0],"v":{"id":4,"t":[0,0],"tid":318}},{"k":[22,0,0,13,0],"v":{"id":4,"t":[0,0],"tid":471}},{"k":[25,0,0,10,0],"v":{"id":4,"t":[1,0],"tid":584}},{"k":[28,0,0,7,0],"v":{"id":4,"t":[1,0],"tid":423}},{"k":[26,0,0,9,0],"v":{"id":4,"t":[1,0],"tid":318}},{"k":[27,0,0,8,0],"v":{"id":4,"t":[1,0],"tid":318}},{"k":[31,0,0,15,0],"v":{"id":4,"t":[0,0],"tid":324}},{"k":[30,0,0,15,0],"v":{"id":4,"t":[0,0],"tid":324}},{"k":[31,0,0,14,0],"v":{"id":4,"t":[0,0],"tid":318}},{"k":[27,0,0,15,0],"v":{"id":4,"t":[0,0],"tid":324}},{"k":[28,0,0,14,0],"v":{"id":4,"t":[0,0],"tid":318}},{"k":[29,0,0,13,0],"v":{"id":4,"t":[0,0],"tid":471}},{"k":[27,0,0,14,0],"v":{"id":4,"t":[0,0],"tid":318}},{"k":[28,0,0,13,0],"v":{"id":4,"t":[0,0],"tid":471}},{"k":[26,0,0,15,0],"v":{"id":4,"t":[0,0],"tid":316}},{"k":[29,0,0,15,0],"v":{"id":4,"t":[0,0],"tid":324}},{"k":[30,0,0,14,0],"v":{"id":4,"t":[0,0],"tid":318}},{"k":[31,0,0,13,0],"v":{"id":4,"t":[0,0],"tid":471}},{"k":[28,0,0,15,0],"v":{"id":4,"t":[0,0],"tid":324}},{"k":[29,0,0,14,0],"v":{"id":4,"t":[0,0],"tid":318}},{"k":[30,0,0,13,0],"v":{"id":4,"t":[0,0],"tid":471}},{"k":[16,0,0,14,0],"v":{"id":4,"t":[0,0],"tid":318}},{"k":[17,0,0,13,0],"v":{"id":4,"t":[0,0],"tid":471}},{"k":[16,0,0,13,0],"v":{"id":4,"t":[0,0],"tid":471}},{"k":[17,0,0,15,0],"v":{"id":4,"t":[0,0],"tid":324}},{"k":[18,0,0,14,0],"v":{"id":4,"t":[0,0],"tid":318}},{"k":[19,0,0,13,0],"v":{"id":4,"t":[0,0],"tid":471}},{"k":[23,0,0,9,0],"v":{"id":4,"t":[1,0],"tid":211}},{"k":[25,0,0,7,0],"v":{"id":4,"t":[1,0],"tid":225}},{"k":[16,0,0,15,0],"v":{"id":4,"t":[0,0],"tid":324}},{"k":[17,0,0,14,0],"v":{"id":4,"t":[0,0],"tid":318}},{"k":[18,0,0,13,0],"v":{"id":4,"t":[0,0],"tid":471}},{"k":[24,0,0,14,0],"v":{"id":4,"t":[0,0],"tid":318}},{"k":[23,0,0,15,0],"v":{"id":4,"t":[0,0],"tid":318}},{"k":[25,0,0,13,0],"v":{"id":4,"t":[0,0],"tid":471}},{"k":[28,0,0,10,0],"v":{"id":4,"t":[1,0],"tid":370}},{"k":[27,0,0,11,0],"v":{"id":4,"t":[1,0],"tid":324}},{"k":[26,0,0,12,0],"v":{"id":4,"t":[1,0],"tid":372}},{"k":[24,0,0,13,0],"v":{"id":4,"t":[0,0],"tid":471}},{"k":[23,0,0,14,0],"v":{"id":4,"t":[0,0],"tid":318}},{"k":[22,0,0,15,0],"v":{"id":4,"t":[0,0],"tid":308}},{"k":[25,0,0,12,0],"v":{"id":4,"t":[1,0],"tid":570}},{"k":[28,0,0,9,0],"v":{"id":4,"t":[1,0],"tid":370}},{"k":[27,0,0,10,0],"v":{"id":4,"t":[1,0],"tid":318}},{"k":[26,0,0,11,0],"v":{"id":4,"t":[1,0],"tid":316}},{"k":[25,0,0,15,0],"v":{"id":4,"t":[0,0],"tid":318}},{"k":[27,0,0,13,0],"v":{"id":4,"t":[0,0],"tid":471}},{"k":[26,0,0,14,0],"v":{"id":4,"t":[0,0],"tid":318}},{"k":[24,0,0,15,0],"v":{"id":4,"t":[0,0],"tid":318}},{"k":[25,0,0,14,0],"v":{"id":4,"t":[0,0],"tid":318}},{"k":[26,0,0,13,0],"v":{"id":4,"t":[0,0],"tid":471}},{"k":[28,0,0,11,0],"v":{"id":4,"t":[1,0],"tid":372}},{"k":[19,0,0,15,0],"v":{"id":4,"t":[0,0],"tid":324}},{"k":[20,0,0,14,0],"v":{"id":4,"t":[0,0],"tid":318}},{"k":[21,0,0,13,0],"v":{"id":4,"t":[0,0],"tid":471}},{"k":[25,0,0,9,0],"v":{"id":4,"t":[1,0],"tid":52}},{"k":[27,0,0,7,0],"v":{"id":4,"t":[1,0],"tid":471}},{"k":[26,0,0,8,0],"v":{"id":4,"t":[1,0],"tid":318}},{"k":[18,0,0,15,0],"v":{"id":4,"t":[0,0],"tid":324}},{"k":[19,0,0,14,0],"v":{"id":4,"t":[0,0],"tid":318}},{"k":[20,0,0,13,0],"v":{"id":4,"t":[0,0],"tid":471}},{"k":[24,0,0,9,0],"v":{"id":4,"t":[1,0],"tid":477}},{"k":[25,0,0,8,0],"v":{"id":4,"t":[1,0],"tid":584}},{"k":[26,0,0,7,0],"v":{"id":4,"t":[1,0],"tid":471}},{"k":[21,0,0,15,0],"v":{"id":4,"t":[0,0],"tid":324}},{"k":[22,0,0,14,0],"v":{"id":4,"t":[0,0],"tid":318}},{"k":[23,0,0,13,0],"v":{"id":4,"t":[0,0],"tid":471}},{"k":[25,0,0,11,0],"v":{"id":4,"t":[1,0],"tid":584}},{"k":[27,0,0,9,0],"v":{"id":4,"t":[1,0],"tid":318}},{"k":[26,0,0,10,0],"v":{"id":4,"t":[1,0],"tid":318}},{"k":[28,0,0,8,0],"v":{"id":4,"t":[1,0],"tid":370}}],"floors":[{"k":[18,0,0,12,0],"v":{"t":[0,0]}},{"k":[19,0,0,11,0],"v":{"t":[0,0]}},{"k":[20,0,0,10,0],"v":{"t":[0,0]}},{"k":[21,0,0,9,0],"v":{"t":[0,0]}},{"k":[22,0,0,8,0],"v":{"t":[0,0]}},{"k":[23,0,0,7,0],"v":{"t":[0,0]}},{"k":[24,0,0,6,0],"v":{"t":[0,0]}},{"k":[25,0,0,5,0],"v":{"t":[0,0]}},{"k":[26,0,0,4,0],"v":{"t":[0,0]}},{"k":[27,0,0,3,0],"v":{"t":[0,0]}},{"k":[28,0,0,2,0],"v":{"t":[0,0]}},{"k":[29,0,0,1,0],"v":{"t":[0,0]}},{"k":[30,0,0,0,0],"v":{"t":[0,0]}},{"k":[17,0,0,12,0],"v":{"t":[0,0]}},{"k":[18,0,0,11,0],"v":{"t":[0,0]}},{"k":[19,0,0,10,0],"v":{"t":[0,0]}},{"k":[20,0,0,9,0],"v":{"t":[0,0]}},{"k":[21,0,0,8,0],"v":{"t":[0,0]}},{"k":[22,0,0,7,0],"v":{"t":[0,0]}},{"k":[23,0,0,6,0],"v":{"t":[0,0]}},{"k":[24,0,0,5,0],"v":{"t":[0,0]}},{"k":[25,0,0,4,0],"v":{"t":[0,0]}},{"k":[26,0,0,3,0],"v":{"t":[0,0]}},{"k":[27,0,0,2,0],"v":{"t":[0,0]}},{"k":[28,0,0,1,0],"v":{"t":[0,0]}},{"k":[29,0,0,0,0],"v":{"t":[0,0]}},{"k":[20,0,0,12,0],"v":{"t":[0,0]}},{"k":[21,0,0,11,0],"v":{"t":[0,0]}},{"k":[22,0,0,10,0],"v":{"t":[0,0]}},{"k":[24,0,0,8,0],"v":{"t":[0,0]}},{"k":[26,0,0,6,0],"v":{"t":[0,0]}},{"k":[27,0,0,5,0],"v":{"t":[0,0]}},{"k":[28,0,0,4,0],"v":{"t":[0,0]}},{"k":[29,0,0,3,0],"v":{"t":[0,0]}},{"k":[30,0,0,2,0],"v":{"t":[0,0]}},{"k":[31,0,0,1,0],"v":{"t":[0,0]}},{"k":[19,0,0,12,0],"v":{"t":[0,0]}},{"k":[20,0,0,11,0],"v":{"t":[0,0]}},{"k":[21,0,0,10,0],"v":{"t":[0,0]}},{"k":[22,0,0,9,0],"v":{"t":[0,0]}},{"k":[23,0,0,8,0],"v":{"t":[0,0]}},{"k":[24,0,0,7,0],"v":{"t":[0,0]}},{"k":[25,0,0,6,0],"v":{"t":[0,0]}},{"k":[26,0,0,5,0],"v":{"t":[0,0]}},{"k":[27,0,0,4,0],"v":{"t":[0,0]}},{"k":[28,0,0,3,0],"v":{"t":[0,0]}},{"k":[29,0,0,2,0],"v":{"t":[0,0]}},{"k":[30,0,0,1,0],"v":{"t":[0,0]}},{"k":[31,0,0,0,0],"v":{"t":[0,0]}},{"k":[16,0,0,10,0],"v":{"t":[0,0]}},{"k":[17,0,0,9,0],"v":{"t":[0,0]}},{"k":[18,0,0,8,0],"v":{"t":[0,0]}},{"k":[19,0,0,7,0],"v":{"t":[0,0]}},{"k":[20,0,0,6,0],"v":{"t":[0,0]}},{"k":[21,0,0,5,0],"v":{"t":[0,0]}},{"k":[22,0,0,4,0],"v":{"t":[0,0]}},{"k":[23,0,0,3,0],"v":{"t":[0,0]}},{"k":[24,0,0,2,0],"v":{"t":[0,0]}},{"k":[25,0,0,1,0],"v":{"t":[0,0]}},{"k":[26,0,0,0,0],"v":{"t":[0,0]}},{"k":[16,0,0,9,0],"v":{"t":[0,0]}},{"k":[17,0,0,8,0],"v":{"t":[0,0]}},{"k":[18,0,0,7,0],"v":{"t":[0,0]}},{"k":[19,0,0,6,0],"v":{"t":[0,0]}},{"k":[20,0,0,5,0],"v":{"t":[0,0]}},{"k":[21,0,0,4,0],"v":{"t":[0,0]}},{"k":[22,0,0,3,0],"v":{"t":[0,0]}},{"k":[23,0,0,2,0],"v":{"t":[0,0]}},{"k":[24,0,0,1,0],"v":{"t":[0,0]}},{"k":[25,0,0,0,0],"v":{"t":[0,0]}},{"k":[16,0,0,12,0],"v":{"t":[0,0]}},{"k":[17,0,0,11,0],"v":{"t":[0,0]}},{"k":[18,0,0,10,0],"v":{"t":[0,0]}},{"k":[19,0,0,9,0],"v":{"t":[0,0]}},{"k":[20,0,0,8,0],"v":{"t":[0,0]}},{"k":[21,0,0,7,0],"v":{"t":[0,0]}},{"k":[22,0,0,6,0],"v":{"t":[0,0]}},{"k":[23,0,0,5,0],"v":{"t":[0,0]}},{"k":[24,0,0,4,0],"v":{"t":[0,0]}},{"k":[25,0,0,3,0],"v":{"t":[0,0]}},{"k":[26,0,0,2,0],"v":{"t":[0,0]}},{"k":[27,0,0,1,0],"v":{"t":[0,0]}},{"k":[28,0,0,0,0],"v":{"t":[0,0]}},{"k":[16,0,0,11,0],"v":{"t":[0,0]}},{"k":[17,0,0,10,0],"v":{"t":[0,0]}},{"k":[18,0,0,9,0],"v":{"t":[0,0]}},{"k":[19,0,0,8,0],"v":{"t":[0,0]}},{"k":[20,0,0,7,0],"v":{"t":[0,0]}},{"k":[21,0,0,6,0],"v":{"t":[0,0]}},{"k":[22,0,0,5,0],"v":{"t":[0,0]}},{"k":[23,0,0,4,0],"v":{"t":[0,0]}},{"k":[24,0,0,3,0],"v":{"t":[0,0]}},{"k":[25,0,0,2,0],"v":{"t":[0,0]}},{"k":[26,0,0,1,0],"v":{"t":[0,0]}},{"k":[27,0,0,0,0],"v":{"t":[0,0]}},{"k":[29,0,0,9,0],"v":{"t":[0,0]}},{"k":[30,0,0,8,0],"v":{"t":[0,0]}},{"k":[31,0,0,7,0],"v":{"t":[0,0]}},{"k":[29,0,0,8,0],"v":{"t":[0,0]}},{"k":[30,0,0,7,0],"v":{"t":[0,0]}},{"k":[31,0,0,6,0],"v":{"t":[0,0]}},{"k":[28,0,0,12,0],"v":{"t":[0,0]}},{"k":[29,0,0,11,0],"v":{"t":[0,0]}},{"k":[30,0,0,10,0],"v":{"t":[0,0]}},{"k":[31,0,0,9,0],"v":{"t":[0,0]}},{"k":[27,0,0,12,0],"v":{"t":[0,0]}},{"k":[29,0,0,10,0],"v":{"t":[0,0]}},{"k":[30,0,0,9,0],"v":{"t":[0,0]}},{"k":[31,0,0,8,0],"v":{"t":[0,0]}},{"k":[22,0,0,12,0],"v":{"t":[0,0]}},{"k":[23,0,0,11,0],"v":{"t":[0,0]}},{"k":[24,0,0,10,0],"v":{"t":[0,0]}},{"k":[28,0,0,6,0],"v":{"t":[0,0]}},{"k":[29,0,0,5,0],"v":{"t":[0,0]}},{"k":[30,0,0,4,0],"v":{"t":[0,0]}},{"k":[31,0,0,3,0],"v":{"t":[0,0]}},{"k":[21,0,0,12,0],"v":{"t":[0,0]}},{"k":[22,0,0,11,0],"v":{"t":[0,0]}},{"k":[23,0,0,10,0],"v":{"t":[0,0]}},{"k":[27,0,0,6,0],"v":{"t":[0,0]}},{"k":[28,0,0,5,0],"v":{"t":[0,0]}},{"k":[29,0,0,4,0],"v":{"t":[0,0]}},{"k":[30,0,0,3,0],"v":{"t":[0,0]}},{"k":[31,0,0,2,0],"v":{"t":[0,0]}},{"k":[24,0,0,12,0],"v":{"t":[0,0]}},{"k":[29,0,0,7,0],"v":{"t":[0,0]}},{"k":[30,0,0,6,0],"v":{"t":[0,0]}},{"k":[31,0,0,5,0],"v":{"t":[0,0]}},{"k":[23,0,0,12,0],"v":{"t":[0,0]}},{"k":[24,0,0,11,0],"v":{"t":[0,0]}},{"k":[29,0,0,6,0],"v":{"t":[0,0]}},{"k":[30,0,0,5,0],"v":{"t":[0,0]}},{"k":[31,0,0,4,0],"v":{"t":[0,0]}},{"k":[30,0,0,12,0],"v":{"t":[0,0]}},{"k":[31,0,0,11,0],"v":{"t":[0,0]}},{"k":[27,0,6.25,9,0],"v":{"t":[3,7]}},{"k":[29,0,0,12,0],"v":{"t":[0,0]}},{"k":[30,0,0,11,0],"v":{"t":[0,0]}},{"k":[31,0,0,10,0],"v":{"t":[0,0]}},{"k":[31,0,0,12,0],"v":{"t":[0,0]}},{"k":[16,0,0,0,0],"v":{"t":[0,0]}},{"k":[16,0,0,6,0],"v":{"t":[0,0]}},{"k":[17,0,0,5,0],"v":{"t":[0,0]}},{"k":[18,0,0,4,0],"v":{"t":[0,0]}},{"k":[19,0,0,3,0],"v":{"t":[0,0]}},{"k":[20,0,0,2,0],"v":{"t":[0,0]}},{"k":[21,0,0,1,0],"v":{"t":[0,0]}},{"k":[22,0,0,0,0],"v":{"t":[0,0]}},{"k":[16,0,0,5,0],"v":{"t":[0,0]}},{"k":[17,0,0,4,0],"v":{"t":[0,0]}},{"k":[18,0,0,3,0],"v":{"t":[0,0]}},{"k":[19,0,0,2,0],"v":{"t":[0,0]}},{"k":[20,0,0,1,0],"v":{"t":[0,0]}},{"k":[21,0,0,0,0],"v":{"t":[0,0]}},{"k":[16,0,0,8,0],"v":{"t":[0,0]}},{"k":[17,0,0,7,0],"v":{"t":[0,0]}},{"k":[18,0,0,6,0],"v":{"t":[0,0]}},{"k":[19,0,0,5,0],"v":{"t":[0,0]}},{"k":[20,0,0,4,0],"v":{"t":[0,0]}},{"k":[21,0,0,3,0],"v":{"t":[0,0]}},{"k":[22,0,0,2,0],"v":{"t":[0,0]}},{"k":[23,0,0,1,0],"v":{"t":[0,0]}},{"k":[24,0,0,0,0],"v":{"t":[0,0]}},{"k":[16,0,0,7,0],"v":{"t":[0,0]}},{"k":[17,0,0,6,0],"v":{"t":[0,0]}},{"k":[18,0,0,5,0],"v":{"t":[0,0]}},{"k":[19,0,0,4,0],"v":{"t":[0,0]}},{"k":[20,0,0,3,0],"v":{"t":[0,0]}},{"k":[21,0,0,2,0],"v":{"t":[0,0]}},{"k":[22,0,0,1,0],"v":{"t":[0,0]}},{"k":[23,0,0,0,0],"v":{"t":[0,0]}},{"k":[16,0,0,2,0],"v":{"t":[0,0]}},{"k":[17,0,0,1,0],"v":{"t":[0,0]}},{"k":[18,0,0,0,0],"v":{"t":[0,0]}},{"k":[16,0,0,1,0],"v":{"t":[0,0]}},{"k":[17,0,0,0,0],"v":{"t":[0,0]}},{"k":[16,0,0,4,0],"v":{"t":[0,0]}},{"k":[17,0,0,3,0],"v":{"t":[0,0]}},{"k":[18,0,0,2,0],"v":{"t":[0,0]}},{"k":[19,0,0,1,0],"v":{"t":[0,0]}},{"k":[20,0,0,0,0],"v":{"t":[0,0]}},{"k":[16,0,0,3,0],"v":{"t":[0,0]}},{"k":[17,0,0,2,0],"v":{"t":[0,0]}},{"k":[18,0,0,1,0],"v":{"t":[0,0]}},{"k":[19,0,0,0,0],"v":{"t":[0,0]}}]},"moun":{"a":[],"o":[]},"objs":{"list":[{"k":[27,0,6.25,9,0],"v":{"events":[{"id":1,"name":"Hero action","p":[],"r":{"1":{"bh":true,"c":[{"command":[8,"Alaric",1,1,1,1,"Fogo? Alguém passou por aqui muito recentimente"],"kind":1}]}},"sys":false}],"hId":-1,"id":3,"name":"OBJ0003","ooepf":false,"states":[{"cam":true,"climb":false,"dir":false,"gid":64,"gk":4,"id":1,"move":true,"name":"Estado 1","pix":true,"pos":false,"stop":false,"sx":{"k":12,"v":1},"sy":{"k":12,"v":1},"sz":{"k":12,"v":1},"through":false,"x":3,"y":3}]}},{"k":[24,0,6.25,8,0],"v":{"events":[{"id":1,"name":"Hero action","p":[],"r":{"1":{"bh":true,"c":[{"command":[8,"Alaric",1,1,1,1,"Uma cabana vazia... Estranho.\n\n"],"kind":1}]}},"sys":false}],"hId":-1,"id":8,"name":"OBJ0006","ooepf":false,"states":[{"cam":true,"climb":false,"dir":false,"gid":-1,"gk":0,"id":1,"move":true,"name":"Estado 1","pix":true,"pos":false,"stop":false,"sx":{"k":12,"v":1},"sy":{"k":12,"v":1},"sz":{"k":12,"v":1},"through":false,"x":0,"y":0}]}},{"k":[24,0,6.25,10,0],"v":{"events":[{"id":1,"name":"Hero action","p":[],"r":{"1":{"bh":true,"c":[{"command":[8,"Alaric",1,1,1,1,"Uma cabana vazia... Estranho.\n\n"],"kind":1}]}},"sys":false}],"hId":-1,"id":7,"name":"OBJ0006","ooepf":false,"states":[{"cam":true,"climb":false,"dir":false,"gid":-1,"gk":0,"id":1,"move":true,"name":"Estado 1","pix":true,"pos":false,"stop":false,"sx":{"k":12,"v":1},"sy":{"k":12,"v":1},"sz":{"k":12,"v":1},"through":false,"x":0,"y":0}]}},{"k":[24,0,6.25,9,0],"v":{"events":[{"id":1,"name":"Hero action","p":[],"r":{"1":{"bh":true,"c":[{"command":[8,"Alaric",1,1,1,1,"Uma cabana vazia... Estranho.\n\n"],"kind":1}]}},"sys":false}],"hId":-1,"id":6,"name":"OBJ0006","ooepf":false,"states":[{"cam":true,"climb":false,"dir":false,"gid":-1,"gk":0,"id":1,"move":true,"name":"Estado 1","pix":true,"pos":false,"stop":false,"sx":{"k":12,"v":1},"sy":{"k":12,"v":1},"sz":{"k":12,"v":1},"through":false,"x":0,"y":0}]}}]},"objs3d":{"a":[{"k":[29,0,0,10,0,50,50,90],"v":{"did":15}},{"k":[22,0,0,8,0,50,50,90],"v":{"did":1}}],"o":[]},"sprites":{"list":[{"k":[16,0,0,6,0],"v":{"f":false,"k":4,"t":[6,9,2,3]}},{"k":[18,0,0,11,0],"v":{"k":4,"t":[6,9,2,3]}},{"k":[17,0,0,12,0],"v":{"k":4,"t":[6,9,2,3]}},{"k":[25,0,0,4,0],"v":{"f":false,"k":4,"t":[6,9,2,3]}},{"k":[26,0,0,3,0],"v":{"f":false,"k":4,"t":[6,9,2,3]}},{"k":[17,0,0,4,0],"v":{"f":false,"k":4,"t":[6,9,2,3]}},{"k":[18,0,0,3,0],"v":{"f":false,"k":4,"t":[6,9,2,3]}},{"k":[20,0,0,1,0],"v":{"f":false,"k":4,"t":[6,9,2,3]}},{"k":[21,0,0,3,0],"v":{"f":false,"k":4,"t":[6,9,2,3]}},{"k":[23,0,0,1,0],"v":{"f":false,"k":4,"t":[6,9,2,3]}},{"k":[27,0,0,4,0],"v":{"f":false,"k":4,"t":[6,9,2,3]}},{"k":[28,0,0,3,0],"v":{"f":false,"k":4,"t":[6,9,2,3]}},{"k":[30,0,0,1,0],"v":{"f":false,"k":4,"t":[6,9,2,3]}},{"k":[29,0,0,2,0],"v":{"k":4,"t":[6,9,2,3]}},{"k":[17,0,0,6,0],"v":{"f":false,"k":4,"t":[6,9,2,3]}},{"k":[18,0,0,5,0],"v":{"f":false,"k":4,"t":[6,9,2,3]}},{"k":[19,0,0,4,0],"v":{"f":false,"k":4,"t":[6,9,2,3]}},{"k":[20,0,0,3,0],"v":{"f":false,"k":4,"t":[6,9,2,3]}},{"k":[24,0,0,2,0],"v":{"k":4,"t":[6,9,2,3]}},{"k":[17,0,0,8,0],"v":{"k":4,"t":[6,9,2,3]}},{"k":[18,0,0,7,0],"v":{"k":4,"t":[6,9,2,3]}},{"k":[21,0,0,4,0],"v":{"f":false,"k":4,"t":[6,9,2,3]}},{"k":[22,0,0,3,0],"v":{"f":false,"k":4,"t":[6,9,2,3]}},{"k":[17,0,0,0,0],"v":{"f":false,"k":4,"t":[6,9,2,3]}},{"k":[27,0,0,1,0],"v":{"f":false,"k":4,"t":[6,9,2,3]}},{"k":[16,0,0,11,0],"v":{"k":4,"t":[6,9,2,3]}},{"k":[17,0,0,10,0],"v":{"k":4,"t":[6,9,2,3]}},{"k":[18,0,0,9,0],"v":{"k":4,"t":[6,9,2,3]}},{"k":[23,0,0,4,0],"v":{"f":false,"k":4,"t":[6,9,2,3]}},{"k":[24,0,0,3,0],"v":{"f":false,"k":4,"t":[6,9,2,3]}},{"k":[18,0,0,1,0],"v":{"f":false,"k":4,"t":[6,9,2,3]}},{"k":[31,0,0,6,0],"v":{"f":false,"k":4,"t":[6,9,2,3]}},{"k":[31,0,0,8,0],"v":{"f":false,"k":4,"t":[6,9,2,3]}},{"k":[29,0,0,4,0],"v":{"f":false,"k":4,"t":[6,9,2,3]}},{"k":[30,0,0,3,0],"v":{"f":false,"k":4,"t":[6,9,2,3]}},{"k":[31,0,0,4,0],"v":{"f":false,"k":4,"t":[6,9,2,3]}},{"k":[31,0,0,10,0],"v":{"f":false,"k":4,"t":[6,9,2,3]}},{"k":[31,0,0,12,0],"v":{"f":false,"k":4,"t":[6,9,2,3]}}],"overflow":[[32,0,0,9,0],[32,0,0,11,0],[32,0,0,5,0],[32,0,0,7,0]],"walls":[]}}