{"lands":{"autotiles":[{"k":[26,0,0,49,0],"v":{"id":4,"t":[0,0],"tid":425}},{"k":[25,0,0,49,0],"v":{"id":4,"t":[0,0],"tid":274}},{"k":[24,0,0,49,0],"v":{"id":4,"t":[0,0],"tid":570}},{"k":[25,0,0,48,0],"v":{"id":4,"t":[0,0],"tid":370}},{"k":[24,0,0,48,0],"v":{"id":4,"t":[0,0],"tid":584}}],"floors":[{"k":[31,0,0,48,0],"v":{"t":[0,0]}},{"k":[30,0,0,49,0],"v":{"t":[0,0]}},{"k":[30,0,0,48,0],"v":{"t":[0,0]}},{"k":[29,0,0,49,0],"v":{"t":[0,0]}},{"k":[29,0,0,48,0],"v":{"t":[0,0]}},{"k":[28,0,0,49,0],"v":{"t":[0,0]}},{"k":[28,0,0,48,0],"v":{"t":[0,0]}},{"k":[27,0,0,49,0],"v":{"t":[0,0]}},{"k":[27,0,0,48,0],"v":{"t":[0,0]}},{"k":[26,0,0,48,0],"v":{"t":[0,0]}},{"k":[16,0,0,48,0],"v":{"t":[0,0]}},{"k":[23,0,0,49,0],"v":{"t":[0,0]}},{"k":[23,0,0,48,0],"v":{"t":[0,0]}},{"k":[22,0,0,49,0],"v":{"t":[0,0]}},{"k":[22,0,0,48,0],"v":{"t":[0,0]}},{"k":[21,0,0,49,0],"v":{"t":[0,0]}},{"k":[21,0,0,48,0],"v":{"t":[0,0]}},{"k":[20,0,0,49,0],"v":{"t":[0,0]}},{"k":[20,0,0,48,0],"v":{"t":[0,0]}},{"k":[19,0,0,49,0],"v":{"t":[0,0]}},{"k":[19,0,0,48,0],"v":{"t":[0,0]}},{"k":[18,0,0,49,0],"v":{"t":[0,0]}},{"k":[18,0,0,48,0],"v":{"t":[0,0]}},{"k":[17,0,0,49,0],"v":{"t":[0,0]}},{"k":[17,0,0,48,0],"v":{"t":[0,0]}},{"k":[16,0,0,49,0],"v":{"t":[0,0]}},{"k":[31,0,0,49,0],"v":{"t":[0,0]}}]},"moun":{"a":[],"o":[]},"objs":{"list":[{"k":[26,0,0,49,0],"v":{"events":[{"id":1,"name":"Hero action","p":[],"r":{"1":{"bh":true,"c":[{"children":[{"command":[8,"Alaric",1,1,1,1,"Não posso ir até conseguir o rémedio.....\nEspero que aquele médico esteja certo."],"kind":1}],"command":[0,3,4,2,0,12,0],"kind":8},{"command":[],"kind":10},{"children":[{"command":[7,0,0,4,49,1,0,44,0,0,0],"kind":20}],"command":[0,3,4,2,0,12,1],"kind":8},{"command":[],"kind":10}]}},"sys":false}],"hId":-1,"id":9,"name":"OBJ0002","ooepf":false,"states":[{"cam":true,"climb":false,"dir":false,"gid":-1,"gk":0,"id":1,"move":true,"name":"Estado 1","pix":true,"pos":false,"stop":false,"sx":{"k":12,"v":1},"sy":{"k":12,"v":1},"sz":{"k":12,"v":1},"through":false,"x":0,"y":0}]}},{"k":[25,0,0,49,0],"v":{"events":[{"id":1,"name":"Hero action","p":[],"r":{"1":{"bh":true,"c":[{"children":[{"command":[8,"Alaric",1,1,1,1,"Não posso ir até conseguir o rémedio.....\nEspero que aquele médico esteja certo."],"kind":1}],"command":[0,3,4,2,0,12,0],"kind":8},{"command":[],"kind":10},{"children":[{"command":[7,0,0,4,49,1,0,44,0,0,0],"kind":20}],"command":[0,3,4,2,0,12,1],"kind":8},{"command":[],"kind":10}]}},"sys":false}],"hId":-1,"id":2,"name":"OBJ0002","ooepf":false,"states":[{"cam":true,"climb":false,"dir":false,"gid":-1,"gk":0,"id":1,"move":true,"name":"Estado 1","pix":true,"pos":false,"stop":false,"sx":{"k":12,"v":1},"sy":{"k":12,"v":1},"sz":{"k":12,"v":1},"through":false,"x":0,"y":0}]}},{"k":[24,0,0,49,0],"v":{"events":[{"id":1,"name":"Hero action","p":[],"r":{"1":{"bh":true,"c":[{"children":[{"command":[8,"Alaric",1,1,1,1,"Não posso ir até conseguir o rémedio.....\nEspero que aquele médico esteja certo."],"kind":1}],"command":[0,3,4,2,0,12,0],"kind":8},{"command":[],"kind":10},{"children":[{"command":[7,0,0,4,49,1,0,44,0,0,0],"kind":20}],"command":[0,3,4,2,0,12,1],"kind":8},{"command":[],"kind":10}]}},"sys":false}],"hId":-1,"id":5,"name":"OBJ0002","ooepf":false,"states":[{"cam":true,"climb":false,"dir":false,"gid":-1,"gk":0,"id":1,"move":true,"name":"Estado 1","pix":true,"pos":false,"stop":false,"sx":{"k":12,"v":1},"sy":{"k":12,"v":1},"sz":{"k":12,"v":1},"through":false,"x":0,"y":0}]}}]},"objs3d":{"a":[],"o":[]},"sprites":{"list":[{"k":[18,0,0,48,0],"v":{"f":false,"k":4,"t":[6,2,2,1]}}],"overflow":[],"walls":[]}}