{"lands":{"autotiles":[{"k":[24,0,0,16,0],"v":{"id":4,"t":[0,0],"tid":318}},{"k":[23,0,0,17,0],"v":{"id":4,"t":[0,0],"tid":318}},{"k":[22,0,0,18,0],"v":{"id":4,"t":[0,0],"tid":570}},{"k":[23,0,0,16,0],"v":{"id":4,"t":[0,0],"tid":318}},{"k":[22,0,0,17,0],"v":{"id":4,"t":[0,0],"tid":584}},{"k":[22,0,0,16,0],"v":{"id":4,"t":[0,0],"tid":584}},{"k":[24,0,0,24,0],"v":{"id":4,"t":[0,0],"tid":318}},{"k":[25,0,0,23,0],"v":{"id":4,"t":[0,0],"tid":370}},{"k":[23,0,0,25,0],"v":{"id":4,"t":[0,0],"tid":318}},{"k":[22,0,0,26,0],"v":{"id":4,"t":[0,0],"tid":570}},{"k":[25,0,0,22,0],"v":{"id":4,"t":[0,0],"tid":370}},{"k":[23,0,0,24,0],"v":{"id":4,"t":[0,0],"tid":62}},{"k":[24,0,0,23,0],"v":{"id":4,"t":[0,0],"tid":62}},{"k":[26,0,0,21,0],"v":{"id":4,"t":[0,0],"tid":372}},{"k":[22,0,0,25,0],"v":{"id":4,"t":[0,0],"tid":584}},{"k":[27,0,0,20,0],"v":{"id":4,"t":[0,0],"tid":372}},{"k":[23,0,0,23,0],"v":{"id":4,"t":[0,0],"tid":225}},{"k":[24,0,0,22,0],"v":{"id":4,"t":[0,0],"tid":584}},{"k":[25,0,0,21,0],"v":{"id":4,"t":[0,0],"tid":316}},{"k":[26,0,0,20,0],"v":{"id":4,"t":[0,0],"tid":316}},{"k":[22,0,0,24,0],"v":{"id":4,"t":[0,0],"tid":225}},{"k":[27,0,0,19,0],"v":{"id":4,"t":[0,0],"tid":423}},{"k":[24,0,0,21,0],"v":{"id":4,"t":[0,0],"tid":584}},{"k":[25,0,0,20,0],"v":{"id":4,"t":[0,0],"tid":318}},{"k":[26,0,0,19,0],"v":{"id":4,"t":[0,0],"tid":268}},{"k":[24,0,0,20,0],"v":{"id":4,"t":[0,0],"tid":584}},{"k":[25,0,0,19,0],"v":{"id":4,"t":[0,0],"tid":318}},{"k":[26,0,0,18,0],"v":{"id":4,"t":[0,0],"tid":423}},{"k":[24,0,0,19,0],"v":{"id":4,"t":[0,0],"tid":584}},{"k":[25,0,0,18,0],"v":{"id":4,"t":[0,0],"tid":268}},{"k":[24,0,0,18,0],"v":{"id":4,"t":[0,0],"tid":308}},{"k":[25,0,0,17,0],"v":{"id":4,"t":[0,0],"tid":370}},{"k":[26,0,0,16,0],"v":{"id":4,"t":[0,0],"tid":372}},{"k":[25,0,0,16,0],"v":{"id":4,"t":[0,0],"tid":316}},{"k":[24,0,0,17,0],"v":{"id":4,"t":[0,0],"tid":318}},{"k":[23,0,0,18,0],"v":{"id":4,"t":[0,0],"tid":324}},{"k":[25,0,0,31,0],"v":{"id":4,"t":[0,0],"tid":318}},{"k":[26,0,0,30,0],"v":{"id":4,"t":[0,0],"tid":268}},{"k":[24,0,0,31,0],"v":{"id":4,"t":[0,0],"tid":62}},{"k":[25,0,0,30,0],"v":{"id":4,"t":[0,0],"tid":318}},{"k":[26,0,0,29,0],"v":{"id":4,"t":[0,0],"tid":423}},{"k":[24,0,0,30,0],"v":{"id":4,"t":[0,0],"tid":584}},{"k":[25,0,0,29,0],"v":{"id":4,"t":[0,0],"tid":268}},{"k":[23,0,0,31,0],"v":{"id":4,"t":[0,0],"tid":225}},{"k":[24,0,0,29,0],"v":{"id":4,"t":[0,0],"tid":308}},{"k":[25,0,0,28,0],"v":{"id":4,"t":[0,0],"tid":370}},{"k":[25,0,0,27,0],"v":{"id":4,"t":[0,0],"tid":370}},{"k":[24,0,0,28,0],"v":{"id":4,"t":[0,0],"tid":318}},{"k":[23,0,0,29,0],"v":{"id":4,"t":[0,0],"tid":570}},{"k":[26,0,0,26,0],"v":{"id":4,"t":[0,0],"tid":372}},{"k":[24,0,0,27,0],"v":{"id":4,"t":[0,0],"tid":318}},{"k":[25,0,0,26,0],"v":{"id":4,"t":[0,0],"tid":316}},{"k":[23,0,0,28,0],"v":{"id":4,"t":[0,0],"tid":584}},{"k":[26,0,0,25,0],"v":{"id":4,"t":[0,0],"tid":423}},{"k":[24,0,0,26,0],"v":{"id":4,"t":[0,0],"tid":318}},{"k":[25,0,0,25,0],"v":{"id":4,"t":[0,0],"tid":268}},{"k":[23,0,0,27,0],"v":{"id":4,"t":[0,0],"tid":584}},{"k":[24,0,0,25,0],"v":{"id":4,"t":[0,0],"tid":318}},{"k":[25,0,0,24,0],"v":{"id":4,"t":[0,0],"tid":370}},{"k":[23,0,0,26,0],"v":{"id":4,"t":[0,0],"tid":308}},{"k":[27,0,0,31,0],"v":{"id":4,"t":[0,0],"tid":370}},{"k":[26,0,0,31,0],"v":{"id":4,"t":[0,0],"tid":318}},{"k":[27,0,0,30,0],"v":{"id":4,"t":[0,0],"tid":423}}],"floors":[{"k":[16,0,0,18,0],"v":{"t":[0,0]}},{"k":[17,0,0,17,0],"v":{"t":[0,0]}},{"k":[18,0,0,16,0],"v":{"t":[0,0]}},{"k":[16,0,0,17,0],"v":{"t":[0,0]}},{"k":[17,0,0,16,0],"v":{"t":[0,0]}},{"k":[29,0,0,19,0],"v":{"t":[0,0]}},{"k":[30,0,0,18,0],"v":{"t":[0,0]}},{"k":[31,0,0,17,0],"v":{"t":[0,0]}},{"k":[28,0,0,20,0],"v":{"t":[0,0]}},{"k":[27,0,0,21,0],"v":{"t":[0,0]}},{"k":[26,0,0,22,0],"v":{"t":[0,0]}},{"k":[21,0,0,27,0],"v":{"t":[0,0]}},{"k":[20,0,0,28,0],"v":{"t":[0,0]}},{"k":[19,0,0,29,0],"v":{"t":[0,0]}},{"k":[18,0,0,30,0],"v":{"t":[0,0]}},{"k":[17,0,0,31,0],"v":{"t":[0,0]}},{"k":[28,0,0,19,0],"v":{"t":[0,0]}},{"k":[29,0,0,18,0],"v":{"t":[0,0]}},{"k":[30,0,0,17,0],"v":{"t":[0,0]}},{"k":[31,0,0,16,0],"v":{"t":[0,0]}},{"k":[21,0,0,26,0],"v":{"t":[0,0]}},{"k":[20,0,0,27,0],"v":{"t":[0,0]}},{"k":[19,0,0,28,0],"v":{"t":[0,0]}},{"k":[18,0,0,29,0],"v":{"t":[0,0]}},{"k":[17,0,0,30,0],"v":{"t":[0,0]}},{"k":[16,0,0,31,0],"v":{"t":[0,0]}},{"k":[28,0,0,18,0],"v":{"t":[0,0]}},{"k":[29,0,0,17,0],"v":{"t":[0,0]}},{"k":[30,0,0,16,0],"v":{"t":[0,0]}},{"k":[21,0,0,25,0],"v":{"t":[0,0]}},{"k":[20,0,0,26,0],"v":{"t":[0,0]}},{"k":[19,0,0,27,0],"v":{"t":[0,0]}},{"k":[18,0,0,28,0],"v":{"t":[0,0]}},{"k":[17,0,0,29,0],"v":{"t":[0,0]}},{"k":[16,0,0,30,0],"v":{"t":[0,0]}},{"k":[27,0,0,18,0],"v":{"t":[0,0]}},{"k":[28,0,0,17,0],"v":{"t":[0,0]}},{"k":[29,0,0,16,0],"v":{"t":[0,0]}},{"k":[23,0,0,22,0],"v":{"t":[0,0]}},{"k":[22,0,0,23,0],"v":{"t":[0,0]}},{"k":[21,0,0,24,0],"v":{"t":[0,0]}},{"k":[20,0,0,25,0],"v":{"t":[0,0]}},{"k":[19,0,0,26,0],"v":{"t":[0,0]}},{"k":[18,0,0,27,0],"v":{"t":[0,0]}},{"k":[17,0,0,28,0],"v":{"t":[0,0]}},{"k":[16,0,0,29,0],"v":{"t":[0,0]}},{"k":[27,0,0,17,0],"v":{"t":[0,0]}},{"k":[28,0,0,16,0],"v":{"t":[0,0]}},{"k":[23,0,0,21,0],"v":{"t":[0,0]}},{"k":[22,0,0,22,0],"v":{"t":[0,0]}},{"k":[21,0,0,23,0],"v":{"t":[0,0]}},{"k":[20,0,0,24,0],"v":{"t":[0,0]}},{"k":[19,0,0,25,0],"v":{"t":[0,0]}},{"k":[18,0,0,26,0],"v":{"t":[0,0]}},{"k":[17,0,0,27,0],"v":{"t":[0,0]}},{"k":[16,0,0,28,0],"v":{"t":[0,0]}},{"k":[26,0,0,17,0],"v":{"t":[0,0]}},{"k":[27,0,0,16,0],"v":{"t":[0,0]}},{"k":[23,0,0,20,0],"v":{"t":[0,0]}},{"k":[21,0,0,22,0],"v":{"t":[0,0]}},{"k":[20,0,0,23,0],"v":{"t":[0,0]}},{"k":[19,0,0,24,0],"v":{"t":[0,0]}},{"k":[18,0,0,25,0],"v":{"t":[0,0]}},{"k":[17,0,0,26,0],"v":{"t":[0,0]}},{"k":[16,0,0,27,0],"v":{"t":[0,0]}},{"k":[22,0,0,21,0],"v":{"t":[0,0]}},{"k":[23,0,0,19,0],"v":{"t":[0,0]}},{"k":[22,0,0,20,0],"v":{"t":[0,0]}},{"k":[21,0,0,21,0],"v":{"t":[0,0]}},{"k":[20,0,0,22,0],"v":{"t":[0,0]}},{"k":[19,0,0,23,0],"v":{"t":[0,0]}},{"k":[18,0,0,24,0],"v":{"t":[0,0]}},{"k":[17,0,0,25,0],"v":{"t":[0,0]}},{"k":[16,0,0,26,0],"v":{"t":[0,0]}},{"k":[22,0,0,19,0],"v":{"t":[0,0]}},{"k":[21,0,0,20,0],"v":{"t":[0,0]}},{"k":[20,0,0,21,0],"v":{"t":[0,0]}},{"k":[19,0,0,22,0],"v":{"t":[0,0]}},{"k":[18,0,0,23,0],"v":{"t":[0,0]}},{"k":[17,0,0,24,0],"v":{"t":[0,0]}},{"k":[16,0,0,25,0],"v":{"t":[0,0]}},{"k":[31,0,0,25,0],"v":{"t":[0,0]}},{"k":[30,0,0,26,0],"v":{"t":[0,0]}},{"k":[29,0,0,27,0],"v":{"t":[0,0]}},{"k":[28,0,0,28,0],"v":{"t":[0,0]}},{"k":[27,0,0,29,0],"v":{"t":[0,0]}},{"k":[31,0,0,24,0],"v":{"t":[0,0]}},{"k":[30,0,0,25,0],"v":{"t":[0,0]}},{"k":[29,0,0,26,0],"v":{"t":[0,0]}},{"k":[28,0,0,27,0],"v":{"t":[0,0]}},{"k":[27,0,0,28,0],"v":{"t":[0,0]}},{"k":[31,0,0,23,0],"v":{"t":[0,0]}},{"k":[30,0,0,24,0],"v":{"t":[0,0]}},{"k":[29,0,0,25,0],"v":{"t":[0,0]}},{"k":[28,0,0,26,0],"v":{"t":[0,0]}},{"k":[27,0,0,27,0],"v":{"t":[0,0]}},{"k":[26,0,0,28,0],"v":{"t":[0,0]}},{"k":[31,0,0,22,0],"v":{"t":[0,0]}},{"k":[30,0,0,23,0],"v":{"t":[0,0]}},{"k":[29,0,0,24,0],"v":{"t":[0,0]}},{"k":[28,0,0,25,0],"v":{"t":[0,0]}},{"k":[27,0,0,26,0],"v":{"t":[0,0]}},{"k":[26,0,0,27,0],"v":{"t":[0,0]}},{"k":[23,0,0,30,0],"v":{"t":[0,0]}},{"k":[22,0,0,31,0],"v":{"t":[0,0]}},{"k":[31,0,0,21,0],"v":{"t":[0,0]}},{"k":[30,0,0,22,0],"v":{"t":[0,0]}},{"k":[29,0,0,23,0],"v":{"t":[0,0]}},{"k":[28,0,0,24,0],"v":{"t":[0,0]}},{"k":[27,0,0,25,0],"v":{"t":[0,0]}},{"k":[22,0,0,30,0],"v":{"t":[0,0]}},{"k":[21,0,0,31,0],"v":{"t":[0,0]}},{"k":[31,0,0,20,0],"v":{"t":[0,0]}},{"k":[30,0,0,21,0],"v":{"t":[0,0]}},{"k":[29,0,0,22,0],"v":{"t":[0,0]}},{"k":[28,0,0,23,0],"v":{"t":[0,0]}},{"k":[27,0,0,24,0],"v":{"t":[0,0]}},{"k":[22,0,0,29,0],"v":{"t":[0,0]}},{"k":[21,0,0,30,0],"v":{"t":[0,0]}},{"k":[20,0,0,31,0],"v":{"t":[0,0]}},{"k":[31,0,0,19,0],"v":{"t":[0,0]}},{"k":[30,0,0,20,0],"v":{"t":[0,0]}},{"k":[29,0,0,21,0],"v":{"t":[0,0]}},{"k":[28,0,0,22,0],"v":{"t":[0,0]}},{"k":[27,0,0,23,0],"v":{"t":[0,0]}},{"k":[26,0,0,24,0],"v":{"t":[0,0]}},{"k":[22,0,0,28,0],"v":{"t":[0,0]}},{"k":[21,0,0,29,0],"v":{"t":[0,0]}},{"k":[20,0,0,30,0],"v":{"t":[0,0]}},{"k":[19,0,0,31,0],"v":{"t":[0,0]}},{"k":[30,0,0,19,0],"v":{"t":[0,0]}},{"k":[31,0,0,18,0],"v":{"t":[0,0]}},{"k":[29,0,0,20,0],"v":{"t":[0,0]}},{"k":[28,0,0,21,0],"v":{"t":[0,0]}},{"k":[27,0,0,22,0],"v":{"t":[0,0]}},{"k":[26,0,0,23,0],"v":{"t":[0,0]}},{"k":[22,0,0,27,0],"v":{"t":[0,0]}},{"k":[21,0,0,28,0],"v":{"t":[0,0]}},{"k":[20,0,0,29,0],"v":{"t":[0,0]}},{"k":[19,0,0,30,0],"v":{"t":[0,0]}},{"k":[18,0,0,31,0],"v":{"t":[0,0]}},{"k":[31,0,0,31,0],"v":{"t":[0,0]}},{"k":[31,0,0,30,0],"v":{"t":[0,0]}},{"k":[30,0,0,31,0],"v":{"t":[0,0]}},{"k":[31,0,0,29,0],"v":{"t":[0,0]}},{"k":[30,0,0,30,0],"v":{"t":[0,0]}},{"k":[29,0,0,31,0],"v":{"t":[0,0]}},{"k":[31,0,0,28,0],"v":{"t":[0,0]}},{"k":[30,0,0,29,0],"v":{"t":[0,0]}},{"k":[29,0,0,30,0],"v":{"t":[0,0]}},{"k":[28,0,0,31,0],"v":{"t":[0,0]}},{"k":[31,0,0,27,0],"v":{"t":[0,0]}},{"k":[30,0,0,28,0],"v":{"t":[0,0]}},{"k":[29,0,0,29,0],"v":{"t":[0,0]}},{"k":[28,0,0,30,0],"v":{"t":[0,0]}},{"k":[31,0,0,26,0],"v":{"t":[0,0]}},{"k":[30,0,0,27,0],"v":{"t":[0,0]}},{"k":[29,0,0,28,0],"v":{"t":[0,0]}},{"k":[28,0,0,29,0],"v":{"t":[0,0]}},{"k":[16,0,0,16,0],"v":{"t":[0,0]}},{"k":[21,0,0,19,0],"v":{"t":[0,0]}},{"k":[20,0,0,20,0],"v":{"t":[0,0]}},{"k":[19,0,0,21,0],"v":{"t":[0,0]}},{"k":[18,0,0,22,0],"v":{"t":[0,0]}},{"k":[17,0,0,23,0],"v":{"t":[0,0]}},{"k":[16,0,0,24,0],"v":{"t":[0,0]}},{"k":[20,0,0,19,0],"v":{"t":[0,0]}},{"k":[21,0,0,18,0],"v":{"t":[0,0]}},{"k":[19,0,0,20,0],"v":{"t":[0,0]}},{"k":[18,0,0,21,0],"v":{"t":[0,0]}},{"k":[17,0,0,22,0],"v":{"t":[0,0]}},{"k":[16,0,0,23,0],"v":{"t":[0,0]}},{"k":[19,0,0,19,0],"v":{"t":[0,0]}},{"k":[20,0,0,18,0],"v":{"t":[0,0]}},{"k":[21,0,0,17,0],"v":{"t":[0,0]}},{"k":[18,0,0,20,0],"v":{"t":[0,0]}},{"k":[17,0,0,21,0],"v":{"t":[0,0]}},{"k":[16,0,0,22,0],"v":{"t":[0,0]}},{"k":[18,0,0,19,0],"v":{"t":[0,0]}},{"k":[19,0,0,18,0],"v":{"t":[0,0]}},{"k":[20,0,0,17,0],"v":{"t":[0,0]}},{"k":[21,0,0,16,0],"v":{"t":[0,0]}},{"k":[17,0,0,20,0],"v":{"t":[0,0]}},{"k":[16,0,0,21,0],"v":{"t":[0,0]}},{"k":[17,0,0,19,0],"v":{"t":[0,0]}},{"k":[18,0,0,18,0],"v":{"t":[0,0]}},{"k":[19,0,0,17,0],"v":{"t":[0,0]}},{"k":[20,0,0,16,0],"v":{"t":[0,0]}},{"k":[16,0,0,20,0],"v":{"t":[0,0]}},{"k":[16,0,0,19,0],"v":{"t":[0,0]}},{"k":[17,0,0,18,0],"v":{"t":[0,0]}},{"k":[18,0,0,17,0],"v":{"t":[0,0]}},{"k":[19,0,0,16,0],"v":{"t":[0,0]}}]},"moun":{"a":[],"o":[]},"objs":{"list":[{"k":[22,0,0,21,0],"v":{"events":[{"id":1,"name":"Hero action","p":[],"r":{"1":{"bh":true,"c":[{"command":[7,1,1,7,10,0,4,1,0],"kind":52},{"command":[8,"",-1,0,0,1,"Você pegou o machado que estava preso no tronco."],"kind":1},{"command":[7,-1],"kind":41}]}},"sys":false}],"hId":-1,"id":1,"name":"OBJ0001","ooepf":false,"states":[{"cam":true,"climb":false,"dir":false,"gid":0,"gk":4,"id":1,"move":true,"name":"Estado 1","pix":true,"pos":false,"rt":[4,7,1,2],"stop":false,"sx":{"k":12,"v":1},"sy":{"k":12,"v":1},"sz":{"k":12,"v":1},"through":false}]}}]},"objs3d":{"a":[],"o":[]},"sprites":{"list":[{"k":[29,0,0,23,0],"v":{"k":4,"t":[2,1,2,2]}},{"k":[30,0,0,20,0],"v":{"k":4,"t":[2,1,2,2]}},{"k":[18,0,0,17,0],"v":{"k":4,"t":[2,1,2,2]}},{"k":[29,0,0,20,0],"v":{"k":4,"t":[2,1,2,2]}},{"k":[31,0,0,18,0],"v":{"f":false,"k":4,"t":[5,5,1,1]}},{"k":[17,0,0,31,0],"v":{"k":4,"t":[6,2,2,1]}},{"k":[16,0,0,31,0],"v":{"f":false,"k":4,"t":[2,1,2,2]}},{"k":[19,0,0,27,0],"v":{"k":4,"t":[2,1,2,2]}},{"k":[19,0,0,26,0],"v":{"k":4,"t":[2,1,2,2]}},{"k":[30,0,0,30,0],"v":{"f":false,"k":4,"t":[5,5,1,1]}},{"k":[31,0,0,26,0],"v":{"k":4,"t":[6,2,2,1]}},{"k":[19,0,0,22,0],"v":{"k":4,"t":[2,1,2,2]}}],"overflow":[[32,0,0,29,0]],"walls":[]}}