{"lands":{"autotiles":[{"k":[24,0,0,32,0],"v":{"id":4,"t":[0,0],"tid":308}},{"k":[23,0,0,32,0],"v":{"id":4,"t":[0,0],"tid":570}},{"k":[24,0,0,38,0],"v":{"id":4,"t":[0,0],"tid":318}},{"k":[25,0,0,37,0],"v":{"id":4,"t":[0,0],"tid":370}},{"k":[23,0,0,39,0],"v":{"id":4,"t":[0,0],"tid":308}},{"k":[26,0,0,36,0],"v":{"id":4,"t":[0,0],"tid":372}},{"k":[24,0,0,37,0],"v":{"id":4,"t":[0,0],"tid":318}},{"k":[23,0,0,38,0],"v":{"id":4,"t":[0,0],"tid":318}},{"k":[22,0,0,39,0],"v":{"id":4,"t":[0,0],"tid":570}},{"k":[26,0,0,35,0],"v":{"id":4,"t":[0,0],"tid":423}},{"k":[25,0,0,36,0],"v":{"id":4,"t":[0,0],"tid":316}},{"k":[25,0,0,39,0],"v":{"id":4,"t":[0,0],"tid":316}},{"k":[24,0,0,40,0],"v":{"id":4,"t":[0,0],"tid":308}},{"k":[26,0,0,38,0],"v":{"id":4,"t":[0,0],"tid":423}},{"k":[25,0,0,38,0],"v":{"id":4,"t":[0,0],"tid":268}},{"k":[24,0,0,39,0],"v":{"id":4,"t":[0,0],"tid":318}},{"k":[23,0,0,40,0],"v":{"id":4,"t":[0,0],"tid":570}},{"k":[24,0,0,34,0],"v":{"id":4,"t":[0,0],"tid":584}},{"k":[25,0,0,33,0],"v":{"id":4,"t":[0,0],"tid":316}},{"k":[26,0,0,32,0],"v":{"id":4,"t":[0,0],"tid":316}},{"k":[24,0,0,33,0],"v":{"id":4,"t":[0,0],"tid":584}},{"k":[25,0,0,32,0],"v":{"id":4,"t":[0,0],"tid":318}},{"k":[23,0,0,37,0],"v":{"id":4,"t":[0,0],"tid":62}},{"k":[24,0,0,36,0],"v":{"id":4,"t":[0,0],"tid":62}},{"k":[25,0,0,35,0],"v":{"id":4,"t":[0,0],"tid":268}},{"k":[22,0,0,38,0],"v":{"id":4,"t":[0,0],"tid":584}},{"k":[23,0,0,36,0],"v":{"id":4,"t":[0,0],"tid":225}},{"k":[24,0,0,35,0],"v":{"id":4,"t":[0,0],"tid":584}},{"k":[25,0,0,34,0],"v":{"id":4,"t":[0,0],"tid":370}},{"k":[26,0,0,33,0],"v":{"id":4,"t":[0,0],"tid":372}},{"k":[27,0,0,32,0],"v":{"id":4,"t":[0,0],"tid":372}},{"k":[22,0,0,37,0],"v":{"id":4,"t":[0,0],"tid":225}},{"k":[24,0,0,46,0],"v":{"id":4,"t":[0,0],"tid":584}},{"k":[27,0,0,43,0],"v":{"id":4,"t":[0,0],"tid":370}},{"k":[26,0,0,44,0],"v":{"id":4,"t":[0,0],"tid":318}},{"k":[25,0,0,45,0],"v":{"id":4,"t":[0,0],"tid":318}},{"k":[28,0,0,42,0],"v":{"id":4,"t":[0,0],"tid":425}},{"k":[23,0,0,47,0],"v":{"id":4,"t":[0,0],"tid":211}},{"k":[27,0,0,42,0],"v":{"id":4,"t":[0,0],"tid":469}},{"k":[26,0,0,43,0],"v":{"id":4,"t":[0,0],"tid":318}},{"k":[25,0,0,44,0],"v":{"id":4,"t":[0,0],"tid":62}},{"k":[24,0,0,45,0],"v":{"id":4,"t":[0,0],"tid":584}},{"k":[25,0,0,47,0],"v":{"id":4,"t":[0,0],"tid":316}},{"k":[26,0,0,46,0],"v":{"id":4,"t":[0,0],"tid":316}},{"k":[27,0,0,45,0],"v":{"id":4,"t":[0,0],"tid":266}},{"k":[24,0,0,47,0],"v":{"id":4,"t":[0,0],"tid":52}},{"k":[25,0,0,46,0],"v":{"id":4,"t":[0,0],"tid":318}},{"k":[27,0,0,44,0],"v":{"id":4,"t":[0,0],"tid":370}},{"k":[26,0,0,45,0],"v":{"id":4,"t":[0,0],"tid":318}},{"k":[24,0,0,42,0],"v":{"id":4,"t":[0,0],"tid":570}},{"k":[25,0,0,41,0],"v":{"id":4,"t":[0,0],"tid":268}},{"k":[24,0,0,41,0],"v":{"id":4,"t":[0,0],"tid":584}},{"k":[25,0,0,40,0],"v":{"id":4,"t":[0,0],"tid":370}},{"k":[26,0,0,39,0],"v":{"id":4,"t":[0,0],"tid":372}},{"k":[26,0,0,42,0],"v":{"id":4,"t":[0,0],"tid":268}},{"k":[25,0,0,43,0],"v":{"id":4,"t":[0,0],"tid":584}},{"k":[24,0,0,44,0],"v":{"id":4,"t":[0,0],"tid":225}},{"k":[25,0,0,42,0],"v":{"id":4,"t":[0,0],"tid":308}},{"k":[26,0,0,41,0],"v":{"id":4,"t":[0,0],"tid":423}},{"k":[29,0,0,45,0],"v":{"id":4,"t":[0,0],"tid":425}},{"k":[26,0,0,47,0],"v":{"id":4,"t":[0,0],"tid":372}},{"k":[27,0,0,46,0],"v":{"id":4,"t":[0,0],"tid":372}},{"k":[28,0,0,45,0],"v":{"id":4,"t":[0,0],"tid":477}}],"floors":[{"k":[30,0,0,32,0],"v":{"t":[0,0]}},{"k":[29,0,0,33,0],"v":{"t":[0,0]}},{"k":[28,0,0,34,0],"v":{"t":[0,0]}},{"k":[27,0,0,35,0],"v":{"t":[0,0]}},{"k":[22,0,0,40,0],"v":{"t":[0,0]}},{"k":[21,0,0,41,0],"v":{"t":[0,0]}},{"k":[20,0,0,42,0],"v":{"t":[0,0]}},{"k":[19,0,0,43,0],"v":{"t":[0,0]}},{"k":[18,0,0,44,0],"v":{"t":[0,0]}},{"k":[17,0,0,45,0],"v":{"t":[0,0]}},{"k":[16,0,0,46,0],"v":{"t":[0,0]}},{"k":[29,0,0,32,0],"v":{"t":[0,0]}},{"k":[28,0,0,33,0],"v":{"t":[0,0]}},{"k":[27,0,0,34,0],"v":{"t":[0,0]}},{"k":[21,0,0,40,0],"v":{"t":[0,0]}},{"k":[20,0,0,41,0],"v":{"t":[0,0]}},{"k":[19,0,0,42,0],"v":{"t":[0,0]}},{"k":[18,0,0,43,0],"v":{"t":[0,0]}},{"k":[17,0,0,44,0],"v":{"t":[0,0]}},{"k":[16,0,0,45,0],"v":{"t":[0,0]}},{"k":[31,0,0,33,0],"v":{"t":[0,0]}},{"k":[30,0,0,34,0],"v":{"t":[0,0]}},{"k":[29,0,0,35,0],"v":{"t":[0,0]}},{"k":[28,0,0,36,0],"v":{"t":[0,0]}},{"k":[27,0,0,37,0],"v":{"t":[0,0]}},{"k":[23,0,0,41,0],"v":{"t":[0,0]}},{"k":[22,0,0,42,0],"v":{"t":[0,0]}},{"k":[21,0,0,43,0],"v":{"t":[0,0]}},{"k":[20,0,0,44,0],"v":{"t":[0,0]}},{"k":[19,0,0,45,0],"v":{"t":[0,0]}},{"k":[18,0,0,46,0],"v":{"t":[0,0]}},{"k":[17,0,0,47,0],"v":{"t":[0,0]}},{"k":[31,0,0,32,0],"v":{"t":[0,0]}},{"k":[30,0,0,33,0],"v":{"t":[0,0]}},{"k":[29,0,0,34,0],"v":{"t":[0,0]}},{"k":[28,0,0,35,0],"v":{"t":[0,0]}},{"k":[27,0,0,36,0],"v":{"t":[0,0]}},{"k":[26,0,0,37,0],"v":{"t":[0,0]}},{"k":[22,0,0,41,0],"v":{"t":[0,0]}},{"k":[21,0,0,42,0],"v":{"t":[0,0]}},{"k":[20,0,0,43,0],"v":{"t":[0,0]}},{"k":[19,0,0,44,0],"v":{"t":[0,0]}},{"k":[18,0,0,45,0],"v":{"t":[0,0]}},{"k":[17,0,0,46,0],"v":{"t":[0,0]}},{"k":[16,0,0,47,0],"v":{"t":[0,0]}},{"k":[23,0,0,35,0],"v":{"t":[0,0]}},{"k":[22,0,0,36,0],"v":{"t":[0,0]}},{"k":[21,0,0,37,0],"v":{"t":[0,0]}},{"k":[20,0,0,38,0],"v":{"t":[0,0]}},{"k":[19,0,0,39,0],"v":{"t":[0,0]}},{"k":[18,0,0,40,0],"v":{"t":[0,0]}},{"k":[17,0,0,41,0],"v":{"t":[0,0]}},{"k":[16,0,0,42,0],"v":{"t":[0,0]}},{"k":[23,0,0,34,0],"v":{"t":[0,0]}},{"k":[22,0,0,35,0],"v":{"t":[0,0]}},{"k":[21,0,0,36,0],"v":{"t":[0,0]}},{"k":[20,0,0,37,0],"v":{"t":[0,0]}},{"k":[19,0,0,38,0],"v":{"t":[0,0]}},{"k":[18,0,0,39,0],"v":{"t":[0,0]}},{"k":[17,0,0,40,0],"v":{"t":[0,0]}},{"k":[16,0,0,41,0],"v":{"t":[0,0]}},{"k":[28,0,0,32,0],"v":{"t":[0,0]}},{"k":[27,0,0,33,0],"v":{"t":[0,0]}},{"k":[26,0,0,34,0],"v":{"t":[0,0]}},{"k":[21,0,0,39,0],"v":{"t":[0,0]}},{"k":[20,0,0,40,0],"v":{"t":[0,0]}},{"k":[19,0,0,41,0],"v":{"t":[0,0]}},{"k":[18,0,0,42,0],"v":{"t":[0,0]}},{"k":[17,0,0,43,0],"v":{"t":[0,0]}},{"k":[16,0,0,44,0],"v":{"t":[0,0]}},{"k":[21,0,0,38,0],"v":{"t":[0,0]}},{"k":[20,0,0,39,0],"v":{"t":[0,0]}},{"k":[19,0,0,40,0],"v":{"t":[0,0]}},{"k":[18,0,0,41,0],"v":{"t":[0,0]}},{"k":[17,0,0,42,0],"v":{"t":[0,0]}},{"k":[16,0,0,43,0],"v":{"t":[0,0]}},{"k":[31,0,0,39,0],"v":{"t":[0,0]}},{"k":[30,0,0,40,0],"v":{"t":[0,0]}},{"k":[29,0,0,41,0],"v":{"t":[0,0]}},{"k":[31,0,0,38,0],"v":{"t":[0,0]}},{"k":[30,0,0,39,0],"v":{"t":[0,0]}},{"k":[29,0,0,40,0],"v":{"t":[0,0]}},{"k":[28,0,0,41,0],"v":{"t":[0,0]}},{"k":[23,0,0,46,0],"v":{"t":[0,0]}},{"k":[22,0,0,47,0],"v":{"t":[0,0]}},{"k":[31,0,0,41,0],"v":{"t":[0,0]}},{"k":[30,0,0,42,0],"v":{"t":[0,0]}},{"k":[29,0,0,43,0],"v":{"t":[0,0]}},{"k":[28,0,0,44,0],"v":{"t":[0,0]}},{"k":[31,0,0,40,0],"v":{"t":[0,0]}},{"k":[30,0,0,41,0],"v":{"t":[0,0]}},{"k":[29,0,0,42,0],"v":{"t":[0,0]}},{"k":[28,0,0,43,0],"v":{"t":[0,0]}},{"k":[31,0,0,35,0],"v":{"t":[0,0]}},{"k":[30,0,0,36,0],"v":{"t":[0,0]}},{"k":[29,0,0,37,0],"v":{"t":[0,0]}},{"k":[28,0,0,38,0],"v":{"t":[0,0]}},{"k":[27,0,0,39,0],"v":{"t":[0,0]}},{"k":[26,0,0,40,0],"v":{"t":[0,0]}},{"k":[23,0,0,43,0],"v":{"t":[0,0]}},{"k":[22,0,0,44,0],"v":{"t":[0,0]}},{"k":[21,0,0,45,0],"v":{"t":[0,0]}},{"k":[20,0,0,46,0],"v":{"t":[0,0]}},{"k":[19,0,0,47,0],"v":{"t":[0,0]}},{"k":[31,0,0,34,0],"v":{"t":[0,0]}},{"k":[30,0,0,35,0],"v":{"t":[0,0]}},{"k":[29,0,0,36,0],"v":{"t":[0,0]}},{"k":[28,0,0,37,0],"v":{"t":[0,0]}},{"k":[27,0,0,38,0],"v":{"t":[0,0]}},{"k":[23,0,0,42,0],"v":{"t":[0,0]}},{"k":[22,0,0,43,0],"v":{"t":[0,0]}},{"k":[21,0,0,44,0],"v":{"t":[0,0]}},{"k":[20,0,0,45,0],"v":{"t":[0,0]}},{"k":[19,0,0,46,0],"v":{"t":[0,0]}},{"k":[18,0,0,47,0],"v":{"t":[0,0]}},{"k":[31,0,0,37,0],"v":{"t":[0,0]}},{"k":[30,0,0,38,0],"v":{"t":[0,0]}},{"k":[29,0,0,39,0],"v":{"t":[0,0]}},{"k":[28,0,0,40,0],"v":{"t":[0,0]}},{"k":[27,0,0,41,0],"v":{"t":[0,0]}},{"k":[23,0,0,45,0],"v":{"t":[0,0]}},{"k":[22,0,0,46,0],"v":{"t":[0,0]}},{"k":[21,0,0,47,0],"v":{"t":[0,0]}},{"k":[31,0,0,36,0],"v":{"t":[0,0]}},{"k":[30,0,0,37,0],"v":{"t":[0,0]}},{"k":[29,0,0,38,0],"v":{"t":[0,0]}},{"k":[28,0,0,39,0],"v":{"t":[0,0]}},{"k":[27,0,0,40,0],"v":{"t":[0,0]}},{"k":[23,0,0,44,0],"v":{"t":[0,0]}},{"k":[22,0,0,45,0],"v":{"t":[0,0]}},{"k":[21,0,0,46,0],"v":{"t":[0,0]}},{"k":[20,0,0,47,0],"v":{"t":[0,0]}},{"k":[24,0,0,43,0],"v":{"t":[0,0]}},{"k":[31,0,0,47,0],"v":{"t":[0,0]}},{"k":[31,0,0,46,0],"v":{"t":[0,0]}},{"k":[30,0,0,47,0],"v":{"t":[0,0]}},{"k":[31,0,0,43,0],"v":{"t":[0,0]}},{"k":[30,0,0,44,0],"v":{"t":[0,0]}},{"k":[28,0,0,46,0],"v":{"t":[0,0]}},{"k":[27,0,0,47,0],"v":{"t":[0,0]}},{"k":[31,0,0,42,0],"v":{"t":[0,0]}},{"k":[30,0,0,43,0],"v":{"t":[0,0]}},{"k":[29,0,0,44,0],"v":{"t":[0,0]}},{"k":[31,0,0,45,0],"v":{"t":[0,0]}},{"k":[30,0,0,46,0],"v":{"t":[0,0]}},{"k":[29,0,0,47,0],"v":{"t":[0,0]}},{"k":[31,0,0,44,0],"v":{"t":[0,0]}},{"k":[30,0,0,45,0],"v":{"t":[0,0]}},{"k":[29,0,0,46,0],"v":{"t":[0,0]}},{"k":[28,0,0,47,0],"v":{"t":[0,0]}},{"k":[16,0,0,32,0],"v":{"t":[0,0]}},{"k":[22,0,0,32,0],"v":{"t":[0,0]}},{"k":[21,0,0,33,0],"v":{"t":[0,0]}},{"k":[20,0,0,34,0],"v":{"t":[0,0]}},{"k":[19,0,0,35,0],"v":{"t":[0,0]}},{"k":[18,0,0,36,0],"v":{"t":[0,0]}},{"k":[17,0,0,37,0],"v":{"t":[0,0]}},{"k":[16,0,0,38,0],"v":{"t":[0,0]}},{"k":[21,0,0,32,0],"v":{"t":[0,0]}},{"k":[20,0,0,33,0],"v":{"t":[0,0]}},{"k":[19,0,0,34,0],"v":{"t":[0,0]}},{"k":[18,0,0,35,0],"v":{"t":[0,0]}},{"k":[17,0,0,36,0],"v":{"t":[0,0]}},{"k":[16,0,0,37,0],"v":{"t":[0,0]}},{"k":[22,0,0,34,0],"v":{"t":[0,0]}},{"k":[21,0,0,35,0],"v":{"t":[0,0]}},{"k":[20,0,0,36,0],"v":{"t":[0,0]}},{"k":[19,0,0,37,0],"v":{"t":[0,0]}},{"k":[18,0,0,38,0],"v":{"t":[0,0]}},{"k":[17,0,0,39,0],"v":{"t":[0,0]}},{"k":[16,0,0,40,0],"v":{"t":[0,0]}},{"k":[23,0,0,33,0],"v":{"t":[0,0]}},{"k":[22,0,0,33,0],"v":{"t":[0,0]}},{"k":[21,0,0,34,0],"v":{"t":[0,0]}},{"k":[20,0,0,35,0],"v":{"t":[0,0]}},{"k":[19,0,0,36,0],"v":{"t":[0,0]}},{"k":[18,0,0,37,0],"v":{"t":[0,0]}},{"k":[17,0,0,38,0],"v":{"t":[0,0]}},{"k":[16,0,0,39,0],"v":{"t":[0,0]}},{"k":[18,0,0,32,0],"v":{"t":[0,0]}},{"k":[17,0,0,33,0],"v":{"t":[0,0]}},{"k":[16,0,0,34,0],"v":{"t":[0,0]}},{"k":[17,0,0,32,0],"v":{"t":[0,0]}},{"k":[16,0,0,33,0],"v":{"t":[0,0]}},{"k":[20,0,0,32,0],"v":{"t":[0,0]}},{"k":[19,0,0,33,0],"v":{"t":[0,0]}},{"k":[18,0,0,34,0],"v":{"t":[0,0]}},{"k":[17,0,0,35,0],"v":{"t":[0,0]}},{"k":[16,0,0,36,0],"v":{"t":[0,0]}},{"k":[19,0,0,32,0],"v":{"t":[0,0]}},{"k":[18,0,0,33,0],"v":{"t":[0,0]}},{"k":[17,0,0,34,0],"v":{"t":[0,0]}},{"k":[16,0,0,35,0],"v":{"t":[0,0]}}]},"moun":{"a":[],"o":[]},"objs":{"list":[]},"objs3d":{"a":[],"o":[]},"sprites":{"list":[{"k":[22,0,0,45,0],"v":{"f":false,"k":4,"t":[2,1,2,2]}},{"k":[30,0,0,37,0],"v":{"f":false,"k":4,"t":[2,1,2,2]}},{"k":[28,0,0,39,0],"v":{"f":false,"k":4,"t":[5,5,1,1]}},{"k":[31,0,0,47,0],"v":{"f":false,"k":4,"t":[2,1,2,2]}},{"k":[28,0,0,34,0],"v":{"f":false,"k":4,"t":[2,1,2,2]}},{"k":[18,0,0,43,0],"v":{"f":false,"k":4,"t":[2,1,2,2]}},{"k":[31,0,0,42,0],"v":{"f":false,"k":4,"t":[2,1,2,2]}},{"k":[19,0,0,39,0],"v":{"f":false,"k":4,"t":[2,1,2,2]}},{"k":[18,0,0,39,0],"v":{"f":false,"k":4,"t":[6,2,2,1]}},{"k":[19,0,0,35,0],"v":{"f":false,"k":4,"t":[6,2,2,1]}},{"k":[28,0,0,47,0],"v":{"f":false,"k":4,"t":[5,5,1,1]}},{"k":[19,0,0,33,0],"v":{"f":false,"k":4,"t":[2,1,2,2]}}],"overflow":[[32,0,0,33,0],[18,0,0,48,0]],"walls":[]}}