{"lands":{"autotiles":[{"k":[38,0,0,15,0],"v":{"id":4,"t":[0,0],"tid":324}},{"k":[39,0,0,14,0],"v":{"id":4,"t":[0,0],"tid":318}},{"k":[40,0,0,13,0],"v":{"id":4,"t":[0,0],"tid":471}},{"k":[41,0,0,15,0],"v":{"id":4,"t":[0,0],"tid":324}},{"k":[42,0,0,14,0],"v":{"id":4,"t":[0,0],"tid":318}},{"k":[43,0,0,13,0],"v":{"id":4,"t":[0,0],"tid":471}},{"k":[40,0,0,15,0],"v":{"id":4,"t":[0,0],"tid":324}},{"k":[41,0,0,14,0],"v":{"id":4,"t":[0,0],"tid":318}},{"k":[42,0,0,13,0],"v":{"id":4,"t":[0,0],"tid":471}},{"k":[35,0,0,15,0],"v":{"id":4,"t":[0,0],"tid":324}},{"k":[36,0,0,14,0],"v":{"id":4,"t":[0,0],"tid":318}},{"k":[37,0,0,13,0],"v":{"id":4,"t":[0,0],"tid":471}},{"k":[34,0,0,15,0],"v":{"id":4,"t":[0,0],"tid":324}},{"k":[35,0,0,14,0],"v":{"id":4,"t":[0,0],"tid":318}},{"k":[36,0,0,13,0],"v":{"id":4,"t":[0,0],"tid":471}},{"k":[37,0,0,15,0],"v":{"id":4,"t":[0,0],"tid":324}},{"k":[38,0,0,14,0],"v":{"id":4,"t":[0,0],"tid":318}},{"k":[39,0,0,13,0],"v":{"id":4,"t":[0,0],"tid":471}},{"k":[36,0,0,15,0],"v":{"id":4,"t":[0,0],"tid":324}},{"k":[37,0,0,14,0],"v":{"id":4,"t":[0,0],"tid":318}},{"k":[38,0,0,13,0],"v":{"id":4,"t":[0,0],"tid":471}},{"k":[47,0,0,15,0],"v":{"id":4,"t":[0,0],"tid":324}},{"k":[46,0,0,15,0],"v":{"id":4,"t":[0,0],"tid":324}},{"k":[47,0,0,14,0],"v":{"id":4,"t":[0,0],"tid":318}},{"k":[43,0,0,15,0],"v":{"id":4,"t":[0,0],"tid":324}},{"k":[44,0,0,14,0],"v":{"id":4,"t":[0,0],"tid":318}},{"k":[45,0,0,13,0],"v":{"id":4,"t":[0,0],"tid":471}},{"k":[42,0,0,15,0],"v":{"id":4,"t":[0,0],"tid":324}},{"k":[43,0,0,14,0],"v":{"id":4,"t":[0,0],"tid":318}},{"k":[44,0,0,13,0],"v":{"id":4,"t":[0,0],"tid":471}},{"k":[45,0,0,15,0],"v":{"id":4,"t":[0,0],"tid":324}},{"k":[46,0,0,14,0],"v":{"id":4,"t":[0,0],"tid":318}},{"k":[47,0,0,13,0],"v":{"id":4,"t":[0,0],"tid":471}},{"k":[44,0,0,15,0],"v":{"id":4,"t":[0,0],"tid":324}},{"k":[45,0,0,14,0],"v":{"id":4,"t":[0,0],"tid":318}},{"k":[46,0,0,13,0],"v":{"id":4,"t":[0,0],"tid":471}},{"k":[32,0,0,14,0],"v":{"id":4,"t":[0,0],"tid":318}},{"k":[33,0,0,13,0],"v":{"id":4,"t":[0,0],"tid":471}},{"k":[32,0,0,13,0],"v":{"id":4,"t":[0,0],"tid":471}},{"k":[33,0,0,15,0],"v":{"id":4,"t":[0,0],"tid":324}},{"k":[34,0,0,14,0],"v":{"id":4,"t":[0,0],"tid":318}},{"k":[35,0,0,13,0],"v":{"id":4,"t":[0,0],"tid":471}},{"k":[32,0,0,15,0],"v":{"id":4,"t":[0,0],"tid":324}},{"k":[33,0,0,14,0],"v":{"id":4,"t":[0,0],"tid":318}},{"k":[34,0,0,13,0],"v":{"id":4,"t":[0,0],"tid":471}},{"k":[39,0,0,15,0],"v":{"id":4,"t":[0,0],"tid":324}},{"k":[40,0,0,14,0],"v":{"id":4,"t":[0,0],"tid":318}},{"k":[41,0,0,13,0],"v":{"id":4,"t":[0,0],"tid":471}}],"floors":[{"k":[46,0,0,12,0],"v":{"t":[0,0]}},{"k":[47,0,0,11,0],"v":{"t":[0,0]}},{"k":[45,0,0,12,0],"v":{"t":[0,0]}},{"k":[46,0,0,11,0],"v":{"t":[0,0]}},{"k":[47,0,0,10,0],"v":{"t":[0,0]}},{"k":[47,0,0,12,0],"v":{"t":[0,0]}},{"k":[32,0,0,0,0],"v":{"t":[0,0]}},{"k":[32,0,0,6,0],"v":{"t":[0,0]}},{"k":[33,0,0,5,0],"v":{"t":[0,0]}},{"k":[34,0,0,4,0],"v":{"t":[0,0]}},{"k":[35,0,0,3,0],"v":{"t":[0,0]}},{"k":[36,0,0,2,0],"v":{"t":[0,0]}},{"k":[37,0,0,1,0],"v":{"t":[0,0]}},{"k":[38,0,0,0,0],"v":{"t":[0,0]}},{"k":[32,0,0,5,0],"v":{"t":[0,0]}},{"k":[33,0,0,4,0],"v":{"t":[0,0]}},{"k":[34,0,0,3,0],"v":{"t":[0,0]}},{"k":[35,0,0,2,0],"v":{"t":[0,0]}},{"k":[36,0,0,1,0],"v":{"t":[0,0]}},{"k":[37,0,0,0,0],"v":{"t":[0,0]}},{"k":[32,0,0,8,0],"v":{"t":[0,0]}},{"k":[33,0,0,7,0],"v":{"t":[0,0]}},{"k":[34,0,0,6,0],"v":{"t":[0,0]}},{"k":[35,0,0,5,0],"v":{"t":[0,0]}},{"k":[36,0,0,4,0],"v":{"t":[0,0]}},{"k":[37,0,0,3,0],"v":{"t":[0,0]}},{"k":[38,0,0,2,0],"v":{"t":[0,0]}},{"k":[39,0,0,1,0],"v":{"t":[0,0]}},{"k":[40,0,0,0,0],"v":{"t":[0,0]}},{"k":[32,0,0,7,0],"v":{"t":[0,0]}},{"k":[33,0,0,6,0],"v":{"t":[0,0]}},{"k":[34,0,0,5,0],"v":{"t":[0,0]}},{"k":[35,0,0,4,0],"v":{"t":[0,0]}},{"k":[36,0,0,3,0],"v":{"t":[0,0]}},{"k":[37,0,0,2,0],"v":{"t":[0,0]}},{"k":[38,0,0,1,0],"v":{"t":[0,0]}},{"k":[39,0,0,0,0],"v":{"t":[0,0]}},{"k":[32,0,0,2,0],"v":{"t":[0,0]}},{"k":[33,0,0,1,0],"v":{"t":[0,0]}},{"k":[34,0,0,0,0],"v":{"t":[0,0]}},{"k":[32,0,0,1,0],"v":{"t":[0,0]}},{"k":[33,0,0,0,0],"v":{"t":[0,0]}},{"k":[32,0,0,4,0],"v":{"t":[0,0]}},{"k":[33,0,0,3,0],"v":{"t":[0,0]}},{"k":[34,0,0,2,0],"v":{"t":[0,0]}},{"k":[35,0,0,1,0],"v":{"t":[0,0]}},{"k":[36,0,0,0,0],"v":{"t":[0,0]}},{"k":[32,0,0,3,0],"v":{"t":[0,0]}},{"k":[33,0,0,2,0],"v":{"t":[0,0]}},{"k":[34,0,0,1,0],"v":{"t":[0,0]}},{"k":[35,0,0,0,0],"v":{"t":[0,0]}},{"k":[34,0,0,12,0],"v":{"t":[0,0]}},{"k":[35,0,0,11,0],"v":{"t":[0,0]}},{"k":[36,0,0,10,0],"v":{"t":[0,0]}},{"k":[37,0,0,9,0],"v":{"t":[0,0]}},{"k":[38,0,0,8,0],"v":{"t":[0,0]}},{"k":[39,0,0,7,0],"v":{"t":[0,0]}},{"k":[40,0,0,6,0],"v":{"t":[0,0]}},{"k":[41,0,0,5,0],"v":{"t":[0,0]}},{"k":[42,0,0,4,0],"v":{"t":[0,0]}},{"k":[43,0,0,3,0],"v":{"t":[0,0]}},{"k":[44,0,0,2,0],"v":{"t":[0,0]}},{"k":[45,0,0,1,0],"v":{"t":[0,0]}},{"k":[46,0,0,0,0],"v":{"t":[0,0]}},{"k":[33,0,0,12,0],"v":{"t":[0,0]}},{"k":[34,0,0,11,0],"v":{"t":[0,0]}},{"k":[35,0,0,10,0],"v":{"t":[0,0]}},{"k":[36,0,0,9,0],"v":{"t":[0,0]}},{"k":[37,0,0,8,0],"v":{"t":[0,0]}},{"k":[38,0,0,7,0],"v":{"t":[0,0]}},{"k":[39,0,0,6,0],"v":{"t":[0,0]}},{"k":[40,0,0,5,0],"v":{"t":[0,0]}},{"k":[41,0,0,4,0],"v":{"t":[0,0]}},{"k":[42,0,0,3,0],"v":{"t":[0,0]}},{"k":[43,0,0,2,0],"v":{"t":[0,0]}},{"k":[44,0,0,1,0],"v":{"t":[0,0]}},{"k":[45,0,0,0,0],"v":{"t":[0,0]}},{"k":[36,0,0,12,0],"v":{"t":[0,0]}},{"k":[37,0,0,11,0],"v":{"t":[0,0]}},{"k":[38,0,0,10,0],"v":{"t":[0,0]}},{"k":[39,0,0,9,0],"v":{"t":[0,0]}},{"k":[40,0,0,8,0],"v":{"t":[0,0]}},{"k":[41,0,0,7,0],"v":{"t":[0,0]}},{"k":[42,0,0,6,0],"v":{"t":[0,0]}},{"k":[43,0,0,5,0],"v":{"t":[0,0]}},{"k":[44,0,0,4,0],"v":{"t":[0,0]}},{"k":[45,0,0,3,0],"v":{"t":[0,0]}},{"k":[46,0,0,2,0],"v":{"t":[0,0]}},{"k":[47,0,0,1,0],"v":{"t":[0,0]}},{"k":[35,0,0,12,0],"v":{"t":[0,0]}},{"k":[36,0,0,11,0],"v":{"t":[0,0]}},{"k":[37,0,0,10,0],"v":{"t":[0,0]}},{"k":[38,0,0,9,0],"v":{"t":[0,0]}},{"k":[39,0,0,8,0],"v":{"t":[0,0]}},{"k":[40,0,0,7,0],"v":{"t":[0,0]}},{"k":[41,0,0,6,0],"v":{"t":[0,0]}},{"k":[42,0,0,5,0],"v":{"t":[0,0]}},{"k":[43,0,0,4,0],"v":{"t":[0,0]}},{"k":[44,0,0,3,0],"v":{"t":[0,0]}},{"k":[45,0,0,2,0],"v":{"t":[0,0]}},{"k":[46,0,0,1,0],"v":{"t":[0,0]}},{"k":[47,0,0,0,0],"v":{"t":[0,0]}},{"k":[32,0,0,10,0],"v":{"t":[0,0]}},{"k":[33,0,0,9,0],"v":{"t":[0,0]}},{"k":[34,0,0,8,0],"v":{"t":[0,0]}},{"k":[35,0,0,7,0],"v":{"t":[0,0]}},{"k":[36,0,0,6,0],"v":{"t":[0,0]}},{"k":[37,0,0,5,0],"v":{"t":[0,0]}},{"k":[38,0,0,4,0],"v":{"t":[0,0]}},{"k":[39,0,0,3,0],"v":{"t":[0,0]}},{"k":[40,0,0,2,0],"v":{"t":[0,0]}},{"k":[41,0,0,1,0],"v":{"t":[0,0]}},{"k":[42,0,0,0,0],"v":{"t":[0,0]}},{"k":[32,0,0,9,0],"v":{"t":[0,0]}},{"k":[33,0,0,8,0],"v":{"t":[0,0]}},{"k":[34,0,0,7,0],"v":{"t":[0,0]}},{"k":[35,0,0,6,0],"v":{"t":[0,0]}},{"k":[36,0,0,5,0],"v":{"t":[0,0]}},{"k":[37,0,0,4,0],"v":{"t":[0,0]}},{"k":[38,0,0,3,0],"v":{"t":[0,0]}},{"k":[39,0,0,2,0],"v":{"t":[0,0]}},{"k":[40,0,0,1,0],"v":{"t":[0,0]}},{"k":[41,0,0,0,0],"v":{"t":[0,0]}},{"k":[32,0,0,12,0],"v":{"t":[0,0]}},{"k":[33,0,0,11,0],"v":{"t":[0,0]}},{"k":[34,0,0,10,0],"v":{"t":[0,0]}},{"k":[35,0,0,9,0],"v":{"t":[0,0]}},{"k":[36,0,0,8,0],"v":{"t":[0,0]}},{"k":[37,0,0,7,0],"v":{"t":[0,0]}},{"k":[38,0,0,6,0],"v":{"t":[0,0]}},{"k":[39,0,0,5,0],"v":{"t":[0,0]}},{"k":[40,0,0,4,0],"v":{"t":[0,0]}},{"k":[41,0,0,3,0],"v":{"t":[0,0]}},{"k":[42,0,0,2,0],"v":{"t":[0,0]}},{"k":[43,0,0,1,0],"v":{"t":[0,0]}},{"k":[44,0,0,0,0],"v":{"t":[0,0]}},{"k":[32,0,0,11,0],"v":{"t":[0,0]}},{"k":[33,0,0,10,0],"v":{"t":[0,0]}},{"k":[34,0,0,9,0],"v":{"t":[0,0]}},{"k":[35,0,0,8,0],"v":{"t":[0,0]}},{"k":[36,0,0,7,0],"v":{"t":[0,0]}},{"k":[37,0,0,6,0],"v":{"t":[0,0]}},{"k":[38,0,0,5,0],"v":{"t":[0,0]}},{"k":[39,0,0,4,0],"v":{"t":[0,0]}},{"k":[40,0,0,3,0],"v":{"t":[0,0]}},{"k":[41,0,0,2,0],"v":{"t":[0,0]}},{"k":[42,0,0,1,0],"v":{"t":[0,0]}},{"k":[43,0,0,0,0],"v":{"t":[0,0]}},{"k":[42,0,0,12,0],"v":{"t":[0,0]}},{"k":[43,0,0,11,0],"v":{"t":[0,0]}},{"k":[44,0,0,10,0],"v":{"t":[0,0]}},{"k":[45,0,0,9,0],"v":{"t":[0,0]}},{"k":[46,0,0,8,0],"v":{"t":[0,0]}},{"k":[47,0,0,7,0],"v":{"t":[0,0]}},{"k":[41,0,0,12,0],"v":{"t":[0,0]}},{"k":[42,0,0,11,0],"v":{"t":[0,0]}},{"k":[43,0,0,10,0],"v":{"t":[0,0]}},{"k":[44,0,0,9,0],"v":{"t":[0,0]}},{"k":[45,0,0,8,0],"v":{"t":[0,0]}},{"k":[46,0,0,7,0],"v":{"t":[0,0]}},{"k":[47,0,0,6,0],"v":{"t":[0,0]}},{"k":[44,0,0,12,0],"v":{"t":[0,0]}},{"k":[45,0,0,11,0],"v":{"t":[0,0]}},{"k":[46,0,0,10,0],"v":{"t":[0,0]}},{"k":[47,0,0,9,0],"v":{"t":[0,0]}},{"k":[43,0,0,12,0],"v":{"t":[0,0]}},{"k":[44,0,0,11,0],"v":{"t":[0,0]}},{"k":[45,0,0,10,0],"v":{"t":[0,0]}},{"k":[46,0,0,9,0],"v":{"t":[0,0]}},{"k":[47,0,0,8,0],"v":{"t":[0,0]}},{"k":[38,0,0,12,0],"v":{"t":[0,0]}},{"k":[39,0,0,11,0],"v":{"t":[0,0]}},{"k":[40,0,0,10,0],"v":{"t":[0,0]}},{"k":[41,0,0,9,0],"v":{"t":[0,0]}},{"k":[42,0,0,8,0],"v":{"t":[0,0]}},{"k":[43,0,0,7,0],"v":{"t":[0,0]}},{"k":[44,0,0,6,0],"v":{"t":[0,0]}},{"k":[45,0,0,5,0],"v":{"t":[0,0]}},{"k":[46,0,0,4,0],"v":{"t":[0,0]}},{"k":[47,0,0,3,0],"v":{"t":[0,0]}},{"k":[37,0,0,12,0],"v":{"t":[0,0]}},{"k":[38,0,0,11,0],"v":{"t":[0,0]}},{"k":[39,0,0,10,0],"v":{"t":[0,0]}},{"k":[40,0,0,9,0],"v":{"t":[0,0]}},{"k":[41,0,0,8,0],"v":{"t":[0,0]}},{"k":[42,0,0,7,0],"v":{"t":[0,0]}},{"k":[43,0,0,6,0],"v":{"t":[0,0]}},{"k":[44,0,0,5,0],"v":{"t":[0,0]}},{"k":[45,0,0,4,0],"v":{"t":[0,0]}},{"k":[46,0,0,3,0],"v":{"t":[0,0]}},{"k":[47,0,0,2,0],"v":{"t":[0,0]}},{"k":[40,0,0,12,0],"v":{"t":[0,0]}},{"k":[41,0,0,11,0],"v":{"t":[0,0]}},{"k":[42,0,0,10,0],"v":{"t":[0,0]}},{"k":[43,0,0,9,0],"v":{"t":[0,0]}},{"k":[44,0,0,8,0],"v":{"t":[0,0]}},{"k":[45,0,0,7,0],"v":{"t":[0,0]}},{"k":[46,0,0,6,0],"v":{"t":[0,0]}},{"k":[47,0,0,5,0],"v":{"t":[0,0]}},{"k":[39,0,0,12,0],"v":{"t":[0,0]}},{"k":[40,0,0,11,0],"v":{"t":[0,0]}},{"k":[41,0,0,10,0],"v":{"t":[0,0]}},{"k":[42,0,0,9,0],"v":{"t":[0,0]}},{"k":[43,0,0,8,0],"v":{"t":[0,0]}},{"k":[44,0,0,7,0],"v":{"t":[0,0]}},{"k":[45,0,0,6,0],"v":{"t":[0,0]}},{"k":[46,0,0,5,0],"v":{"t":[0,0]}},{"k":[47,0,0,4,0],"v":{"t":[0,0]}}]},"moun":{"a":[],"o":[]},"objs":{"list":[]},"objs3d":{"a":[],"o":[[22,0,0,8,0,50,50,90]]},"sprites":{"list":[{"k":[41,0,0,12,0],"v":{"f":false,"k":4,"t":[6,9,2,3]}},{"k":[42,0,0,11,0],"v":{"f":false,"k":4,"t":[6,9,2,3]}},{"k":[43,0,0,12,0],"v":{"f":false,"k":4,"t":[6,9,2,3]}},{"k":[44,0,0,11,0],"v":{"f":false,"k":4,"t":[6,9,2,3]}},{"k":[41,0,0,9,0],"v":{"f":false,"k":4,"t":[6,9,2,3]}},{"k":[37,0,0,12,0],"v":{"f":false,"k":4,"t":[6,9,2,3]}},{"k":[38,0,0,11,0],"v":{"f":false,"k":4,"t":[6,9,2,3]}},{"k":[43,0,0,6,0],"v":{"k":4,"t":[6,9,2,3]}},{"k":[45,0,0,4,0],"v":{"k":4,"t":[6,9,2,3]}},{"k":[45,0,0,7,0],"v":{"f":false,"k":4,"t":[6,9,2,3]}},{"k":[39,0,0,12,0],"v":{"f":false,"k":4,"t":[6,9,2,3]}},{"k":[40,0,0,11,0],"v":{"f":false,"k":4,"t":[6,9,2,3]}},{"k":[43,0,0,8,0],"v":{"f":false,"k":4,"t":[6,9,2,3]}},{"k":[45,0,0,12,0],"v":{"f":false,"k":4,"t":[6,9,2,3]}},{"k":[46,0,0,11,0],"v":{"f":false,"k":4,"t":[6,9,2,3]}},{"k":[47,0,0,12,0],"v":{"f":false,"k":4,"t":[6,9,2,3]}},{"k":[37,0,0,1,0],"v":{"k":4,"t":[6,9,2,3]}},{"k":[36,0,0,2,0],"v":{"k":4,"t":[6,9,2,3]}},{"k":[32,0,0,5,0],"v":{"f":false,"k":4,"t":[6,9,2,3]}},{"k":[34,0,0,6,0],"v":{"f":false,"k":4,"t":[6,9,2,3]}},{"k":[32,0,0,7,0],"v":{"f":false,"k":4,"t":[6,9,2,3]}},{"k":[35,0,0,4,0],"v":{"f":false,"k":4,"t":[6,9,2,3]}},{"k":[33,0,0,1,0],"v":{"k":4,"t":[6,9,2,3]}},{"k":[33,0,0,2,0],"v":{"k":4,"t":[6,9,2,3]}},{"k":[40,0,0,6,0],"v":{"f":false,"k":4,"t":[6,9,2,3]}},{"k":[37,0,0,9,0],"v":{"f":false,"k":4,"t":[6,9,2,3]}},{"k":[33,0,0,12,0],"v":{"f":false,"k":4,"t":[6,9,2,3]}},{"k":[34,0,0,11,0],"v":{"f":false,"k":4,"t":[6,9,2,3]}},{"k":[42,0,0,3,0],"v":{"k":4,"t":[6,9,2,3]}},{"k":[44,0,0,1,0],"v":{"k":4,"t":[6,9,2,3]}},{"k":[39,0,0,9,0],"v":{"f":false,"k":4,"t":[6,9,2,3]}},{"k":[46,0,0,2,0],"v":{"k":4,"t":[6,9,2,3]}},{"k":[35,0,0,12,0],"v":{"f":false,"k":4,"t":[6,9,2,3]}},{"k":[36,0,0,11,0],"v":{"f":false,"k":4,"t":[6,9,2,3]}},{"k":[42,0,0,5,0],"v":{"k":4,"t":[6,9,2,3]}},{"k":[40,0,0,7,0],"v":{"f":false,"k":4,"t":[6,9,2,3]}},{"k":[39,0,0,3,0],"v":{"k":4,"t":[6,9,2,3]}},{"k":[34,0,0,8,0],"v":{"f":false,"k":4,"t":[6,9,2,3]}},{"k":[32,0,0,9,0],"v":{"f":false,"k":4,"t":[6,9,2,3]}},{"k":[40,0,0,1,0],"v":{"k":4,"t":[6,9,2,3]}},{"k":[36,0,0,8,0],"v":{"f":false,"k":4,"t":[6,9,2,3]}},{"k":[32,0,0,11,0],"v":{"f":false,"k":4,"t":[6,9,2,3]}},{"k":[37,0,0,6,0],"v":{"k":4,"t":[6,9,2,3]}},{"k":[45,0,0,9,0],"v":{"f":false,"k":4,"t":[6,9,2,3]}}],"overflow":[[48,0,0,5,0],[48,0,0,11,0],[48,0,0,8,0],[48,0,0,1,0]],"walls":[]}}