{"lands":{"autotiles":[{"k":[48,0,0,14,0],"v":{"id":4,"t":[0,0],"tid":318}},{"k":[49,0,0,13,0],"v":{"id":4,"t":[0,0],"tid":423}},{"k":[48,0,0,13,0],"v":{"id":4,"t":[0,0],"tid":471}},{"k":[49,0,0,15,0],"v":{"id":4,"t":[0,0],"tid":372}},{"k":[48,0,0,15,0],"v":{"id":4,"t":[0,0],"tid":324}},{"k":[49,0,0,14,0],"v":{"id":4,"t":[0,0],"tid":370}}],"floors":[{"k":[48,0,0,10,0],"v":{"t":[0,0]}},{"k":[49,0,0,9,0],"v":{"t":[0,0]}},{"k":[48,0,0,9,0],"v":{"t":[0,0]}},{"k":[49,0,0,8,0],"v":{"t":[0,0]}},{"k":[48,0,0,12,0],"v":{"t":[0,0]}},{"k":[49,0,0,11,0],"v":{"t":[0,0]}},{"k":[48,0,0,11,0],"v":{"t":[0,0]}},{"k":[49,0,0,10,0],"v":{"t":[0,0]}},{"k":[48,0,0,0,0],"v":{"t":[0,0]}},{"k":[48,0,0,6,0],"v":{"t":[0,0]}},{"k":[49,0,0,5,0],"v":{"t":[0,0]}},{"k":[48,0,0,5,0],"v":{"t":[0,0]}},{"k":[49,0,0,4,0],"v":{"t":[0,0]}},{"k":[48,0,0,8,0],"v":{"t":[0,0]}},{"k":[49,0,0,7,0],"v":{"t":[0,0]}},{"k":[48,0,0,7,0],"v":{"t":[0,0]}},{"k":[49,0,0,6,0],"v":{"t":[0,0]}},{"k":[48,0,0,2,0],"v":{"t":[0,0]}},{"k":[49,0,0,1,0],"v":{"t":[0,0]}},{"k":[48,0,0,1,0],"v":{"t":[0,0]}},{"k":[49,0,0,0,0],"v":{"t":[0,0]}},{"k":[48,0,0,4,0],"v":{"t":[0,0]}},{"k":[49,0,0,3,0],"v":{"t":[0,0]}},{"k":[48,0,0,3,0],"v":{"t":[0,0]}},{"k":[49,0,0,2,0],"v":{"t":[0,0]}},{"k":[49,0,0,12,0],"v":{"t":[0,0]}}]},"moun":{"a":[],"o":[]},"objs":{"list":[]},"objs3d":{"a":[],"o":[]},"sprites":{"list":[{"k":[49,0,0,12,0],"v":{"f":false,"k":4,"t":[6,9,2,3]}},{"k":[48,0,0,5,0],"v":{"k":4,"t":[6,9,2,3]}},{"k":[48,0,0,11,0],"v":{"f":false,"k":4,"t":[6,9,2,3]}},{"k":[48,0,0,8,0],"v":{"f":false,"k":4,"t":[6,9,2,3]}},{"k":[48,0,0,1,0],"v":{"k":4,"t":[6,9,2,3]}},{"k":[49,0,0,3,0],"v":{"k":4,"t":[6,9,2,3]}}],"overflow":[],"walls":[]}}