{"lands":{"autotiles":[],"floors":[{"k":[0,0,0,0,0],"v":{"t":[0,0]}},{"k":[0,0,0,8,0],"v":{"t":[0,0]}},{"k":[1,0,0,7,0],"v":{"t":[0,0]}},{"k":[2,0,0,6,0],"v":{"t":[0,0]}},{"k":[3,0,0,5,0],"v":{"t":[0,0]}},{"k":[4,0,0,4,0],"v":{"t":[0,0]}},{"k":[5,0,0,3,0],"v":{"t":[0,0]}},{"k":[6,0,0,2,0],"v":{"t":[0,0]}},{"k":[7,0,0,1,0],"v":{"t":[0,0]}},{"k":[8,0,0,0,0],"v":{"t":[0,0]}},{"k":[0,2,0,6,0],"v":{"t":[0,0]}},{"k":[0,0,0,7,0],"v":{"t":[0,0]}},{"k":[1,0,0,6,0],"v":{"t":[0,0]}},{"k":[2,0,0,5,0],"v":{"t":[0,0]}},{"k":[3,0,0,4,0],"v":{"t":[0,0]}},{"k":[4,0,0,3,0],"v":{"t":[0,0]}},{"k":[5,0,0,2,0],"v":{"t":[0,0]}},{"k":[6,0,0,1,0],"v":{"t":[0,0]}},{"k":[7,0,0,0,0],"v":{"t":[0,0]}},{"k":[0,2,0,5,0],"v":{"t":[0,0]}},{"k":[0,0,0,6,0],"v":{"t":[0,0]}},{"k":[1,0,0,5,0],"v":{"t":[0,0]}},{"k":[2,0,0,4,0],"v":{"t":[0,0]}},{"k":[3,0,0,3,0],"v":{"t":[0,0]}},{"k":[4,0,0,2,0],"v":{"t":[0,0]}},{"k":[5,0,0,1,0],"v":{"t":[0,0]}},{"k":[6,0,0,0,0],"v":{"t":[0,0]}},{"k":[0,2,0,4,0],"v":{"t":[0,0]}},{"k":[0,0,0,5,0],"v":{"t":[0,0]}},{"k":[1,0,0,4,0],"v":{"t":[0,0]}},{"k":[2,0,0,3,0],"v":{"t":[0,0]}},{"k":[3,0,0,2,0],"v":{"t":[0,0]}},{"k":[4,0,0,1,0],"v":{"t":[0,0]}},{"k":[5,0,0,0,0],"v":{"t":[0,0]}},{"k":[0,2,0,3,0],"v":{"t":[0,0]}},{"k":[0,0,0,4,0],"v":{"t":[0,0]}},{"k":[1,0,0,3,0],"v":{"t":[0,0]}},{"k":[2,0,0,2,0],"v":{"t":[0,0]}},{"k":[3,0,0,1,0],"v":{"t":[0,0]}},{"k":[4,0,0,0,0],"v":{"t":[0,0]}},{"k":[0,2,0,2,0],"v":{"t":[0,0]}},{"k":[0,0,0,3,0],"v":{"t":[0,0]}},{"k":[1,0,0,2,0],"v":{"t":[0,0]}},{"k":[2,0,0,1,0],"v":{"t":[0,0]}},{"k":[3,0,0,0,0],"v":{"t":[0,0]}},{"k":[1,2,0,0,0],"v":{"t":[0,0]}},{"k":[0,2,0,1,0],"v":{"t":[0,0]}},{"k":[0,0,0,2,0],"v":{"t":[0,0]}},{"k":[1,0,0,1,0],"v":{"t":[0,0]}},{"k":[2,0,0,0,0],"v":{"t":[0,0]}},{"k":[0,2,0,0,0],"v":{"t":[0,0]}},{"k":[0,0,0,1,0],"v":{"t":[0,0]}},{"k":[1,0,0,0,0],"v":{"t":[0,0]}},{"k":[5,0,0,11,0],"v":{"t":[0,0]}},{"k":[6,0,0,10,0],"v":{"t":[0,0]}},{"k":[1,0,0,15,0],"v":{"t":[0,0]}},{"k":[2,0,0,14,0],"v":{"t":[0,0]}},{"k":[3,0,0,13,0],"v":{"t":[0,0]}},{"k":[4,0,0,12,0],"v":{"t":[0,0]}},{"k":[7,0,0,9,0],"v":{"t":[0,0]}},{"k":[8,0,0,8,0],"v":{"t":[0,0]}},{"k":[9,0,0,7,0],"v":{"t":[0,0]}},{"k":[0,2,0,14,0],"v":{"t":[0,0]}},{"k":[9,2,0,5,0],"v":{"t":[0,0]}},{"k":[4,0,0,11,0],"v":{"t":[0,0]}},{"k":[5,0,0,10,0],"v":{"t":[0,0]}},{"k":[6,0,0,9,0],"v":{"t":[0,0]}},{"k":[0,0,0,15,0],"v":{"t":[0,0]}},{"k":[1,0,0,14,0],"v":{"t":[0,0]}},{"k":[2,0,0,13,0],"v":{"t":[0,0]}},{"k":[3,0,0,12,0],"v":{"t":[0,0]}},{"k":[7,0,0,8,0],"v":{"t":[0,0]}},{"k":[8,0,0,7,0],"v":{"t":[0,0]}},{"k":[9,0,0,6,0],"v":{"t":[0,0]}},{"k":[0,2,0,13,0],"v":{"t":[0,0]}},{"k":[9,2,0,4,0],"v":{"t":[0,0]}},{"k":[3,0,0,11,0],"v":{"t":[0,0]}},{"k":[4,0,0,10,0],"v":{"t":[0,0]}},{"k":[5,0,0,9,0],"v":{"t":[0,0]}},{"k":[6,0,0,8,0],"v":{"t":[0,0]}},{"k":[0,0,0,14,0],"v":{"t":[0,0]}},{"k":[1,0,0,13,0],"v":{"t":[0,0]}},{"k":[2,0,0,12,0],"v":{"t":[0,0]}},{"k":[7,0,0,7,0],"v":{"t":[0,0]}},{"k":[8,0,0,6,0],"v":{"t":[0,0]}},{"k":[9,0,0,5,0],"v":{"t":[0,0]}},{"k":[0,2,0,12,0],"v":{"t":[0,0]}},{"k":[9,2,0,3,0],"v":{"t":[0,0]}},{"k":[2,0,0,11,0],"v":{"t":[0,0]}},{"k":[3,0,0,10,0],"v":{"t":[0,0]}},{"k":[4,0,0,9,0],"v":{"t":[0,0]}},{"k":[5,0,0,8,0],"v":{"t":[0,0]}},{"k":[6,0,0,7,0],"v":{"t":[0,0]}},{"k":[0,0,0,13,0],"v":{"t":[0,0]}},{"k":[1,0,0,12,0],"v":{"t":[0,0]}},{"k":[7,0,0,6,0],"v":{"t":[0,0]}},{"k":[8,0,0,5,0],"v":{"t":[0,0]}},{"k":[9,0,0,4,0],"v":{"t":[0,0]}},{"k":[0,2,0,11,0],"v":{"t":[0,0]}},{"k":[9,2,0,2,0],"v":{"t":[0,0]}},{"k":[4,0,6.25,3,0],"v":{"t":[6,4]}},{"k":[1,0,0,11,0],"v":{"t":[0,0]}},{"k":[2,0,0,10,0],"v":{"t":[0,0]}},{"k":[3,0,0,9,0],"v":{"t":[0,0]}},{"k":[4,0,0,8,0],"v":{"t":[0,0]}},{"k":[5,0,0,7,0],"v":{"t":[0,0]}},{"k":[6,0,0,6,0],"v":{"t":[0,0]}},{"k":[0,0,0,12,0],"v":{"t":[0,0]}},{"k":[7,0,0,5,0],"v":{"t":[0,0]}},{"k":[8,0,0,4,0],"v":{"t":[0,0]}},{"k":[9,0,0,3,0],"v":{"t":[0,0]}},{"k":[0,2,0,10,0],"v":{"t":[0,0]}},{"k":[9,2,0,1,0],"v":{"t":[0,0]}},{"k":[0,0,0,11,0],"v":{"t":[0,0]}},{"k":[1,0,0,10,0],"v":{"t":[0,0]}},{"k":[2,0,0,9,0],"v":{"t":[0,0]}},{"k":[3,0,0,8,0],"v":{"t":[0,0]}},{"k":[4,0,0,7,0],"v":{"t":[0,0]}},{"k":[5,0,0,6,0],"v":{"t":[0,0]}},{"k":[6,0,0,5,0],"v":{"t":[0,0]}},{"k":[7,0,0,4,0],"v":{"t":[0,0]}},{"k":[8,0,0,3,0],"v":{"t":[0,0]}},{"k":[9,0,0,2,0],"v":{"t":[0,0]}},{"k":[0,2,0,9,0],"v":{"t":[0,0]}},{"k":[9,2,0,0,0],"v":{"t":[0,0]}},{"k":[0,0,0,10,0],"v":{"t":[0,0]}},{"k":[1,0,0,9,0],"v":{"t":[0,0]}},{"k":[2,0,0,8,0],"v":{"t":[0,0]}},{"k":[3,0,0,7,0],"v":{"t":[0,0]}},{"k":[4,0,0,6,0],"v":{"t":[0,0]}},{"k":[5,0,0,5,0],"v":{"t":[0,0]}},{"k":[6,0,0,4,0],"v":{"t":[0,0]}},{"k":[7,0,0,3,0],"v":{"t":[0,0]}},{"k":[8,0,0,2,0],"v":{"t":[0,0]}},{"k":[9,0,0,1,0],"v":{"t":[0,0]}},{"k":[0,2,0,8,0],"v":{"t":[0,0]}},{"k":[8,2,0,0,0],"v":{"t":[0,0]}},{"k":[0,0,0,9,0],"v":{"t":[0,0]}},{"k":[1,0,0,8,0],"v":{"t":[0,0]}},{"k":[2,0,0,7,0],"v":{"t":[0,0]}},{"k":[3,0,0,6,0],"v":{"t":[0,0]}},{"k":[4,0,0,5,0],"v":{"t":[0,0]}},{"k":[5,0,0,4,0],"v":{"t":[0,0]}},{"k":[6,0,0,3,0],"v":{"t":[0,0]}},{"k":[7,0,0,2,0],"v":{"t":[0,0]}},{"k":[8,0,0,1,0],"v":{"t":[0,0]}},{"k":[9,0,0,0,0],"v":{"t":[0,0]}},{"k":[0,2,0,7,0],"v":{"t":[0,0]}},{"k":[9,0,0,15,0],"v":{"t":[0,0]}},{"k":[9,2,0,13,0],"v":{"t":[0,0]}},{"k":[4,0,6.25,14,0],"v":{"t":[5,4]}},{"k":[8,0,0,15,0],"v":{"t":[0,0]}},{"k":[9,0,0,14,0],"v":{"t":[0,0]}},{"k":[9,2,0,12,0],"v":{"t":[0,0]}},{"k":[5,0,6.25,12,0],"v":{"t":[5,4]}},{"k":[7,0,0,15,0],"v":{"t":[0,0]}},{"k":[8,0,0,14,0],"v":{"t":[0,0]}},{"k":[9,0,0,13,0],"v":{"t":[0,0]}},{"k":[9,2,0,11,0],"v":{"t":[0,0]}},{"k":[6,0,0,15,0],"v":{"t":[0,0]}},{"k":[7,0,0,14,0],"v":{"t":[0,0]}},{"k":[8,0,0,13,0],"v":{"t":[0,0]}},{"k":[9,0,0,12,0],"v":{"t":[0,0]}},{"k":[9,2,0,10,0],"v":{"t":[0,0]}},{"k":[5,0,0,15,0],"v":{"t":[0,0]}},{"k":[6,0,0,14,0],"v":{"t":[0,0]}},{"k":[7,0,0,13,0],"v":{"t":[0,0]}},{"k":[8,0,0,12,0],"v":{"t":[0,0]}},{"k":[9,0,0,11,0],"v":{"t":[0,0]}},{"k":[9,2,0,9,0],"v":{"t":[0,0]}},{"k":[4,0,0,15,0],"v":{"t":[0,0]}},{"k":[5,0,0,14,0],"v":{"t":[0,0]}},{"k":[6,0,0,13,0],"v":{"t":[0,0]}},{"k":[7,0,0,12,0],"v":{"t":[0,0]}},{"k":[8,0,0,11,0],"v":{"t":[0,0]}},{"k":[9,0,0,10,0],"v":{"t":[0,0]}},{"k":[9,2,0,8,0],"v":{"t":[0,0]}},{"k":[4,0,6.25,9,0],"v":{"t":[5,4]}},{"k":[3,0,0,15,0],"v":{"t":[0,0]}},{"k":[4,0,0,14,0],"v":{"t":[0,0]}},{"k":[5,0,0,13,0],"v":{"t":[0,0]}},{"k":[6,0,0,12,0],"v":{"t":[0,0]}},{"k":[7,0,0,11,0],"v":{"t":[0,0]}},{"k":[8,0,0,10,0],"v":{"t":[0,0]}},{"k":[9,0,0,9,0],"v":{"t":[0,0]}},{"k":[9,2,0,7,0],"v":{"t":[0,0]}},{"k":[5,0,6.25,7,0],"v":{"t":[6,4]}},{"k":[6,0,0,11,0],"v":{"t":[0,0]}},{"k":[2,0,0,15,0],"v":{"t":[0,0]}},{"k":[3,0,0,14,0],"v":{"t":[0,0]}},{"k":[4,0,0,13,0],"v":{"t":[0,0]}},{"k":[5,0,0,12,0],"v":{"t":[0,0]}},{"k":[7,0,0,10,0],"v":{"t":[0,0]}},{"k":[8,0,0,9,0],"v":{"t":[0,0]}},{"k":[9,0,0,8,0],"v":{"t":[0,0]}},{"k":[0,2,0,15,0],"v":{"t":[0,0]}},{"k":[9,2,0,6,0],"v":{"t":[0,0]}},{"k":[9,2,0,15,0],"v":{"t":[0,0]}},{"k":[5,0,6.25,15,0],"v":{"t":[5,4]}},{"k":[9,2,0,14,0],"v":{"t":[0,0]}}]},"moun":{"a":[{"k":[9,0,0,15,0],"v":{"b":true,"hs":2,"sid":2,"t":true}},{"k":[9,0,0,14,0],"v":{"b":true,"hs":2,"sid":2,"t":true}},{"k":[9,0,0,13,0],"v":{"b":true,"hs":2,"sid":2,"t":true}},{"k":[9,0,0,12,0],"v":{"b":true,"hs":2,"sid":2,"t":true}},{"k":[9,0,0,11,0],"v":{"b":true,"hs":2,"sid":2,"t":true}},{"k":[9,0,0,10,0],"v":{"b":true,"hs":2,"sid":2,"t":true}},{"k":[9,0,0,9,0],"v":{"b":true,"hs":2,"sid":2,"t":true}},{"k":[9,0,0,8,0],"v":{"b":true,"hs":2,"sid":2,"t":true}},{"k":[0,0,0,0,0],"v":{"b":true,"hs":2,"r":true,"sid":2}},{"k":[0,0,0,8,0],"v":{"b":true,"hs":2,"sid":2,"t":true}},{"k":[8,0,0,0,0],"v":{"hs":2,"r":true,"sid":2}},{"k":[0,0,0,7,0],"v":{"b":true,"hs":2,"sid":2,"t":true}},{"k":[0,0,0,6,0],"v":{"b":true,"hs":2,"sid":2,"t":true}},{"k":[0,0,0,5,0],"v":{"b":true,"hs":2,"sid":2,"t":true}},{"k":[0,0,0,4,0],"v":{"b":true,"hs":2,"sid":2,"t":true}},{"k":[0,0,0,3,0],"v":{"b":true,"hs":2,"sid":2,"t":true}},{"k":[0,0,0,2,0],"v":{"b":true,"hs":2,"sid":2,"t":true}},{"k":[1,0,0,0,0],"v":{"hs":2,"l":true,"sid":2}},{"k":[0,0,0,1,0],"v":{"b":true,"hs":2,"sid":2,"t":true}},{"k":[9,0,0,7,0],"v":{"b":true,"hs":2,"sid":2,"t":true}},{"k":[0,0,0,15,0],"v":{"b":true,"hs":2,"sid":2,"t":true}},{"k":[9,0,0,6,0],"v":{"b":true,"hs":2,"sid":2,"t":true}},{"k":[0,0,0,14,0],"v":{"b":true,"hs":2,"sid":2,"t":true}},{"k":[9,0,0,5,0],"v":{"b":true,"hs":2,"sid":2,"t":true}},{"k":[0,0,0,13,0],"v":{"b":true,"hs":2,"sid":2,"t":true}},{"k":[9,0,0,4,0],"v":{"b":true,"hs":2,"sid":2,"t":true}},{"k":[0,0,0,12,0],"v":{"b":true,"hs":2,"sid":2,"t":true}},{"k":[9,0,0,3,0],"v":{"b":true,"hs":2,"sid":2,"t":true}},{"k":[0,0,0,11,0],"v":{"b":true,"hs":2,"sid":2,"t":true}},{"k":[9,0,0,2,0],"v":{"b":true,"hs":2,"sid":2,"t":true}},{"k":[0,0,0,10,0],"v":{"b":true,"hs":2,"sid":2,"t":true}},{"k":[9,0,0,1,0],"v":{"b":true,"hs":2,"sid":2,"t":true}},{"k":[0,0,0,9,0],"v":{"b":true,"hs":2,"sid":2,"t":true}},{"k":[9,0,0,0,0],"v":{"b":true,"hs":2,"l":true,"sid":2}}],"o":[]},"objs":{"list":[{"k":[7,0,0,0,0],"v":{"events":[{"id":1,"name":"Hero action","p":[],"r":{"1":{"bh":true,"c":[{"children":[],"command":[0,3,4,6,0,12,1],"kind":8},{"command":[],"kind":10},{"children":[],"command":[0,0,4,6,0,12,0],"kind":8},{"command":[],"kind":10},{"command":[8,"Alaric",1,1,1,1,"Não posso voltar até conseguir a Ritonavir e a Zidovudina."],"kind":1}]}},"sys":false}],"hId":-1,"id":6,"name":"OBJ0001","ooepf":false,"states":[{"cam":true,"climb":false,"dir":false,"gid":-1,"gk":0,"id":1,"move":true,"name":"Estado 1","pix":true,"pos":false,"stop":false,"sx":{"k":12,"v":1},"sy":{"k":12,"v":1},"sz":{"k":12,"v":1},"through":false,"x":0,"y":0}]}},{"k":[6,0,0,0,0],"v":{"events":[{"id":1,"name":"Hero action","p":[],"r":{"1":{"bh":true,"c":[{"children":[],"command":[0,3,4,6,0,12,1],"kind":8},{"command":[],"kind":10},{"children":[],"command":[0,0,4,6,0,12,0],"kind":8},{"command":[],"kind":10},{"command":[8,"Alaric",1,1,1,1,"Não posso voltar até conseguir a Ritonavir e a Zidovudina."],"kind":1}]}},"sys":false}],"hId":-1,"id":5,"name":"OBJ0001","ooepf":false,"states":[{"cam":true,"climb":false,"dir":false,"gid":-1,"gk":0,"id":1,"move":true,"name":"Estado 1","pix":true,"pos":false,"stop":false,"sx":{"k":12,"v":1},"sy":{"k":12,"v":1},"sz":{"k":12,"v":1},"through":false,"x":0,"y":0}]}},{"k":[5,0,0,0,0],"v":{"events":[{"id":1,"name":"Hero action","p":[],"r":{"1":{"bh":true,"c":[{"children":[],"command":[0,3,4,6,0,12,1],"kind":8},{"command":[],"kind":10},{"children":[],"command":[0,0,4,6,0,12,0],"kind":8},{"command":[],"kind":10},{"command":[8,"Alaric",1,1,1,1,"Não posso voltar até conseguir a Ritonavir e a Zidovudina."],"kind":1}]}},"sys":false}],"hId":-1,"id":1,"name":"OBJ0001","ooepf":false,"states":[{"cam":true,"climb":false,"dir":false,"gid":-1,"gk":0,"id":1,"move":true,"name":"Estado 1","pix":true,"pos":false,"stop":false,"sx":{"k":12,"v":1},"sy":{"k":12,"v":1},"sz":{"k":12,"v":1},"through":false,"x":0,"y":0}]}},{"k":[4,0,0,0,0],"v":{"events":[{"id":1,"name":"Hero action","p":[],"r":{"1":{"bh":true,"c":[{"children":[],"command":[0,3,4,6,0,12,1],"kind":8},{"command":[],"kind":10},{"children":[],"command":[0,0,4,6,0,12,0],"kind":8},{"command":[],"kind":10},{"command":[8,"Alaric",1,1,1,1,"Não posso voltar até conseguir a Ritonavir e a Zidovudina."],"kind":1}]}},"sys":false}],"hId":-1,"id":2,"name":"OBJ0001","ooepf":false,"states":[{"cam":true,"climb":false,"dir":false,"gid":-1,"gk":0,"id":1,"move":true,"name":"Estado 1","pix":true,"pos":false,"stop":false,"sx":{"k":12,"v":1},"sy":{"k":12,"v":1},"sz":{"k":12,"v":1},"through":false,"x":0,"y":0}]}},{"k":[3,0,0,0,0],"v":{"events":[{"id":1,"name":"Hero action","p":[],"r":{"1":{"bh":true,"c":[{"children":[],"command":[0,3,4,6,0,12,1],"kind":8},{"command":[],"kind":10},{"children":[],"command":[0,0,4,6,0,12,0],"kind":8},{"command":[],"kind":10},{"command":[8,"Alaric",1,1,1,1,"Não posso voltar até conseguir a Ritonavir e a Zidovudina."],"kind":1}]}},"sys":false}],"hId":-1,"id":3,"name":"OBJ0001","ooepf":false,"states":[{"cam":true,"climb":false,"dir":false,"gid":-1,"gk":0,"id":1,"move":true,"name":"Estado 1","pix":true,"pos":false,"stop":false,"sx":{"k":12,"v":1},"sy":{"k":12,"v":1},"sz":{"k":12,"v":1},"through":false,"x":0,"y":0}]}},{"k":[2,0,0,0,0],"v":{"events":[{"id":1,"name":"Hero action","p":[],"r":{"1":{"bh":true,"c":[{"children":[],"command":[0,3,4,6,0,12,1],"kind":8},{"command":[],"kind":10},{"children":[],"command":[0,0,4,6,0,12,0],"kind":8},{"command":[],"kind":10},{"command":[8,"Alaric",1,1,1,1,"Não posso voltar até conseguir a Ritonavir e a Zidovudina."],"kind":1}]}},"sys":false}],"hId":-1,"id":4,"name":"OBJ0001","ooepf":false,"states":[{"cam":true,"climb":false,"dir":false,"gid":-1,"gk":0,"id":1,"move":true,"name":"Estado 1","pix":true,"pos":false,"stop":false,"sx":{"k":12,"v":1},"sy":{"k":12,"v":1},"sz":{"k":12,"v":1},"through":false,"x":0,"y":0}]}}]},"objs3d":{"a":[],"o":[]},"sprites":{"list":[{"k":[7,0,0,8,0],"v":{"k":4,"t":[0,11,2,4]}},{"k":[8,0,0,7,0],"v":{"k":4,"t":[0,11,2,4]}},{"k":[7,4,0,4,0],"v":{"f":false,"k":4,"t":[0,8,2,2]}},{"k":[8,4,0,3,0],"v":{"f":false,"k":4,"t":[0,8,2,2]}},{"k":[2,0,0,12,0],"v":{"f":false,"k":4,"t":[0,11,2,4]}},{"k":[1,0,0,13,0],"v":{"f":false,"k":4,"t":[0,11,2,4]}},{"k":[2,4,0,8,0],"v":{"f":false,"k":4,"t":[0,8,2,2]}},{"k":[1,4,0,9,0],"v":{"f":false,"k":4,"t":[0,8,2,2]}},{"k":[7,0,0,6,0],"v":{"k":4,"t":[0,11,2,4]}},{"k":[8,0,0,5,0],"v":{"k":4,"t":[0,11,2,4]}},{"k":[7,4,0,2,0],"v":{"f":false,"k":4,"t":[0,8,2,2]}},{"k":[8,4,0,1,0],"v":{"f":false,"k":4,"t":[0,8,2,2]}},{"k":[2,0,0,10,0],"v":{"k":4,"t":[0,11,2,4]}},{"k":[1,0,0,11,0],"v":{"f":false,"k":4,"t":[0,11,2,4]}},{"k":[2,4,0,6,0],"v":{"f":false,"k":4,"t":[0,8,2,2]}},{"k":[1,4,0,7,0],"v":{"f":false,"k":4,"t":[0,8,2,2]}},{"k":[7,0,0,4,0],"v":{"k":4,"t":[0,11,2,4]}},{"k":[8,0,0,3,0],"v":{"k":4,"t":[0,11,2,4]}},{"k":[2,0,0,8,0],"v":{"k":4,"t":[0,11,2,4]}},{"k":[1,0,0,9,0],"v":{"k":4,"t":[0,11,2,4]}},{"k":[2,4,0,4,0],"v":{"f":false,"k":4,"t":[0,8,2,2]}},{"k":[1,4,0,5,0],"v":{"f":false,"k":4,"t":[0,8,2,2]}},{"k":[7,0,0,2,0],"v":{"k":4,"t":[0,11,2,4]}},{"k":[8,0,0,1,0],"v":{"k":4,"t":[0,11,2,4]}},{"k":[6,0,0,10,0,6.25,87.5,0],"v":{"k":4,"t":[6,5,1,1]}},{"k":[6,0,0,0,0,37.5,81.25,0],"v":{"k":4,"t":[7,5,1,1]}},{"k":[8,0,0,15,0],"v":{"k":4,"t":[0,11,2,4]}},{"k":[7,4,0,12,0],"v":{"f":false,"k":4,"t":[0,8,2,2]}},{"k":[8,4,0,11,0],"v":{"k":4,"t":[0,8,2,2]}},{"k":[7,0,0,14,0],"v":{"k":4,"t":[0,11,2,4]}},{"k":[8,0,0,13,0],"v":{"k":4,"t":[0,11,2,4]}},{"k":[7,4,0,10,0],"v":{"k":4,"t":[0,8,2,2]}},{"k":[8,4,0,9,0],"v":{"k":4,"t":[0,8,2,2]}},{"k":[2,4,0,14,0],"v":{"f":false,"k":4,"t":[0,8,2,2]}},{"k":[1,4,0,15,0],"v":{"f":false,"k":4,"t":[0,8,2,2]}},{"k":[3,0,0,11,0,62.5,43.75,0],"v":{"k":4,"t":[4,1,1,1]}},{"k":[7,0,0,12,0],"v":{"k":4,"t":[0,11,2,4]}},{"k":[8,0,0,11,0],"v":{"k":4,"t":[0,11,2,4]}},{"k":[7,4,0,8,0],"v":{"k":4,"t":[0,8,2,2]}},{"k":[8,4,0,7,0],"v":{"f":false,"k":4,"t":[0,8,2,2]}},{"k":[2,4,0,12,0],"v":{"f":false,"k":4,"t":[0,8,2,2]}},{"k":[1,4,0,13,0],"v":{"f":false,"k":4,"t":[0,8,2,2]}},{"k":[7,0,0,10,0],"v":{"k":4,"t":[0,11,2,4]}},{"k":[8,0,0,9,0],"v":{"k":4,"t":[0,11,2,4]}},{"k":[7,4,0,6,0],"v":{"f":false,"k":4,"t":[0,8,2,2]}},{"k":[8,4,0,5,0],"v":{"f":false,"k":4,"t":[0,8,2,2]}},{"k":[8,4,0,15,0],"v":{"f":false,"k":4,"t":[0,8,2,2]}},{"k":[7,4,0,14,0],"v":{"f":false,"k":4,"t":[0,8,2,2]}},{"k":[8,4,0,13,0],"v":{"f":false,"k":4,"t":[0,8,2,2]}},{"k":[3,0,0,15,0,50,87.5,0],"v":{"k":4,"t":[6,5,1,1]}},{"k":[6,0,0,6,0,12.5,0,0],"v":{"k":4,"t":[7,6,1,1]}},{"k":[3,0,0,7,0,81.25,93.75,0],"v":{"k":4,"t":[6,5,1,1]}},{"k":[4,0,0,1,0,18.75,50,0],"v":{"k":4,"t":[6,5,1,1]}},{"k":[2,0,0,6,0],"v":{"k":4,"t":[0,11,2,4]}},{"k":[1,0,0,7,0],"v":{"k":4,"t":[0,11,2,4]}},{"k":[2,4,0,2,0],"v":{"f":false,"k":4,"t":[0,8,2,2]}},{"k":[1,4,0,3,0],"v":{"f":false,"k":4,"t":[0,8,2,2]}},{"k":[2,0,0,4,0],"v":{"k":4,"t":[0,11,2,4]}},{"k":[1,0,0,5,0],"v":{"k":4,"t":[0,11,2,4]}},{"k":[1,4,0,1,0],"v":{"f":false,"k":4,"t":[0,8,2,2]}},{"k":[3,0,0,3,0,68.75,31.25,0],"v":{"k":4,"t":[4,1,1,1]}},{"k":[2,0,0,2,0],"v":{"k":4,"t":[0,11,2,4]}},{"k":[1,0,0,3,0],"v":{"k":4,"t":[0,11,2,4]}},{"k":[1,0,0,1,0],"v":{"k":4,"t":[0,11,2,4]}},{"k":[6,0,0,14,0,81.25,0,0],"v":{"k":4,"t":[4,1,1,1]}},{"k":[2,0,0,14,0],"v":{"f":false,"k":4,"t":[0,11,2,4]}},{"k":[1,0,0,15,0],"v":{"f":false,"k":4,"t":[0,11,2,4]}},{"k":[2,4,0,10,0],"v":{"f":false,"k":4,"t":[0,8,2,2]}},{"k":[1,4,0,11,0],"v":{"f":false,"k":4,"t":[0,8,2,2]}}],"overflow":[],"walls":[]}}