{"lands":{"autotiles":[],"floors":[{"k":[1,0,0,23,0],"v":{"t":[0,0]}},{"k":[2,0,0,22,0],"v":{"t":[0,0]}},{"k":[3,0,0,21,0],"v":{"t":[0,0]}},{"k":[4,0,0,20,0],"v":{"t":[0,0]}},{"k":[5,0,0,19,0],"v":{"t":[0,0]}},{"k":[6,0,0,18,0],"v":{"t":[0,0]}},{"k":[0,0,0,24,0],"v":{"t":[0,0]}},{"k":[7,0,0,17,0],"v":{"t":[0,0]}},{"k":[8,0,0,16,0],"v":{"t":[0,0]}},{"k":[0,2,0,22,0],"v":{"t":[0,0]}},{"k":[0,0,0,23,0],"v":{"t":[0,0]}},{"k":[1,0,0,22,0],"v":{"t":[0,0]}},{"k":[2,0,0,21,0],"v":{"t":[0,0]}},{"k":[3,0,0,20,0],"v":{"t":[0,0]}},{"k":[4,0,0,19,0],"v":{"t":[0,0]}},{"k":[5,0,0,18,0],"v":{"t":[0,0]}},{"k":[6,0,0,17,0],"v":{"t":[0,0]}},{"k":[7,0,0,16,0],"v":{"t":[0,0]}},{"k":[0,2,0,21,0],"v":{"t":[0,0]}},{"k":[0,0,0,22,0],"v":{"t":[0,0]}},{"k":[1,0,0,21,0],"v":{"t":[0,0]}},{"k":[2,0,0,20,0],"v":{"t":[0,0]}},{"k":[3,0,0,19,0],"v":{"t":[0,0]}},{"k":[4,0,0,18,0],"v":{"t":[0,0]}},{"k":[5,0,0,17,0],"v":{"t":[0,0]}},{"k":[6,0,0,16,0],"v":{"t":[0,0]}},{"k":[0,2,0,20,0],"v":{"t":[0,0]}},{"k":[0,0,0,21,0],"v":{"t":[0,0]}},{"k":[1,0,0,20,0],"v":{"t":[0,0]}},{"k":[2,0,0,19,0],"v":{"t":[0,0]}},{"k":[3,0,0,18,0],"v":{"t":[0,0]}},{"k":[4,0,0,17,0],"v":{"t":[0,0]}},{"k":[5,0,0,16,0],"v":{"t":[0,0]}},{"k":[0,2,0,19,0],"v":{"t":[0,0]}},{"k":[0,0,0,20,0],"v":{"t":[0,0]}},{"k":[1,0,0,19,0],"v":{"t":[0,0]}},{"k":[2,0,0,18,0],"v":{"t":[0,0]}},{"k":[3,0,0,17,0],"v":{"t":[0,0]}},{"k":[4,0,0,16,0],"v":{"t":[0,0]}},{"k":[0,2,0,18,0],"v":{"t":[0,0]}},{"k":[8,0,0,24,0],"v":{"t":[0,0]}},{"k":[9,0,0,23,0],"v":{"t":[0,0]}},{"k":[9,2,0,21,0],"v":{"t":[0,0]}},{"k":[4,0,6.25,22,0],"v":{"t":[6,4]}},{"k":[0,0,0,19,0],"v":{"t":[0,0]}},{"k":[1,0,0,18,0],"v":{"t":[0,0]}},{"k":[2,0,0,17,0],"v":{"t":[0,0]}},{"k":[3,0,0,16,0],"v":{"t":[0,0]}},{"k":[0,2,0,17,0],"v":{"t":[0,0]}},{"k":[7,0,0,24,0],"v":{"t":[0,0]}},{"k":[8,0,0,23,0],"v":{"t":[0,0]}},{"k":[9,0,0,22,0],"v":{"t":[0,0]}},{"k":[9,2,0,20,0],"v":{"t":[0,0]}},{"k":[0,0,0,18,0],"v":{"t":[0,0]}},{"k":[1,0,0,17,0],"v":{"t":[0,0]}},{"k":[2,0,0,16,0],"v":{"t":[0,0]}},{"k":[0,2,0,16,0],"v":{"t":[0,0]}},{"k":[6,0,0,24,0],"v":{"t":[0,0]}},{"k":[7,0,0,23,0],"v":{"t":[0,0]}},{"k":[8,0,0,22,0],"v":{"t":[0,0]}},{"k":[9,0,0,21,0],"v":{"t":[0,0]}},{"k":[9,2,0,19,0],"v":{"t":[0,0]}},{"k":[5,0,6.25,19,0],"v":{"t":[5,4]}},{"k":[0,0,0,17,0],"v":{"t":[0,0]}},{"k":[1,0,0,16,0],"v":{"t":[0,0]}},{"k":[5,0,0,24,0],"v":{"t":[0,0]}},{"k":[6,0,0,23,0],"v":{"t":[0,0]}},{"k":[7,0,0,22,0],"v":{"t":[0,0]}},{"k":[8,0,0,21,0],"v":{"t":[0,0]}},{"k":[9,0,0,20,0],"v":{"t":[0,0]}},{"k":[9,2,0,18,0],"v":{"t":[0,0]}},{"k":[4,0,0,24,0],"v":{"t":[0,0]}},{"k":[5,0,0,23,0],"v":{"t":[0,0]}},{"k":[6,0,0,22,0],"v":{"t":[0,0]}},{"k":[7,0,0,21,0],"v":{"t":[0,0]}},{"k":[8,0,0,20,0],"v":{"t":[0,0]}},{"k":[9,0,0,19,0],"v":{"t":[0,0]}},{"k":[9,2,0,17,0],"v":{"t":[0,0]}},{"k":[3,0,0,24,0],"v":{"t":[0,0]}},{"k":[4,0,0,23,0],"v":{"t":[0,0]}},{"k":[5,0,0,22,0],"v":{"t":[0,0]}},{"k":[6,0,0,21,0],"v":{"t":[0,0]}},{"k":[7,0,0,20,0],"v":{"t":[0,0]}},{"k":[8,0,0,19,0],"v":{"t":[0,0]}},{"k":[9,0,0,18,0],"v":{"t":[0,0]}},{"k":[1,2,0,24,0],"v":{"t":[0,0]}},{"k":[9,2,0,16,0],"v":{"t":[0,0]}},{"k":[4,0,6.25,17,0],"v":{"t":[5,4]}},{"k":[2,0,0,24,0],"v":{"t":[0,0]}},{"k":[3,0,0,23,0],"v":{"t":[0,0]}},{"k":[4,0,0,22,0],"v":{"t":[0,0]}},{"k":[5,0,0,21,0],"v":{"t":[0,0]}},{"k":[6,0,0,20,0],"v":{"t":[0,0]}},{"k":[7,0,0,19,0],"v":{"t":[0,0]}},{"k":[8,0,0,18,0],"v":{"t":[0,0]}},{"k":[9,0,0,17,0],"v":{"t":[0,0]}},{"k":[0,2,0,24,0],"v":{"t":[0,0]}},{"k":[1,0,0,24,0],"v":{"t":[0,0]}},{"k":[2,0,0,23,0],"v":{"t":[0,0]}},{"k":[3,0,0,22,0],"v":{"t":[0,0]}},{"k":[4,0,0,21,0],"v":{"t":[0,0]}},{"k":[5,0,0,20,0],"v":{"t":[0,0]}},{"k":[6,0,0,19,0],"v":{"t":[0,0]}},{"k":[7,0,0,18,0],"v":{"t":[0,0]}},{"k":[8,0,0,17,0],"v":{"t":[0,0]}},{"k":[9,0,0,16,0],"v":{"t":[0,0]}},{"k":[0,2,0,23,0],"v":{"t":[0,0]}},{"k":[9,2,0,24,0],"v":{"t":[0,0]}},{"k":[9,2,0,23,0],"v":{"t":[0,0]}},{"k":[8,2,0,24,0],"v":{"t":[0,0]}},{"k":[9,0,0,24,0],"v":{"t":[0,0]}},{"k":[9,2,0,22,0],"v":{"t":[0,0]}},{"k":[0,0,0,16,0],"v":{"t":[0,0]}}]},"moun":{"a":[{"k":[0,0,0,24,0],"v":{"hs":2,"r":true,"sid":2,"t":true}},{"k":[0,0,0,23,0],"v":{"b":true,"hs":2,"sid":2,"t":true}},{"k":[0,0,0,22,0],"v":{"b":true,"hs":2,"sid":2,"t":true}},{"k":[9,0,0,24,0],"v":{"hs":2,"l":true,"sid":2,"t":true}},{"k":[0,0,0,21,0],"v":{"b":true,"hs":2,"sid":2,"t":true}},{"k":[0,0,0,20,0],"v":{"b":true,"hs":2,"sid":2,"t":true}},{"k":[0,0,0,19,0],"v":{"b":true,"hs":2,"sid":2,"t":true}},{"k":[0,0,0,18,0],"v":{"b":true,"hs":2,"sid":2,"t":true}},{"k":[0,0,0,17,0],"v":{"b":true,"hs":2,"sid":2,"t":true}},{"k":[9,0,0,23,0],"v":{"b":true,"hs":2,"sid":2,"t":true}},{"k":[8,0,0,24,0],"v":{"hs":2,"r":true,"sid":2}},{"k":[9,0,0,22,0],"v":{"b":true,"hs":2,"sid":2,"t":true}},{"k":[9,0,0,21,0],"v":{"b":true,"hs":2,"sid":2,"t":true}},{"k":[9,0,0,20,0],"v":{"b":true,"hs":2,"sid":2,"t":true}},{"k":[9,0,0,19,0],"v":{"b":true,"hs":2,"sid":2,"t":true}},{"k":[0,0,0,16,0],"v":{"b":true,"hs":2,"sid":2,"t":true}},{"k":[9,0,0,18,0],"v":{"b":true,"hs":2,"sid":2,"t":true}},{"k":[9,0,0,17,0],"v":{"b":true,"hs":2,"sid":2,"t":true}},{"k":[1,0,0,24,0],"v":{"hs":2,"l":true,"sid":2}},{"k":[9,0,0,16,0],"v":{"b":true,"hs":2,"sid":2,"t":true}}],"o":[]},"objs":{"list":[]},"objs3d":{"a":[],"o":[]},"sprites":{"list":[{"k":[2,4,0,20,0],"v":{"f":false,"k":4,"t":[0,8,2,2]}},{"k":[1,4,0,21,0],"v":{"f":false,"k":4,"t":[0,8,2,2]}},{"k":[7,0,0,18,0],"v":{"k":4,"t":[0,11,2,4]}},{"k":[8,0,0,17,0],"v":{"k":4,"t":[0,11,2,4]}},{"k":[3,0,0,18,0,75,43.75,0],"v":{"k":4,"t":[7,6,1,1]}},{"k":[6,0,0,23,0,87.5,87.5,0],"v":{"k":4,"t":[4,1,1,1]}},{"k":[8,4,0,23,0],"v":{"f":false,"k":4,"t":[0,8,2,2]}},{"k":[7,4,0,22,0],"v":{"f":false,"k":4,"t":[0,8,2,2]}},{"k":[8,4,0,21,0],"v":{"f":false,"k":4,"t":[0,8,2,2]}},{"k":[2,0,0,23,0,93.75,87.5,0],"v":{"k":4,"t":[6,5,1,1]}},{"k":[6,0,0,19,0,31.25,37.5,0],"v":{"k":4,"t":[6,5,1,1]}},{"k":[6,0,0,21,0,75,0,0],"v":{"k":4,"t":[4,1,1,1]}},{"k":[2,0,0,22,0],"v":{"f":false,"k":4,"t":[0,11,2,4]}},{"k":[1,0,0,23,0],"v":{"f":false,"k":4,"t":[0,11,2,4]}},{"k":[2,4,0,18,0],"v":{"f":false,"k":4,"t":[0,8,2,2]}},{"k":[1,4,0,19,0],"v":{"f":false,"k":4,"t":[0,8,2,2]}},{"k":[7,0,0,16,0],"v":{"k":4,"t":[0,11,2,4]}},{"k":[2,0,0,20,0],"v":{"f":false,"k":4,"t":[0,11,2,4]}},{"k":[1,0,0,21,0],"v":{"f":false,"k":4,"t":[0,11,2,4]}},{"k":[2,4,0,16,0],"v":{"f":false,"k":4,"t":[0,8,2,2]}},{"k":[1,4,0,17,0],"v":{"f":false,"k":4,"t":[0,8,2,2]}},{"k":[3,0,0,19,0,37.5,62.5,0],"v":{"k":4,"t":[4,1,1,1]}},{"k":[8,0,0,23,0],"v":{"f":false,"k":4,"t":[0,11,2,4]}},{"k":[7,4,0,20,0],"v":{"f":false,"k":4,"t":[0,8,2,2]}},{"k":[8,4,0,19,0],"v":{"f":false,"k":4,"t":[0,8,2,2]}},{"k":[3,0,0,22,0,43.75,62.5,0],"v":{"k":4,"t":[4,1,1,1]}},{"k":[2,0,0,18,0],"v":{"k":4,"t":[0,11,2,4]}},{"k":[1,0,0,19,0],"v":{"f":false,"k":4,"t":[0,11,2,4]}},{"k":[7,0,0,22,0],"v":{"f":false,"k":4,"t":[0,11,2,4]}},{"k":[8,0,0,21,0],"v":{"f":false,"k":4,"t":[0,11,2,4]}},{"k":[8,4,0,17,0],"v":{"f":false,"k":4,"t":[0,8,2,2]}},{"k":[7,4,0,18,0],"v":{"f":false,"k":4,"t":[0,8,2,2]}},{"k":[2,0,0,16,0],"v":{"f":false,"k":4,"t":[0,11,2,4]}},{"k":[1,0,0,17,0],"v":{"f":false,"k":4,"t":[0,11,2,4]}},{"k":[2,4,0,22,0],"v":{"f":false,"k":4,"t":[0,8,2,2]}},{"k":[1,4,0,23,0],"v":{"f":false,"k":4,"t":[0,8,2,2]}},{"k":[6,0,0,22,0,43.75,56.25,0],"v":{"k":4,"t":[7,5,1,1]}},{"k":[7,0,0,20,0],"v":{"f":false,"k":4,"t":[0,11,2,4]}},{"k":[8,0,0,19,0],"v":{"f":false,"k":4,"t":[0,11,2,4]}},{"k":[7,4,0,16,0],"v":{"f":false,"k":4,"t":[0,8,2,2]}}],"overflow":[],"walls":[]}}