{"lands":{"autotiles":[{"k":[14,0,0,15,0],"v":{"id":1,"t":[1,1],"tid":318}},{"k":[15,0,0,14,0],"v":{"id":1,"t":[1,1],"tid":318}},{"k":[15,0,0,15,0],"v":{"id":1,"t":[1,1],"tid":318}},{"k":[14,0,0,13,0],"v":{"id":1,"t":[1,1],"tid":318}},{"k":[15,0,0,12,0],"v":{"id":1,"t":[1,1],"tid":318}},{"k":[13,0,0,14,0],"v":{"id":1,"t":[1,1],"tid":584}},{"k":[12,0,0,15,0],"v":{"id":1,"t":[5,0],"tid":370}},{"k":[15,0,0,13,0],"v":{"id":1,"t":[1,1],"tid":318}},{"k":[13,0,0,15,0],"v":{"id":1,"t":[1,1],"tid":584}},{"k":[14,0,0,14,0],"v":{"id":1,"t":[1,1],"tid":318}},{"k":[13,0,0,12,0],"v":{"id":1,"t":[1,1],"tid":584}},{"k":[14,0,0,11,0],"v":{"id":1,"t":[1,1],"tid":318}},{"k":[15,0,0,10,0],"v":{"id":1,"t":[1,1],"tid":318}},{"k":[10,0,0,15,0],"v":{"id":1,"t":[5,0],"tid":318}},{"k":[11,0,0,14,0],"v":{"id":1,"t":[5,0],"tid":318}},{"k":[12,0,0,13,0],"v":{"id":1,"t":[5,0],"tid":370}},{"k":[13,0,0,13,0],"v":{"id":1,"t":[1,1],"tid":584}},{"k":[14,0,0,12,0],"v":{"id":1,"t":[1,1],"tid":318}},{"k":[15,0,0,11,0],"v":{"id":1,"t":[1,1],"tid":318}},{"k":[11,0,0,15,0],"v":{"id":1,"t":[5,0],"tid":318}},{"k":[12,0,0,14,0],"v":{"id":1,"t":[5,0],"tid":370}},{"k":[0,0,0,7,0],"v":{"id":1,"t":[1,1],"tid":584}},{"k":[1,0,0,6,0],"v":{"id":1,"t":[1,1],"tid":318}},{"k":[2,0,0,5,0],"v":{"id":1,"t":[1,1],"tid":318}},{"k":[3,0,0,4,0],"v":{"id":1,"t":[1,1],"tid":318}},{"k":[4,0,0,3,0],"v":{"id":1,"t":[1,1],"tid":318}},{"k":[5,0,0,2,0],"v":{"id":1,"t":[1,1],"tid":318}},{"k":[6,0,0,1,0],"v":{"id":1,"t":[1,1],"tid":318}},{"k":[7,0,0,0,0],"v":{"id":1,"t":[1,1],"tid":471}},{"k":[0,0,0,8,0],"v":{"id":1,"t":[1,1],"tid":584}},{"k":[1,0,0,7,0],"v":{"id":1,"t":[1,1],"tid":318}},{"k":[2,0,0,6,0],"v":{"id":1,"t":[1,1],"tid":318}},{"k":[3,0,0,5,0],"v":{"id":1,"t":[1,1],"tid":318}},{"k":[4,0,0,4,0],"v":{"id":1,"t":[1,1],"tid":318}},{"k":[5,0,0,3,0],"v":{"id":1,"t":[1,1],"tid":318}},{"k":[6,0,0,2,0],"v":{"id":1,"t":[1,1],"tid":318}},{"k":[7,0,0,1,0],"v":{"id":1,"t":[1,1],"tid":318}},{"k":[8,0,0,0,0],"v":{"id":1,"t":[1,1],"tid":471}},{"k":[0,0,0,5,0],"v":{"id":1,"t":[1,1],"tid":584}},{"k":[1,0,0,4,0],"v":{"id":1,"t":[1,1],"tid":318}},{"k":[2,0,0,3,0],"v":{"id":1,"t":[1,1],"tid":318}},{"k":[3,0,0,2,0],"v":{"id":1,"t":[1,1],"tid":318}},{"k":[4,0,0,1,0],"v":{"id":1,"t":[1,1],"tid":318}},{"k":[5,0,0,0,0],"v":{"id":1,"t":[1,1],"tid":471}},{"k":[0,0,0,6,0],"v":{"id":1,"t":[1,1],"tid":584}},{"k":[1,0,0,5,0],"v":{"id":1,"t":[1,1],"tid":318}},{"k":[2,0,0,4,0],"v":{"id":1,"t":[1,1],"tid":318}},{"k":[3,0,0,3,0],"v":{"id":1,"t":[1,1],"tid":318}},{"k":[4,0,0,2,0],"v":{"id":1,"t":[1,1],"tid":318}},{"k":[5,0,0,1,0],"v":{"id":1,"t":[1,1],"tid":318}},{"k":[6,0,0,0,0],"v":{"id":1,"t":[1,1],"tid":471}},{"k":[0,0,0,3,0],"v":{"id":1,"t":[1,1],"tid":584}},{"k":[1,0,0,2,0],"v":{"id":1,"t":[1,1],"tid":318}},{"k":[2,0,0,1,0],"v":{"id":1,"t":[1,1],"tid":318}},{"k":[3,0,0,0,0],"v":{"id":1,"t":[1,1],"tid":471}},{"k":[0,0,0,4,0],"v":{"id":1,"t":[1,1],"tid":584}},{"k":[1,0,0,3,0],"v":{"id":1,"t":[1,1],"tid":318}},{"k":[2,0,0,2,0],"v":{"id":1,"t":[1,1],"tid":318}},{"k":[3,0,0,1,0],"v":{"id":1,"t":[1,1],"tid":318}},{"k":[4,0,0,0,0],"v":{"id":1,"t":[1,1],"tid":471}},{"k":[0,0,0,1,0],"v":{"id":1,"t":[1,1],"tid":584}},{"k":[1,0,0,0,0],"v":{"id":1,"t":[1,1],"tid":471}},{"k":[0,0,0,2,0],"v":{"id":1,"t":[1,1],"tid":584}},{"k":[1,0,0,1,0],"v":{"id":1,"t":[1,1],"tid":318}},{"k":[2,0,0,0,0],"v":{"id":1,"t":[1,1],"tid":471}},{"k":[0,0,0,0,0],"v":{"id":1,"t":[1,1],"tid":225}},{"k":[13,0,0,10,0],"v":{"id":1,"t":[1,1],"tid":584}},{"k":[14,0,0,9,0],"v":{"id":1,"t":[1,1],"tid":318}},{"k":[15,0,0,8,0],"v":{"id":1,"t":[1,1],"tid":318}},{"k":[11,0,0,12,0],"v":{"id":1,"t":[5,0],"tid":318}},{"k":[12,0,0,11,0],"v":{"id":1,"t":[5,0],"tid":370}},{"k":[8,0,0,15,0],"v":{"id":1,"t":[5,0],"tid":584}},{"k":[9,0,0,14,0],"v":{"id":1,"t":[5,0],"tid":318}},{"k":[10,0,0,13,0],"v":{"id":1,"t":[5,0],"tid":318}},{"k":[13,0,0,11,0],"v":{"id":1,"t":[1,1],"tid":584}},{"k":[14,0,0,10,0],"v":{"id":1,"t":[1,1],"tid":318}},{"k":[15,0,0,9,0],"v":{"id":1,"t":[1,1],"tid":318}},{"k":[12,0,0,12,0],"v":{"id":1,"t":[5,0],"tid":370}},{"k":[9,0,0,15,0],"v":{"id":1,"t":[5,0],"tid":318}},{"k":[10,0,0,14,0],"v":{"id":1,"t":[5,0],"tid":318}},{"k":[11,0,0,13,0],"v":{"id":1,"t":[5,0],"tid":318}},{"k":[13,0,0,8,0],"v":{"id":1,"t":[1,1],"tid":584}},{"k":[14,0,0,7,0],"v":{"id":1,"t":[1,1],"tid":318}},{"k":[15,0,0,6,0],"v":{"id":1,"t":[1,1],"tid":318}},{"k":[9,0,0,12,0],"v":{"id":1,"t":[5,0],"tid":318}},{"k":[10,0,0,11,0],"v":{"id":1,"t":[5,0],"tid":318}},{"k":[11,0,0,10,0],"v":{"id":1,"t":[5,0],"tid":318}},{"k":[12,0,0,9,0],"v":{"id":1,"t":[5,0],"tid":370}},{"k":[6,0,0,15,0],"v":{"id":1,"t":[1,1],"tid":318}},{"k":[7,0,0,14,0],"v":{"id":1,"t":[1,1],"tid":370}},{"k":[8,0,0,13,0],"v":{"id":1,"t":[5,0],"tid":584}},{"k":[13,0,0,9,0],"v":{"id":1,"t":[1,1],"tid":584}},{"k":[14,0,0,8,0],"v":{"id":1,"t":[1,1],"tid":318}},{"k":[15,0,0,7,0],"v":{"id":1,"t":[1,1],"tid":318}},{"k":[10,0,0,12,0],"v":{"id":1,"t":[5,0],"tid":318}},{"k":[11,0,0,11,0],"v":{"id":1,"t":[5,0],"tid":318}},{"k":[12,0,0,10,0],"v":{"id":1,"t":[5,0],"tid":370}},{"k":[7,0,0,15,0],"v":{"id":1,"t":[1,1],"tid":370}},{"k":[8,0,0,14,0],"v":{"id":1,"t":[5,0],"tid":584}},{"k":[9,0,0,13,0],"v":{"id":1,"t":[5,0],"tid":318}},{"k":[6,0,0,13,0],"v":{"id":1,"t":[1,1],"tid":318}},{"k":[7,0,0,12,0],"v":{"id":1,"t":[1,1],"tid":370}},{"k":[13,0,0,6,0],"v":{"id":1,"t":[1,1],"tid":584}},{"k":[14,0,0,5,0],"v":{"id":1,"t":[1,1],"tid":318}},{"k":[15,0,0,4,0],"v":{"id":1,"t":[1,1],"tid":318}},{"k":[8,0,0,11,0],"v":{"id":1,"t":[5,0],"tid":584}},{"k":[9,0,0,10,0],"v":{"id":1,"t":[5,0],"tid":318}},{"k":[10,0,0,9,0],"v":{"id":1,"t":[5,0],"tid":318}},{"k":[11,0,0,8,0],"v":{"id":1,"t":[5,0],"tid":318}},{"k":[12,0,0,7,0],"v":{"id":1,"t":[5,0],"tid":370}},{"k":[4,0,0,15,0],"v":{"id":1,"t":[1,1],"tid":318}},{"k":[5,0,0,14,0],"v":{"id":1,"t":[1,1],"tid":318}},{"k":[7,0,0,13,0],"v":{"id":1,"t":[1,1],"tid":370}},{"k":[13,0,0,7,0],"v":{"id":1,"t":[1,1],"tid":584}},{"k":[14,0,0,6,0],"v":{"id":1,"t":[1,1],"tid":318}},{"k":[15,0,0,5,0],"v":{"id":1,"t":[1,1],"tid":318}},{"k":[8,0,0,12,0],"v":{"id":1,"t":[5,0],"tid":584}},{"k":[9,0,0,11,0],"v":{"id":1,"t":[5,0],"tid":318}},{"k":[10,0,0,10,0],"v":{"id":1,"t":[5,0],"tid":318}},{"k":[11,0,0,9,0],"v":{"id":1,"t":[5,0],"tid":318}},{"k":[12,0,0,8,0],"v":{"id":1,"t":[5,0],"tid":370}},{"k":[5,0,0,15,0],"v":{"id":1,"t":[1,1],"tid":318}},{"k":[6,0,0,14,0],"v":{"id":1,"t":[1,1],"tid":318}},{"k":[4,0,0,13,0],"v":{"id":1,"t":[1,1],"tid":318}},{"k":[5,0,0,12,0],"v":{"id":1,"t":[1,1],"tid":318}},{"k":[6,0,0,11,0],"v":{"id":1,"t":[1,1],"tid":318}},{"k":[7,0,0,10,0],"v":{"id":1,"t":[1,1],"tid":370}},{"k":[13,0,0,4,0],"v":{"id":1,"t":[1,1],"tid":584}},{"k":[14,0,0,3,0],"v":{"id":1,"t":[1,1],"tid":318}},{"k":[15,0,0,2,0],"v":{"id":1,"t":[1,1],"tid":318}},{"k":[8,0,0,9,0],"v":{"id":1,"t":[5,0],"tid":584}},{"k":[9,0,0,8,0],"v":{"id":1,"t":[5,0],"tid":318}},{"k":[10,0,0,7,0],"v":{"id":1,"t":[5,0],"tid":318}},{"k":[11,0,0,6,0],"v":{"id":1,"t":[5,0],"tid":318}},{"k":[12,0,0,5,0],"v":{"id":1,"t":[5,0],"tid":370}},{"k":[2,0,0,15,0],"v":{"id":1,"t":[1,1],"tid":318}},{"k":[3,0,0,14,0],"v":{"id":1,"t":[1,1],"tid":318}},{"k":[5,0,0,13,0],"v":{"id":1,"t":[1,1],"tid":318}},{"k":[6,0,0,12,0],"v":{"id":1,"t":[1,1],"tid":318}},{"k":[7,0,0,11,0],"v":{"id":1,"t":[1,1],"tid":370}},{"k":[13,0,0,5,0],"v":{"id":1,"t":[1,1],"tid":584}},{"k":[14,0,0,4,0],"v":{"id":1,"t":[1,1],"tid":318}},{"k":[15,0,0,3,0],"v":{"id":1,"t":[1,1],"tid":318}},{"k":[8,0,0,10,0],"v":{"id":1,"t":[5,0],"tid":584}},{"k":[9,0,0,9,0],"v":{"id":1,"t":[5,0],"tid":318}},{"k":[10,0,0,8,0],"v":{"id":1,"t":[5,0],"tid":318}},{"k":[11,0,0,7,0],"v":{"id":1,"t":[5,0],"tid":318}},{"k":[12,0,0,6,0],"v":{"id":1,"t":[5,0],"tid":370}},{"k":[3,0,0,15,0],"v":{"id":1,"t":[1,1],"tid":318}},{"k":[4,0,0,14,0],"v":{"id":1,"t":[1,1],"tid":318}},{"k":[2,0,0,13,0],"v":{"id":1,"t":[1,1],"tid":318}},{"k":[3,0,0,12,0],"v":{"id":1,"t":[1,1],"tid":318}},{"k":[4,0,0,11,0],"v":{"id":1,"t":[1,1],"tid":318}},{"k":[5,0,0,10,0],"v":{"id":1,"t":[1,1],"tid":318}},{"k":[6,0,0,9,0],"v":{"id":1,"t":[1,1],"tid":318}},{"k":[12,0,0,3,0],"v":{"id":1,"t":[1,1],"tid":324}},{"k":[13,0,0,2,0],"v":{"id":1,"t":[1,1],"tid":318}},{"k":[14,0,0,1,0],"v":{"id":1,"t":[1,1],"tid":318}},{"k":[15,0,0,0,0],"v":{"id":1,"t":[1,1],"tid":471}},{"k":[8,0,0,7,0],"v":{"id":1,"t":[5,0],"tid":584}},{"k":[9,0,0,6,0],"v":{"id":1,"t":[5,0],"tid":318}},{"k":[10,0,0,5,0],"v":{"id":1,"t":[5,0],"tid":318}},{"k":[11,0,0,4,0],"v":{"id":1,"t":[5,0],"tid":471}},{"k":[0,0,0,15,0],"v":{"id":1,"t":[1,1],"tid":584}},{"k":[1,0,0,14,0],"v":{"id":1,"t":[1,1],"tid":318}},{"k":[7,0,0,8,0],"v":{"id":1,"t":[1,1],"tid":370}},{"k":[3,0,0,13,0],"v":{"id":1,"t":[1,1],"tid":318}},{"k":[4,0,0,12,0],"v":{"id":1,"t":[1,1],"tid":318}},{"k":[5,0,0,11,0],"v":{"id":1,"t":[1,1],"tid":318}},{"k":[6,0,0,10,0],"v":{"id":1,"t":[1,1],"tid":318}},{"k":[7,0,0,9,0],"v":{"id":1,"t":[1,1],"tid":370}},{"k":[13,0,0,3,0],"v":{"id":1,"t":[1,1],"tid":308}},{"k":[14,0,0,2,0],"v":{"id":1,"t":[1,1],"tid":318}},{"k":[15,0,0,1,0],"v":{"id":1,"t":[1,1],"tid":318}},{"k":[8,0,0,8,0],"v":{"id":1,"t":[5,0],"tid":584}},{"k":[9,0,0,7,0],"v":{"id":1,"t":[5,0],"tid":318}},{"k":[10,0,0,6,0],"v":{"id":1,"t":[5,0],"tid":318}},{"k":[11,0,0,5,0],"v":{"id":1,"t":[5,0],"tid":318}},{"k":[12,0,0,4,0],"v":{"id":1,"t":[5,0],"tid":423}},{"k":[1,0,0,15,0],"v":{"id":1,"t":[1,1],"tid":318}},{"k":[2,0,0,14,0],"v":{"id":1,"t":[1,1],"tid":318}},{"k":[0,0,0,13,0],"v":{"id":1,"t":[1,1],"tid":584}},{"k":[1,0,0,12,0],"v":{"id":1,"t":[1,1],"tid":318}},{"k":[2,0,0,11,0],"v":{"id":1,"t":[1,1],"tid":318}},{"k":[3,0,0,10,0],"v":{"id":1,"t":[1,1],"tid":318}},{"k":[4,0,0,9,0],"v":{"id":1,"t":[1,1],"tid":318}},{"k":[5,0,0,8,0],"v":{"id":1,"t":[1,1],"tid":318}},{"k":[6,0,0,7,0],"v":{"id":1,"t":[1,1],"tid":318}},{"k":[7,0,0,6,0],"v":{"id":1,"t":[1,1],"tid":370}},{"k":[10,0,0,3,0],"v":{"id":1,"t":[1,1],"tid":324}},{"k":[11,0,0,2,0],"v":{"id":1,"t":[1,1],"tid":318}},{"k":[12,0,0,1,0],"v":{"id":1,"t":[1,1],"tid":318}},{"k":[13,0,0,0,0],"v":{"id":1,"t":[1,1],"tid":471}},{"k":[8,0,0,5,0],"v":{"id":1,"t":[5,0],"tid":584}},{"k":[9,0,0,4,0],"v":{"id":1,"t":[5,0],"tid":471}},{"k":[1,0,0,13,0],"v":{"id":1,"t":[1,1],"tid":318}},{"k":[2,0,0,12,0],"v":{"id":1,"t":[1,1],"tid":318}},{"k":[3,0,0,11,0],"v":{"id":1,"t":[1,1],"tid":318}},{"k":[4,0,0,10,0],"v":{"id":1,"t":[1,1],"tid":318}},{"k":[5,0,0,9,0],"v":{"id":1,"t":[1,1],"tid":318}},{"k":[6,0,0,8,0],"v":{"id":1,"t":[1,1],"tid":318}},{"k":[7,0,0,7,0],"v":{"id":1,"t":[1,1],"tid":370}},{"k":[11,0,0,3,0],"v":{"id":1,"t":[1,1],"tid":324}},{"k":[12,0,0,2,0],"v":{"id":1,"t":[1,1],"tid":318}},{"k":[13,0,0,1,0],"v":{"id":1,"t":[1,1],"tid":318}},{"k":[14,0,0,0,0],"v":{"id":1,"t":[1,1],"tid":471}},{"k":[8,0,0,6,0],"v":{"id":1,"t":[5,0],"tid":584}},{"k":[9,0,0,5,0],"v":{"id":1,"t":[5,0],"tid":318}},{"k":[10,0,0,4,0],"v":{"id":1,"t":[5,0],"tid":471}},{"k":[0,0,0,14,0],"v":{"id":1,"t":[1,1],"tid":584}},{"k":[0,0,0,11,0],"v":{"id":1,"t":[1,1],"tid":584}},{"k":[1,0,0,10,0],"v":{"id":1,"t":[1,1],"tid":318}},{"k":[2,0,0,9,0],"v":{"id":1,"t":[1,1],"tid":318}},{"k":[3,0,0,8,0],"v":{"id":1,"t":[1,1],"tid":318}},{"k":[4,0,0,7,0],"v":{"id":1,"t":[1,1],"tid":318}},{"k":[5,0,0,6,0],"v":{"id":1,"t":[1,1],"tid":318}},{"k":[6,0,0,5,0],"v":{"id":1,"t":[1,1],"tid":318}},{"k":[7,0,0,4,0],"v":{"id":1,"t":[1,1],"tid":370}},{"k":[8,0,0,3,0],"v":{"id":1,"t":[1,1],"tid":324}},{"k":[9,0,0,2,0],"v":{"id":1,"t":[1,1],"tid":318}},{"k":[10,0,0,1,0],"v":{"id":1,"t":[1,1],"tid":318}},{"k":[11,0,0,0,0],"v":{"id":1,"t":[1,1],"tid":471}},{"k":[0,0,0,12,0],"v":{"id":1,"t":[1,1],"tid":584}},{"k":[1,0,0,11,0],"v":{"id":1,"t":[1,1],"tid":318}},{"k":[2,0,0,10,0],"v":{"id":1,"t":[1,1],"tid":318}},{"k":[3,0,0,9,0],"v":{"id":1,"t":[1,1],"tid":318}},{"k":[4,0,0,8,0],"v":{"id":1,"t":[1,1],"tid":318}},{"k":[5,0,0,7,0],"v":{"id":1,"t":[1,1],"tid":318}},{"k":[6,0,0,6,0],"v":{"id":1,"t":[1,1],"tid":318}},{"k":[7,0,0,5,0],"v":{"id":1,"t":[1,1],"tid":370}},{"k":[9,0,0,3,0],"v":{"id":1,"t":[1,1],"tid":324}},{"k":[10,0,0,2,0],"v":{"id":1,"t":[1,1],"tid":318}},{"k":[11,0,0,1,0],"v":{"id":1,"t":[1,1],"tid":318}},{"k":[12,0,0,0,0],"v":{"id":1,"t":[1,1],"tid":471}},{"k":[8,0,0,4,0],"v":{"id":1,"t":[5,0],"tid":225}},{"k":[0,0,0,9,0],"v":{"id":1,"t":[1,1],"tid":584}},{"k":[1,0,0,8,0],"v":{"id":1,"t":[1,1],"tid":318}},{"k":[2,0,0,7,0],"v":{"id":1,"t":[1,1],"tid":318}},{"k":[3,0,0,6,0],"v":{"id":1,"t":[1,1],"tid":318}},{"k":[4,0,0,5,0],"v":{"id":1,"t":[1,1],"tid":318}},{"k":[5,0,0,4,0],"v":{"id":1,"t":[1,1],"tid":318}},{"k":[6,0,0,3,0],"v":{"id":1,"t":[1,1],"tid":318}},{"k":[7,0,0,2,0],"v":{"id":1,"t":[1,1],"tid":318}},{"k":[8,0,0,1,0],"v":{"id":1,"t":[1,1],"tid":318}},{"k":[9,0,0,0,0],"v":{"id":1,"t":[1,1],"tid":471}},{"k":[0,0,0,10,0],"v":{"id":1,"t":[1,1],"tid":584}},{"k":[1,0,0,9,0],"v":{"id":1,"t":[1,1],"tid":318}},{"k":[2,0,0,8,0],"v":{"id":1,"t":[1,1],"tid":318}},{"k":[3,0,0,7,0],"v":{"id":1,"t":[1,1],"tid":318}},{"k":[4,0,0,6,0],"v":{"id":1,"t":[1,1],"tid":318}},{"k":[5,0,0,5,0],"v":{"id":1,"t":[1,1],"tid":318}},{"k":[6,0,0,4,0],"v":{"id":1,"t":[1,1],"tid":318}},{"k":[7,0,0,3,0],"v":{"id":1,"t":[1,1],"tid":316}},{"k":[8,0,0,2,0],"v":{"id":1,"t":[1,1],"tid":318}},{"k":[9,0,0,1,0],"v":{"id":1,"t":[1,1],"tid":318}},{"k":[10,0,0,0,0],"v":{"id":1,"t":[1,1],"tid":471}}],"floors":[{"k":[12,0,31.25,2,0],"v":{"t":[1,1]}},{"k":[13,0,31.25,1,0],"v":{"t":[1,1]}},{"k":[14,0,31.25,0,0],"v":{"t":[1,1]}},{"k":[11,0,31.25,3,0],"v":{"t":[6,2]}},{"k":[13,0,31.25,2,0],"v":{"t":[1,1]}},{"k":[14,0,31.25,1,0],"v":{"t":[1,1]}},{"k":[12,0,31.25,3,0],"v":{"t":[6,2]}},{"k":[12,0,31.25,0,0],"v":{"t":[1,1]}},{"k":[10,0,31.25,2,0],"v":{"t":[1,1]}},{"k":[11,0,31.25,1,0],"v":{"t":[1,1]}},{"k":[9,0,31.25,3,0],"v":{"t":[6,2]}},{"k":[12,0,31.25,1,0],"v":{"t":[1,1]}},{"k":[11,0,31.25,2,0],"v":{"t":[1,1]}},{"k":[13,0,31.25,0,0],"v":{"t":[1,1]}},{"k":[10,0,31.25,3,0],"v":{"t":[6,2]}},{"k":[8,0,31.25,2,0],"v":{"t":[1,1]}},{"k":[9,0,31.25,1,0],"v":{"t":[1,1]}},{"k":[10,0,31.25,0,0],"v":{"t":[1,1]}},{"k":[11,0,31.25,0,0],"v":{"t":[1,1]}},{"k":[9,0,31.25,2,0],"v":{"t":[1,1]}},{"k":[10,0,31.25,1,0],"v":{"t":[1,1]}},{"k":[8,0,31.25,3,0],"v":{"t":[6,2]}},{"k":[8,0,31.25,0,0],"v":{"t":[1,1]}},{"k":[7,0,31.25,1,0],"v":{"t":[1,1]}},{"k":[8,0,31.25,1,0],"v":{"t":[1,1]}},{"k":[9,0,31.25,0,0],"v":{"t":[1,1]}},{"k":[7,0,31.25,2,0],"v":{"t":[1,1]}},{"k":[6,0,31.25,0,0],"v":{"t":[1,1]}},{"k":[7,0,31.25,0,0],"v":{"t":[1,1]}},{"k":[6,0,31.25,1,0],"v":{"t":[1,1]}}]},"moun":{"a":[{"k":[12,0,0,3,0],"v":{"hp":31.25,"hs":0,"l":true,"sid":14}},{"k":[13,0,0,2,0],"v":{"hp":31.25,"hs":0,"sid":14}},{"k":[14,0,0,1,0],"v":{"hp":31.25,"hs":0,"sid":14,"t":true}},{"k":[12,0,0,1,0],"v":{"b":true,"hp":31.25,"hs":0,"l":true,"r":true,"sid":6,"t":true}},{"k":[11,0,0,2,0],"v":{"hp":31.25,"hs":0,"l":true,"r":true,"sid":6,"t":true}},{"k":[13,0,0,0,0],"v":{"b":true,"hp":31.25,"hs":0,"l":true,"sid":6}},{"k":[10,0,0,3,0],"v":{"hp":31.25,"hs":0,"l":true,"r":true,"sid":14}},{"k":[12,0,0,2,0],"v":{"hp":31.25,"hs":0,"l":true,"sid":6,"t":true}},{"k":[13,0,0,1,0],"v":{"hp":31.25,"hs":0,"l":true,"sid":6,"t":true}},{"k":[11,0,0,3,0],"v":{"hp":31.25,"hs":0,"l":true,"r":true,"sid":14}},{"k":[14,0,0,0,0],"v":{"b":true,"hp":31.25,"hs":0,"sid":14}},{"k":[11,0,0,0,0],"v":{"b":true,"hp":31.25,"hs":0,"l":true,"r":true,"sid":6}},{"k":[9,0,0,2,0],"v":{"hp":31.25,"hs":0,"l":true,"r":true,"sid":6,"t":true}},{"k":[10,0,0,1,0],"v":{"b":true,"hp":31.25,"hs":0,"l":true,"r":true,"sid":6,"t":true}},{"k":[8,0,0,3,0],"v":{"hp":31.25,"hs":0,"r":true,"sid":14}},{"k":[12,0,0,0,0],"v":{"b":true,"hp":31.25,"hs":0,"l":true,"r":true,"sid":6}},{"k":[10,0,0,2,0],"v":{"hp":31.25,"hs":0,"l":true,"r":true,"sid":6,"t":true}},{"k":[11,0,0,1,0],"v":{"b":true,"hp":31.25,"hs":0,"l":true,"r":true,"sid":6,"t":true}},{"k":[9,0,0,3,0],"v":{"hp":31.25,"hs":0,"l":true,"r":true,"sid":14}},{"k":[8,0,0,1,0],"v":{"b":true,"hp":31.25,"hs":0,"l":true,"r":true,"sid":6,"t":true}},{"k":[9,0,0,0,0],"v":{"b":true,"hp":31.25,"hs":0,"l":true,"r":true,"sid":6}},{"k":[7,0,0,2,0],"v":{"hp":31.25,"hs":0,"sid":14}},{"k":[8,0,0,2,0],"v":{"hp":31.25,"hs":0,"r":true,"sid":6,"t":true}},{"k":[9,0,0,1,0],"v":{"b":true,"hp":31.25,"hs":0,"l":true,"r":true,"sid":6,"t":true}},{"k":[10,0,0,0,0],"v":{"b":true,"hp":31.25,"hs":0,"l":true,"r":true,"sid":6}},{"k":[7,0,0,0,0],"v":{"b":true,"hp":31.25,"hs":0,"r":true,"sid":6}},{"k":[6,0,0,1,0],"v":{"hp":31.25,"hs":0,"sid":14,"t":true}},{"k":[8,0,0,0,0],"v":{"b":true,"hp":31.25,"hs":0,"l":true,"r":true,"sid":6}},{"k":[7,0,0,1,0],"v":{"hp":31.25,"hs":0,"r":true,"sid":6,"t":true}},{"k":[6,0,0,0,0],"v":{"b":true,"hp":31.25,"hs":0,"sid":14}}],"o":[]},"objs":{"list":[{"k":[13,0,0,15,0],"v":{"events":[{"id":1,"name":"Hero action","p":[],"r":{"1":{"bh":true,"c":[{"command":[8,"Soldado",2,3,3,1,"..."],"kind":1}]}},"sys":false}],"hId":-1,"id":8,"name":"OBJ0006","ooepf":false,"states":[{"cam":true,"climb":false,"dir":false,"gid":24,"gk":4,"id":1,"move":true,"name":"Estado 1","pix":true,"pos":false,"stop":false,"sx":{"k":12,"v":1},"sy":{"k":12,"v":1},"sz":{"k":12,"v":1},"through":false,"x":0,"y":1}]}},{"k":[10,0,0,15,0],"v":{"events":[{"id":1,"name":"Hero action","p":[],"r":{"1":{"bh":true,"c":[{"command":[7,0,0,1,18,0,0,2,0,0,0],"kind":20}]}},"sys":false}],"hId":-1,"id":23,"name":"OBJ0011","ooepf":false,"states":[{"cam":true,"climb":false,"dir":false,"gid":-1,"gk":0,"id":1,"move":true,"name":"Estado 1","pix":true,"pos":false,"stop":false,"sx":{"k":12,"v":1},"sy":{"k":12,"v":1},"sz":{"k":12,"v":1},"through":false,"x":0,"y":0}]}},{"k":[9,0,0,15,0],"v":{"events":[{"id":1,"name":"Hero action","p":[],"r":{"1":{"bh":true,"c":[{"command":[7,0,0,1,18,0,0,2,0,0,0],"kind":20}]}},"sys":false}],"hId":-1,"id":25,"name":"OBJ0011","ooepf":false,"states":[{"cam":true,"climb":false,"dir":false,"gid":-1,"gk":0,"id":1,"move":true,"name":"Estado 1","pix":true,"pos":false,"stop":false,"sx":{"k":12,"v":1},"sy":{"k":12,"v":1},"sz":{"k":12,"v":1},"through":false,"x":0,"y":0}]}},{"k":[13,0,0,11,0],"v":{"events":[{"id":1,"name":"Hero action","p":[],"r":{"1":{"bh":true,"c":[{"command":[8,"Soldado",2,3,3,1,"..."],"kind":1}]}},"sys":false}],"hId":-1,"id":12,"name":"OBJ0006","ooepf":false,"states":[{"cam":true,"climb":false,"dir":false,"gid":24,"gk":4,"id":1,"move":true,"name":"Estado 1","pix":true,"pos":false,"stop":false,"sx":{"k":12,"v":1},"sy":{"k":12,"v":1},"sz":{"k":12,"v":1},"through":false,"x":0,"y":1}]}},{"k":[11,0,0,15,0],"v":{"events":[{"id":1,"name":"Hero action","p":[],"r":{"1":{"bh":true,"c":[{"command":[7,0,0,1,18,0,0,2,0,0,0],"kind":20}]}},"sys":false}],"hId":-1,"id":24,"name":"OBJ0011","ooepf":false,"states":[{"cam":true,"climb":false,"dir":false,"gid":-1,"gk":0,"id":1,"move":true,"name":"Estado 1","pix":true,"pos":false,"stop":false,"sx":{"k":12,"v":1},"sy":{"k":12,"v":1},"sz":{"k":12,"v":1},"through":false,"x":0,"y":0}]}},{"k":[13,0,0,13,0],"v":{"events":[{"id":1,"name":"Hero action","p":[],"r":{"1":{"bh":true,"c":[{"command":[8,"Soldado",2,3,3,1,"..."],"kind":1}]}},"sys":false}],"hId":-1,"id":7,"name":"OBJ0006","ooepf":false,"states":[{"cam":true,"climb":false,"dir":false,"gid":24,"gk":4,"id":1,"move":true,"name":"Estado 1","pix":true,"pos":false,"stop":false,"sx":{"k":12,"v":1},"sy":{"k":12,"v":1},"sz":{"k":12,"v":1},"through":false,"x":0,"y":1}]}},{"k":[13,0,0,9,0],"v":{"events":[{"id":1,"name":"Hero action","p":[],"r":{"1":{"bh":true,"c":[{"command":[8,"Soldado",2,3,3,1,"..."],"kind":1}]}},"sys":false}],"hId":-1,"id":26,"name":"OBJ0006","ooepf":false,"states":[{"cam":true,"climb":false,"dir":false,"gid":24,"gk":4,"id":1,"move":true,"name":"Estado 1","pix":true,"pos":false,"stop":false,"sx":{"k":12,"v":1},"sy":{"k":12,"v":1},"sz":{"k":12,"v":1},"through":false,"x":0,"y":1}]}},{"k":[7,0,0,15,0],"v":{"events":[{"id":1,"name":"Hero action","p":[],"r":{"1":{"bh":true,"c":[{"command":[8,"Soldado",2,3,3,1,"..."],"kind":1}]}},"sys":false}],"hId":-1,"id":14,"name":"OBJ0006","ooepf":false,"states":[{"cam":true,"climb":false,"dir":false,"gid":24,"gk":4,"id":1,"move":true,"name":"Estado 1","pix":true,"pos":false,"stop":false,"sx":{"k":12,"v":1},"sy":{"k":12,"v":1},"sz":{"k":12,"v":1},"through":false,"x":0,"y":3}]}},{"k":[13,0,0,7,0],"v":{"events":[{"id":1,"name":"Hero action","p":[],"r":{"1":{"bh":true,"c":[{"command":[8,"Soldado",2,3,3,1,"..."],"kind":1}]}},"sys":false}],"hId":-1,"id":6,"name":"OBJ0006","ooepf":false,"states":[{"cam":true,"climb":false,"dir":false,"gid":24,"gk":4,"id":1,"move":true,"name":"Estado 1","pix":true,"pos":false,"stop":false,"sx":{"k":12,"v":1},"sy":{"k":12,"v":1},"sz":{"k":12,"v":1},"through":false,"x":0,"y":1}]}},{"k":[7,0,0,13,0],"v":{"events":[{"id":1,"name":"Hero action","p":[],"r":{"1":{"bh":true,"c":[{"command":[8,"Soldado",2,3,3,1,"..."],"kind":1}]}},"sys":false}],"hId":-1,"id":16,"name":"OBJ0006","ooepf":false,"states":[{"cam":true,"climb":false,"dir":false,"gid":24,"gk":4,"id":1,"move":true,"name":"Estado 1","pix":true,"pos":false,"stop":false,"sx":{"k":12,"v":1},"sy":{"k":12,"v":1},"sz":{"k":12,"v":1},"through":false,"x":0,"y":3}]}},{"k":[10,0,0,7,0],"v":{"events":[{"id":1,"name":"Hero action","p":[],"r":{"1":{"bh":true,"c":[]}},"sys":false}],"hId":2,"id":1,"name":"OBJ0001","ooepf":false,"p":[{"id":1,"iv":{"k":4,"v":1},"name":""}],"states":[{"cam":true,"climb":false,"dir":false,"gid":6,"gk":4,"id":1,"move":true,"name":"Estado 1","pix":true,"pos":false,"stop":false,"sx":{"k":12,"v":1},"sy":{"k":12,"v":1},"sz":{"k":12,"v":1},"through":false,"x":0,"y":0}]}},{"k":[7,0,0,11,0],"v":{"events":[{"id":1,"name":"Hero action","p":[],"r":{"1":{"bh":true,"c":[{"command":[8,"Soldado",2,3,3,1,"..."],"kind":1}]}},"sys":false}],"hId":-1,"id":21,"name":"OBJ0006","ooepf":false,"states":[{"cam":true,"climb":false,"dir":false,"gid":24,"gk":4,"id":1,"move":true,"name":"Estado 1","pix":true,"pos":false,"stop":false,"sx":{"k":12,"v":1},"sy":{"k":12,"v":1},"sz":{"k":12,"v":1},"through":false,"x":0,"y":3}]}},{"k":[11,0,0,4,0],"v":{"events":[{"id":1,"name":"Hero action","p":[],"r":{"1":{"bh":true,"c":[{"command":[8,"Hellena",3,3,1,1,"Comi o cu de quem tá lendo"],"kind":1}]}},"sys":false}],"hId":-1,"id":22,"name":"OBJ0022","ooepf":false,"states":[{"cam":true,"climb":false,"dir":false,"gid":-1,"gk":0,"id":1,"move":true,"name":"Estado 1","pix":true,"pos":false,"stop":false,"sx":{"k":12,"v":1},"sy":{"k":12,"v":1},"sz":{"k":12,"v":1},"through":false,"x":0,"y":0}]}},{"k":[13,0,0,3,0],"v":{"events":[{"id":1,"name":"Hero action","p":[],"r":{"1":{"bh":true,"c":[{"command":[8,"Soldado",2,3,3,1,"...\n"],"kind":1}]}},"sys":false}],"hId":-1,"id":5,"name":"OBJ0004","ooepf":false,"states":[{"cam":true,"climb":false,"dir":false,"gid":24,"gk":4,"id":1,"move":true,"name":"Estado 1","pix":true,"pos":false,"stop":false,"sx":{"k":12,"v":1},"sy":{"k":12,"v":1},"sz":{"k":12,"v":1},"through":false,"x":0,"y":0}]}},{"k":[7,0,0,9,0],"v":{"events":[{"id":1,"name":"Hero action","p":[],"r":{"1":{"bh":true,"c":[{"command":[8,"Soldado",2,3,3,1,"..."],"kind":1}]}},"sys":false}],"hId":-1,"id":9,"name":"OBJ0006","ooepf":false,"states":[{"cam":true,"climb":false,"dir":false,"gid":24,"gk":4,"id":1,"move":true,"name":"Estado 1","pix":true,"pos":false,"stop":false,"sx":{"k":12,"v":1},"sy":{"k":12,"v":1},"sz":{"k":12,"v":1},"through":false,"x":0,"y":3}]}},{"k":[9,0,0,4,0],"v":{"events":[{"id":1,"name":"Hero action","p":[],"r":{"1":{"bh":true,"c":[{"children":[{"command":[8,"Lazzarus Roots",3,2,2,1,"Amor, não consigo acreditar que os nossos tronos ainda estão quebrados.\nDeveriamos que nos submeter a tal miséria? \n"],"kind":1},{"command":[8,"Hellna Roots",3,3,1,1,"Meu rei, não seja tão orgulhoso.\nAfinal viemos de um sangue mais simples."],"kind":1},{"command":[8,"Hellena Roots",3,3,1,1,"Mas isso não é o mais importante. No momento temos que pensar na saúde do nosso povo.\nA mancha vermelha está dizimando com toda nosso reino.\n"],"kind":1},{"command":[8,"Lazzarus Roots",3,2,2,1,"....Tudo bem, minha querida.\nOlick está cuidando disso, mas ainda sem muitos avanços..."],"kind":1},{"command":[8,"Alaric",1,1,1,1,"Meu rei."],"kind":1},{"command":[8,"Lazzarus Roots",3,2,2,1,"Ah, como vai, Alaric?\n"],"kind":1},{"command":[8,"Lazzarus Roots",3,2,2,1,"Você parece mais magro."],"kind":1},{"command":[8,"Alaric",1,1,1,1,"Senhor, eu precisarei ir em uma jornada."],"kind":1},{"command":[8,"Lazzarus Roots",3,2,2,1,"Ah, meu caro, Alaric. Sei que deve ser uma jornada importante.\nApenas volte em segurança.\nE tome cuidado apra não se infectar com a mancha vermelha."],"kind":1},{"command":[0,5,1,0,12,1],"kind":2}],"command":[0,0,4,5,3,12,0],"kind":8},{"command":[],"kind":10},{"command":[8,"Lazzarus Roots",3,2,2,1,"Até mais, Alaric."],"kind":1}]}},"sys":false}],"hId":-1,"id":10,"name":"OBJ0010","ooepf":false,"p":[{"id":1,"iv":{"k":4,"v":5},"name":"conversa"}],"states":[{"cam":true,"climb":false,"dir":false,"gid":-1,"gk":0,"id":1,"move":true,"name":"Estado 1","pix":true,"pos":false,"stop":false,"sx":{"k":12,"v":1},"sy":{"k":12,"v":1},"sz":{"k":12,"v":1},"through":false,"x":0,"y":0}]}},{"k":[7,0,0,7,0],"v":{"events":[{"id":1,"name":"Hero action","p":[],"r":{"1":{"bh":true,"c":[{"command":[8,"Soldado",2,3,3,1,"..."],"kind":1}]}},"sys":false}],"hId":-1,"id":15,"name":"OBJ0006","ooepf":false,"states":[{"cam":true,"climb":false,"dir":false,"gid":24,"gk":4,"id":1,"move":true,"name":"Estado 1","pix":true,"pos":false,"stop":false,"sx":{"k":12,"v":1},"sy":{"k":12,"v":1},"sz":{"k":12,"v":1},"through":false,"x":0,"y":3}]}},{"k":[11,0,31.25,3,0],"v":{"events":[{"id":1,"name":"Hero action","p":[],"r":{"1":{"bh":true,"c":[{"command":[8,"Hellena",3,3,1,1,"Bom dia, Alaric.\nOh, você quer alguam coisa?\nBem, você é um cavaleiro do rei, então fale com ele."],"kind":1}]}},"sys":false}],"hId":-1,"id":3,"name":"OBJ0003","ooepf":false,"states":[{"cam":true,"climb":false,"dir":false,"gid":35,"gk":4,"id":1,"move":true,"name":"Estado 1","pix":true,"pos":false,"stop":false,"sx":{"k":12,"v":1},"sy":{"k":12,"v":1},"sz":{"k":12,"v":1},"through":false,"x":0,"y":1}]}},{"k":[9,0,31.25,3,0],"v":{"events":[{"id":1,"name":"Hero action","p":[],"r":{"1":{"bh":true,"c":[{"command":[8,"Lazzarus",3,2,2,1,"Amor, não consigo acreditar que nosso tronos ainda estão quebrados\nTeremos que usar essas cadeiras tão simplórias?"],"kind":1},{"command":[8,"Hellena",3,3,1,1,"Sim, amor, a gente vai ter que usar essas cadeiras por um tempo\nmas não vai ser tanto tempo assim."],"kind":1},{"command":[8,"Hellena",3,3,1,1,"Além do mais, acho que Alaric quer falar com você. "],"kind":1},{"command":[8,"Lazzarus",3,2,2,1,"Ah, olá Alaric. Como posso te ajudar? "],"kind":1},{"command":[8,"Alaric",1,1,1,1,"Senhor, terei que sair por um tempo.\nE levarei o minha égua Agro comigo."],"kind":1},{"command":[8,"Lazzarus",3,2,2,1,"Oh, muito bem.\nSei que deve ser para algo importante. \nQue os Deuses estejam contigo, Alaric."],"kind":1}]}},"sys":false}],"hId":-1,"id":2,"name":"OBJ0002","ooepf":false,"states":[{"cam":true,"climb":false,"dir":false,"gid":38,"gk":4,"id":1,"move":true,"name":"Estado 1","pix":true,"pos":false,"stop":false,"sx":{"k":12,"v":1},"sy":{"k":12,"v":1},"sz":{"k":12,"v":1},"through":false,"x":0,"y":3}]}},{"k":[7,0,0,3,0],"v":{"events":[{"id":1,"name":"Hero action","p":[],"r":{"1":{"bh":true,"c":[{"command":[8,"Soldado",2,3,3,1,"...\n"],"kind":1}]}},"sys":false}],"hId":-1,"id":4,"name":"OBJ0004","ooepf":false,"states":[{"cam":true,"climb":false,"dir":false,"gid":24,"gk":4,"id":1,"move":true,"name":"Estado 1","pix":true,"pos":false,"stop":false,"sx":{"k":12,"v":1},"sy":{"k":12,"v":1},"sz":{"k":12,"v":1},"through":false,"x":0,"y":0}]}}]},"objs3d":{"a":[{"k":[0,0,0,15,0],"v":{"did":107}},{"k":[9,0,31.25,1,0,50,50,180],"v":{"did":96}},{"k":[0,0,0,2,0],"v":{"did":107}},{"k":[0,0,0,0,0],"v":{"did":107}},{"k":[15,0,0,12,0,50,50,270],"v":{"did":96}},{"k":[15,0,0,10,0,50,50,270],"v":{"did":96}},{"k":[15,0,0,8,0,50,50,270],"v":{"did":96}},{"k":[11,0,31.25,1,0,50,50,180],"v":{"did":96}},{"k":[15,0,0,6,0,50,50,270],"v":{"did":96}},{"k":[0,0,0,1,0],"v":{"did":107}},{"k":[1,0,0,0,0],"v":{"did":107}}],"o":[[0,0,0,16,0],[16,0,0,10,0,50,50,90],[16,0,0,7,0,50,50,90],[1,0,0,16,0],[16,0,0,13,0,50,50,90],[2,0,0,16,0]]},"sprites":{"list":[{"k":[15,0,0,0,0],"v":{"k":4,"t":[2,2,1,1]}},{"k":[9,0,0,4,0,50,6.25,0,0,0,1,0.65,1],"v":{"k":5,"t":[6,3,1,1]}},{"k":[0,1,0,15,0],"v":{"f":false,"k":4,"t":[2,11,1,1]}},{"k":[10,2,0,0,0,43.75,6.25,0,0,0,1,3,1],"v":{"k":5,"t":[5,2,3,1]}},{"k":[0,0,0,12,0],"v":{"f":false,"k":4,"t":[5,13,1,3]}},{"k":[5,0,0,0,0],"v":{"k":5,"t":[0,2,1,2]}},{"k":[12,0,0,4,0,50,6.25,0,0,0,1,0.65,1],"v":{"k":5,"t":[7,3,1,1]}},{"k":[0,0,0,5,0],"v":{"k":4,"t":[5,13,1,3]}},{"k":[10,0,0,4,0,50,6.25,0,0,0,1,0.65,1],"v":{"k":5,"t":[6,3,1,1]}},{"k":[4,0,0,0,0],"v":{"k":5,"t":[1,2,1,2]}},{"k":[11,0,0,4,0,50,6.25,0,0,0,1,0.65,1],"v":{"k":5,"t":[6,3,1,1]}},{"k":[8,0,0,4,0,50,6.25,0,0,0,1,0.65,1],"v":{"k":5,"t":[5,3,1,1]}}],"overflow":[],"walls":[{"k":[0,3,0,14,0,0,50,90],"v":{"k":1,"w":13}},{"k":[0,3,0,15,0,0,50,90],"v":{"k":1,"w":13}},{"k":[9,0,0,0,0,50,0,0],"v":{"k":1,"w":13}},{"k":[6,3,0,0,0,50,0,0],"v":{"k":1,"w":13}},{"k":[10,0,0,0,0,50,0,0],"v":{"k":1,"w":13}},{"k":[7,3,0,0,0,50,0,0],"v":{"k":1,"w":13}},{"k":[7,0,0,0,0,50,0,0],"v":{"k":1,"w":13}},{"k":[4,3,0,0,0,50,0,0],"v":{"k":1,"w":13}},{"k":[8,0,0,0,0,50,0,0],"v":{"k":1,"w":13}},{"k":[5,3,0,0,0,50,0,0],"v":{"k":1,"w":13}},{"k":[5,0,0,0,0,50,0,0],"v":{"k":1,"w":13}},{"k":[2,3,0,0,0,50,0,0],"v":{"k":1,"w":13}},{"k":[6,0,0,0,0,50,0,0],"v":{"k":1,"w":13}},{"k":[3,3,0,0,0,50,0,0],"v":{"k":1,"w":13}},{"k":[3,0,0,0,0,50,0,0],"v":{"k":1,"w":13}},{"k":[0,3,0,0,0,50,0,0],"v":{"k":0,"w":13}},{"k":[4,0,0,0,0,50,0,0],"v":{"k":1,"w":13}},{"k":[1,3,0,0,0,50,0,0],"v":{"k":1,"w":13}},{"k":[1,0,0,0,0,50,0,0],"v":{"k":1,"w":13}},{"k":[2,0,0,0,0,50,0,0],"v":{"k":1,"w":13}},{"k":[0,0,0,0,0,0,50,90],"v":{"k":2,"w":13}},{"k":[0,0,0,0,0,50,0,0],"v":{"k":0,"w":13}},{"k":[0,0,0,15,0,0,50,90],"v":{"k":1,"w":13}},{"k":[0,3,0,12,0,0,50,90],"v":{"k":1,"w":13}},{"k":[0,3,0,13,0,0,50,90],"v":{"k":1,"w":13}},{"k":[14,3,0,0,0,50,0,0],"v":{"k":1,"w":13}},{"k":[0,0,0,13,0,0,50,90],"v":{"k":1,"w":13}},{"k":[0,3,0,10,0,0,50,90],"v":{"k":1,"w":13}},{"k":[15,3,0,0,0,50,0,0],"v":{"k":1,"w":13}},{"k":[0,0,0,14,0,0,50,90],"v":{"k":1,"w":13}},{"k":[0,3,0,11,0,0,50,90],"v":{"k":1,"w":13}},{"k":[15,0,0,0,0,50,0,0],"v":{"k":1,"w":13}},{"k":[12,3,0,0,0,50,0,0],"v":{"k":1,"w":13}},{"k":[13,3,0,0,0,50,0,0],"v":{"k":1,"w":13}},{"k":[0,0,0,11,0,0,50,90],"v":{"k":1,"w":13}},{"k":[0,3,0,8,0,0,50,90],"v":{"k":1,"w":13}},{"k":[0,0,0,12,0,0,50,90],"v":{"k":1,"w":13}},{"k":[0,3,0,9,0,0,50,90],"v":{"k":1,"w":13}},{"k":[13,0,0,0,0,50,0,0],"v":{"k":1,"w":13}},{"k":[10,3,0,0,0,50,0,0],"v":{"k":1,"w":13}},{"k":[14,0,0,0,0,50,0,0],"v":{"k":1,"w":13}},{"k":[11,3,0,0,0,50,0,0],"v":{"k":1,"w":13}},{"k":[0,0,0,9,0,0,50,90],"v":{"k":1,"w":13}},{"k":[0,3,0,6,0,0,50,90],"v":{"k":1,"w":13}},{"k":[11,0,0,0,0,50,0,0],"v":{"k":1,"w":13}},{"k":[8,3,0,0,0,50,0,0],"v":{"k":1,"w":13}},{"k":[0,0,0,10,0,0,50,90],"v":{"k":1,"w":13}},{"k":[0,3,0,7,0,0,50,90],"v":{"k":1,"w":13}},{"k":[12,0,0,0,0,50,0,0],"v":{"k":1,"w":13}},{"k":[9,3,0,0,0,50,0,0],"v":{"k":1,"w":13}},{"k":[0,0,0,7,0,0,50,90],"v":{"k":1,"w":13}},{"k":[0,3,0,4,0,0,50,90],"v":{"k":1,"w":13}},{"k":[0,0,0,8,0,0,50,90],"v":{"k":1,"w":13}},{"k":[0,3,0,5,0,0,50,90],"v":{"k":1,"w":13}},{"k":[0,0,0,5,0,0,50,90],"v":{"k":1,"w":13}},{"k":[0,3,0,2,0,0,50,90],"v":{"k":1,"w":13}},{"k":[0,0,0,6,0,0,50,90],"v":{"k":1,"w":13}},{"k":[0,3,0,3,0,0,50,90],"v":{"k":1,"w":13}},{"k":[0,0,0,3,0,0,50,90],"v":{"k":1,"w":13}},{"k":[0,3,0,0,0,0,50,90],"v":{"k":2,"w":13}},{"k":[0,0,0,4,0,0,50,90],"v":{"k":1,"w":13}},{"k":[0,3,0,1,0,0,50,90],"v":{"k":1,"w":13}},{"k":[0,0,0,1,0,0,50,90],"v":{"k":1,"w":13}},{"k":[0,0,0,2,0,0,50,90],"v":{"k":1,"w":13}}]}}