{"lands":{"autotiles":[{"k":[8,0,0,16,0],"v":{"id":1,"t":[5,0],"tid":570}},{"k":[15,0,0,16,0],"v":{"id":1,"t":[1,1],"tid":324}},{"k":[7,0,0,16,0],"v":{"id":1,"t":[1,1],"tid":372}},{"k":[14,0,0,16,0],"v":{"id":1,"t":[1,1],"tid":324}},{"k":[6,0,0,16,0],"v":{"id":1,"t":[1,1],"tid":324}},{"k":[13,0,0,16,0],"v":{"id":1,"t":[1,1],"tid":570}},{"k":[5,0,0,16,0],"v":{"id":1,"t":[1,1],"tid":324}},{"k":[4,0,0,16,0],"v":{"id":1,"t":[1,1],"tid":324}},{"k":[12,0,0,16,0],"v":{"id":1,"t":[5,0],"tid":372}},{"k":[3,0,0,16,0],"v":{"id":1,"t":[1,1],"tid":324}},{"k":[11,0,0,16,0],"v":{"id":1,"t":[5,0],"tid":324}},{"k":[2,0,0,16,0],"v":{"id":1,"t":[1,1],"tid":324}},{"k":[10,0,0,16,0],"v":{"id":1,"t":[5,0],"tid":324}},{"k":[1,0,0,16,0],"v":{"id":1,"t":[1,1],"tid":324}},{"k":[9,0,0,16,0],"v":{"id":1,"t":[5,0],"tid":324}},{"k":[0,0,0,16,0],"v":{"id":1,"t":[1,1],"tid":570}}],"floors":[]},"moun":{"a":[],"o":[]},"objs":{"list":[{"k":[8,0,0,16,0],"v":{"events":[{"id":1,"name":"Hero action","p":[],"r":{"1":{"bh":true,"c":[{"command":[7,0,0,1,18,0,0,2,0,0,0],"kind":20}]}},"sys":false}],"hId":-1,"id":11,"name":"OBJ0011","ooepf":false,"states":[{"cam":true,"climb":false,"dir":false,"gid":-1,"gk":0,"id":1,"move":true,"name":"Estado 1","pix":true,"pos":false,"stop":false,"sx":{"k":12,"v":1},"sy":{"k":12,"v":1},"sz":{"k":12,"v":1},"through":false,"x":0,"y":0}]}},{"k":[12,0,0,16,0],"v":{"events":[{"id":1,"name":"Hero action","p":[],"r":{"1":{"bh":true,"c":[{"command":[7,0,0,1,18,0,0,2,0,0,0],"kind":20}]}},"sys":false}],"hId":-1,"id":20,"name":"OBJ0011","ooepf":false,"states":[{"cam":true,"climb":false,"dir":false,"gid":-1,"gk":0,"id":1,"move":true,"name":"Estado 1","pix":true,"pos":false,"stop":false,"sx":{"k":12,"v":1},"sy":{"k":12,"v":1},"sz":{"k":12,"v":1},"through":false,"x":0,"y":0}]}},{"k":[11,0,0,16,0],"v":{"events":[{"id":1,"name":"Hero action","p":[],"r":{"1":{"bh":true,"c":[{"command":[7,0,0,1,18,0,0,2,0,0,0],"kind":20}]}},"sys":false}],"hId":-1,"id":19,"name":"OBJ0011","ooepf":false,"states":[{"cam":true,"climb":false,"dir":false,"gid":-1,"gk":0,"id":1,"move":true,"name":"Estado 1","pix":true,"pos":false,"stop":false,"sx":{"k":12,"v":1},"sy":{"k":12,"v":1},"sz":{"k":12,"v":1},"through":false,"x":0,"y":0}]}},{"k":[10,0,0,16,0],"v":{"events":[{"id":1,"name":"Hero action","p":[],"r":{"1":{"bh":true,"c":[{"command":[7,0,0,1,18,0,0,2,0,0,0],"kind":20}]}},"sys":false}],"hId":-1,"id":18,"name":"OBJ0011","ooepf":false,"states":[{"cam":true,"climb":false,"dir":false,"gid":-1,"gk":0,"id":1,"move":true,"name":"Estado 1","pix":true,"pos":false,"stop":false,"sx":{"k":12,"v":1},"sy":{"k":12,"v":1},"sz":{"k":12,"v":1},"through":false,"x":0,"y":0}]}},{"k":[9,0,0,16,0],"v":{"events":[{"id":1,"name":"Hero action","p":[],"r":{"1":{"bh":true,"c":[{"command":[7,0,0,1,18,0,0,2,0,0,0],"kind":20}]}},"sys":false}],"hId":-1,"id":17,"name":"OBJ0011","ooepf":false,"states":[{"cam":true,"climb":false,"dir":false,"gid":-1,"gk":0,"id":1,"move":true,"name":"Estado 1","pix":true,"pos":false,"stop":false,"sx":{"k":12,"v":1},"sy":{"k":12,"v":1},"sz":{"k":12,"v":1},"through":false,"x":0,"y":0}]}}]},"objs3d":{"a":[{"k":[2,0,0,16,0],"v":{"did":107}},{"k":[1,0,0,16,0],"v":{"did":107}},{"k":[0,0,0,16,0],"v":{"did":107}}],"o":[]},"sprites":{"list":[{"k":[2,1,0,16,0],"v":{"f":false,"k":4,"t":[5,11,1,1]}}],"overflow":[],"walls":[{"k":[13,0,0,16,0,50,100,0],"v":{"k":0,"w":13}},{"k":[10,3,0,16,0,50,100,0],"v":{"k":1,"w":13}},{"k":[9,3,0,16,0,50,100,0],"v":{"k":1,"w":13}},{"k":[8,3,0,16,0,50,100,0],"v":{"k":1,"w":13}},{"k":[7,3,0,16,0,50,100,0],"v":{"k":1,"w":13}},{"k":[6,3,0,16,0,50,100,0],"v":{"k":1,"w":13}},{"k":[5,3,0,16,0,50,100,0],"v":{"k":1,"w":13}},{"k":[7,0,0,16,0,50,100,0],"v":{"k":2,"w":13}},{"k":[4,3,0,16,0,50,100,0],"v":{"k":1,"w":13}},{"k":[15,3,0,16,0,50,100,0],"v":{"k":1,"w":13}},{"k":[0,0,0,16,0,0,50,90],"v":{"k":0,"w":13}},{"k":[14,3,0,16,0,50,100,0],"v":{"k":1,"w":13}},{"k":[13,3,0,16,0,50,100,0],"v":{"k":1,"w":13}},{"k":[15,0,0,16,0,50,100,0],"v":{"k":1,"w":13}},{"k":[12,3,0,16,0,50,100,0],"v":{"k":1,"w":13}},{"k":[0,3,0,16,0,0,50,90],"v":{"k":0,"w":13}},{"k":[6,0,0,16,0,50,100,0],"v":{"k":1,"w":13}},{"k":[3,3,0,16,0,50,100,0],"v":{"k":1,"w":13}},{"k":[5,0,0,16,0,50,100,0],"v":{"k":1,"w":13}},{"k":[2,3,0,16,0,50,100,0],"v":{"k":1,"w":13}},{"k":[4,0,0,16,0,50,100,0],"v":{"k":1,"w":13}},{"k":[1,3,0,16,0,50,100,0],"v":{"k":1,"w":13}},{"k":[3,0,0,16,0,50,100,0],"v":{"k":1,"w":13}},{"k":[0,3,0,16,0,50,100,0],"v":{"k":0,"w":13}},{"k":[2,0,0,16,0,50,100,0],"v":{"k":1,"w":13}},{"k":[1,0,0,16,0,50,100,0],"v":{"k":1,"w":13}},{"k":[0,0,0,16,0,50,100,0],"v":{"k":0,"w":13}},{"k":[14,0,0,16,0,50,100,0],"v":{"k":1,"w":13}},{"k":[11,3,0,16,0,50,100,0],"v":{"k":1,"w":13}}]}}