{"lands":{"autotiles":[{"k":[16,0,0,8,0],"v":{"id":1,"t":[1,1],"tid":318}},{"k":[17,0,0,7,0],"v":{"id":1,"t":[1,1],"tid":318}},{"k":[18,0,0,6,0],"v":{"id":1,"t":[1,1],"tid":318}},{"k":[19,0,0,5,0],"v":{"id":1,"t":[1,1],"tid":318}},{"k":[20,0,0,4,0],"v":{"id":1,"t":[1,1],"tid":370}},{"k":[16,0,0,7,0],"v":{"id":1,"t":[1,1],"tid":318}},{"k":[17,0,0,6,0],"v":{"id":1,"t":[1,1],"tid":318}},{"k":[18,0,0,5,0],"v":{"id":1,"t":[1,1],"tid":318}},{"k":[19,0,0,4,0],"v":{"id":1,"t":[1,1],"tid":318}},{"k":[20,0,0,3,0],"v":{"id":1,"t":[1,1],"tid":370}},{"k":[16,0,0,6,0],"v":{"id":1,"t":[1,1],"tid":318}},{"k":[17,0,0,5,0],"v":{"id":1,"t":[1,1],"tid":318}},{"k":[18,0,0,4,0],"v":{"id":1,"t":[1,1],"tid":318}},{"k":[19,0,0,3,0],"v":{"id":1,"t":[1,1],"tid":318}},{"k":[20,0,0,2,0],"v":{"id":1,"t":[1,1],"tid":370}},{"k":[16,0,0,5,0],"v":{"id":1,"t":[1,1],"tid":318}},{"k":[17,0,0,4,0],"v":{"id":1,"t":[1,1],"tid":318}},{"k":[18,0,0,3,0],"v":{"id":1,"t":[1,1],"tid":318}},{"k":[19,0,0,2,0],"v":{"id":1,"t":[1,1],"tid":318}},{"k":[20,0,0,1,0],"v":{"id":1,"t":[1,1],"tid":370}},{"k":[16,0,0,4,0],"v":{"id":1,"t":[1,1],"tid":318}},{"k":[17,0,0,3,0],"v":{"id":1,"t":[1,1],"tid":318}},{"k":[18,0,0,2,0],"v":{"id":1,"t":[1,1],"tid":318}},{"k":[19,0,0,1,0],"v":{"id":1,"t":[1,1],"tid":318}},{"k":[20,0,0,0,0],"v":{"id":1,"t":[1,1],"tid":423}},{"k":[19,0,0,13,0],"v":{"id":1,"t":[1,1],"tid":318}},{"k":[20,0,0,12,0],"v":{"id":1,"t":[1,1],"tid":370}},{"k":[17,0,0,15,0],"v":{"id":1,"t":[1,1],"tid":318}},{"k":[18,0,0,14,0],"v":{"id":1,"t":[1,1],"tid":318}},{"k":[16,0,0,3,0],"v":{"id":1,"t":[1,1],"tid":318}},{"k":[17,0,0,2,0],"v":{"id":1,"t":[1,1],"tid":318}},{"k":[18,0,0,1,0],"v":{"id":1,"t":[1,1],"tid":318}},{"k":[19,0,0,0,0],"v":{"id":1,"t":[1,1],"tid":471}},{"k":[18,0,0,13,0],"v":{"id":1,"t":[1,1],"tid":318}},{"k":[19,0,0,12,0],"v":{"id":1,"t":[1,1],"tid":318}},{"k":[20,0,0,11,0],"v":{"id":1,"t":[1,1],"tid":370}},{"k":[16,0,0,15,0],"v":{"id":1,"t":[1,1],"tid":318}},{"k":[17,0,0,14,0],"v":{"id":1,"t":[1,1],"tid":318}},{"k":[16,0,0,2,0],"v":{"id":1,"t":[1,1],"tid":318}},{"k":[17,0,0,1,0],"v":{"id":1,"t":[1,1],"tid":318}},{"k":[18,0,0,0,0],"v":{"id":1,"t":[1,1],"tid":471}},{"k":[17,0,0,13,0],"v":{"id":1,"t":[1,1],"tid":318}},{"k":[18,0,0,12,0],"v":{"id":1,"t":[1,1],"tid":318}},{"k":[19,0,0,11,0],"v":{"id":1,"t":[1,1],"tid":318}},{"k":[20,0,0,10,0],"v":{"id":1,"t":[1,1],"tid":370}},{"k":[16,0,0,14,0],"v":{"id":1,"t":[1,1],"tid":318}},{"k":[16,0,0,1,0],"v":{"id":1,"t":[1,1],"tid":318}},{"k":[17,0,0,0,0],"v":{"id":1,"t":[1,1],"tid":471}},{"k":[16,0,0,13,0],"v":{"id":1,"t":[1,1],"tid":318}},{"k":[17,0,0,12,0],"v":{"id":1,"t":[1,1],"tid":318}},{"k":[18,0,0,11,0],"v":{"id":1,"t":[1,1],"tid":318}},{"k":[19,0,0,10,0],"v":{"id":1,"t":[1,1],"tid":318}},{"k":[20,0,0,9,0],"v":{"id":1,"t":[1,1],"tid":370}},{"k":[16,0,0,12,0],"v":{"id":1,"t":[1,1],"tid":318}},{"k":[17,0,0,11,0],"v":{"id":1,"t":[1,1],"tid":318}},{"k":[18,0,0,10,0],"v":{"id":1,"t":[1,1],"tid":318}},{"k":[19,0,0,9,0],"v":{"id":1,"t":[1,1],"tid":318}},{"k":[20,0,0,8,0],"v":{"id":1,"t":[1,1],"tid":370}},{"k":[16,0,0,11,0],"v":{"id":1,"t":[1,1],"tid":318}},{"k":[17,0,0,10,0],"v":{"id":1,"t":[1,1],"tid":318}},{"k":[18,0,0,9,0],"v":{"id":1,"t":[1,1],"tid":318}},{"k":[19,0,0,8,0],"v":{"id":1,"t":[1,1],"tid":318}},{"k":[20,0,0,7,0],"v":{"id":1,"t":[1,1],"tid":370}},{"k":[16,0,0,10,0],"v":{"id":1,"t":[1,1],"tid":318}},{"k":[17,0,0,9,0],"v":{"id":1,"t":[1,1],"tid":318}},{"k":[18,0,0,8,0],"v":{"id":1,"t":[1,1],"tid":318}},{"k":[19,0,0,7,0],"v":{"id":1,"t":[1,1],"tid":318}},{"k":[20,0,0,6,0],"v":{"id":1,"t":[1,1],"tid":370}},{"k":[16,0,0,9,0],"v":{"id":1,"t":[1,1],"tid":318}},{"k":[17,0,0,8,0],"v":{"id":1,"t":[1,1],"tid":318}},{"k":[18,0,0,7,0],"v":{"id":1,"t":[1,1],"tid":318}},{"k":[19,0,0,6,0],"v":{"id":1,"t":[1,1],"tid":318}},{"k":[20,0,0,5,0],"v":{"id":1,"t":[1,1],"tid":370}},{"k":[20,0,0,15,0],"v":{"id":1,"t":[1,1],"tid":370}},{"k":[19,0,0,15,0],"v":{"id":1,"t":[1,1],"tid":318}},{"k":[20,0,0,14,0],"v":{"id":1,"t":[1,1],"tid":370}},{"k":[20,0,0,13,0],"v":{"id":1,"t":[1,1],"tid":370}},{"k":[18,0,0,15,0],"v":{"id":1,"t":[1,1],"tid":318}},{"k":[19,0,0,14,0],"v":{"id":1,"t":[1,1],"tid":318}},{"k":[16,0,0,0,0],"v":{"id":1,"t":[1,1],"tid":471}}],"floors":[]},"moun":{"a":[],"o":[]},"objs":{"list":[]},"objs3d":{"a":[{"k":[18,0,0,12,0,50,50,90],"v":{"did":96}},{"k":[16,0,0,13,0,50,50,90],"v":{"did":93}},{"k":[18,0,0,10,0,50,50,90],"v":{"did":96}},{"k":[16,0,0,10,0,50,50,90],"v":{"did":93}},{"k":[18,0,0,8,0,50,50,90],"v":{"did":96}},{"k":[18,0,0,6,0,50,50,90],"v":{"did":96}},{"k":[16,0,0,7,0,50,50,90],"v":{"did":93}}],"o":[]},"sprites":{"list":[{"k":[20,0,0,4,0],"v":{"k":4,"t":[5,8,1,2]}},{"k":[17,0,50,12,0],"v":{"k":4,"t":[0,4,1,1]}},{"k":[16,0,50,13,0],"v":{"f":false,"k":4,"t":[2,5,1,1]}},{"k":[16,0,50,12,0],"v":{"k":4,"t":[0,4,1,1]}},{"k":[17,0,50,11,0],"v":{"f":false,"k":4,"t":[2,5,1,1]}},{"k":[17,0,50,10,0],"v":{"k":4,"t":[1,4,1,1]}},{"k":[16,0,50,11,0],"v":{"k":4,"t":[3,5,1,1]}},{"k":[16,0,50,10,0],"v":{"k":4,"t":[0,4,1,1]}},{"k":[17,0,50,9,0],"v":{"f":false,"k":4,"t":[1,5,1,1]}},{"k":[17,0,50,8,0],"v":{"k":4,"t":[3,4,1,1]}},{"k":[16,0,50,9,0],"v":{"f":false,"k":4,"t":[1,5,1,1]}},{"k":[17,0,50,7,0],"v":{"k":4,"t":[2,5,1,1]}},{"k":[16,0,50,8,0],"v":{"k":4,"t":[0,4,1,1]}},{"k":[17,0,50,6,0],"v":{"k":4,"t":[3,4,1,1]}},{"k":[16,0,50,7,0],"v":{"k":4,"t":[1,5,1,1]}},{"k":[20,0,0,12,0],"v":{"k":4,"t":[7,8,1,2]}},{"k":[20,0,0,10,0],"v":{"k":4,"t":[6,8,1,2]}},{"k":[16,0,50,6,0],"v":{"k":4,"t":[1,4,1,1]}},{"k":[20,0,0,8,0],"v":{"k":4,"t":[7,8,1,2]}},{"k":[16,0,0,0,0],"v":{"k":4,"t":[3,3,1,1]}},{"k":[20,0,0,6,0],"v":{"k":4,"t":[6,8,1,2]}},{"k":[17,0,50,13,0],"v":{"k":4,"t":[2,4,1,1]}}],"overflow":[],"walls":[{"k":[18,0,0,0,0,50,0,0],"v":{"k":1,"w":13}},{"k":[17,0,0,0,0,50,0,0],"v":{"k":1,"w":13}},{"k":[16,0,0,0,0,50,0,0],"v":{"k":1,"w":13}},{"k":[20,0,0,0,0,100,50,90],"v":{"k":2,"w":13}},{"k":[20,3,0,0,0,50,0,0],"v":{"k":2,"w":13}},{"k":[19,3,0,0,0,50,0,0],"v":{"k":1,"w":13}},{"k":[18,3,0,0,0,50,0,0],"v":{"k":1,"w":13}},{"k":[20,0,0,0,0,50,0,0],"v":{"k":2,"w":13}},{"k":[17,3,0,0,0,50,0,0],"v":{"k":1,"w":13}},{"k":[19,0,0,0,0,50,0,0],"v":{"k":1,"w":13}},{"k":[16,3,0,0,0,50,0,0],"v":{"k":1,"w":13}},{"k":[20,0,0,8,0,100,50,90],"v":{"k":1,"w":13}},{"k":[20,3,0,5,0,100,50,90],"v":{"k":1,"w":13}},{"k":[20,0,0,7,0,100,50,90],"v":{"k":1,"w":13}},{"k":[20,3,0,4,0,100,50,90],"v":{"k":1,"w":13}},{"k":[20,0,0,6,0,100,50,90],"v":{"k":1,"w":13}},{"k":[20,3,0,3,0,100,50,90],"v":{"k":1,"w":13}},{"k":[20,0,0,5,0,100,50,90],"v":{"k":1,"w":13}},{"k":[20,3,0,2,0,100,50,90],"v":{"k":1,"w":13}},{"k":[20,0,0,4,0,100,50,90],"v":{"k":1,"w":13}},{"k":[20,3,0,1,0,100,50,90],"v":{"k":1,"w":13}},{"k":[20,0,0,3,0,100,50,90],"v":{"k":1,"w":13}},{"k":[20,3,0,0,0,100,50,90],"v":{"k":2,"w":13}},{"k":[20,0,0,2,0,100,50,90],"v":{"k":1,"w":13}},{"k":[20,0,0,1,0,100,50,90],"v":{"k":1,"w":13}},{"k":[20,3,0,13,0,100,50,90],"v":{"k":1,"w":13}},{"k":[20,0,0,15,0,100,50,90],"v":{"k":1,"w":13}},{"k":[20,3,0,12,0,100,50,90],"v":{"k":1,"w":13}},{"k":[20,0,0,14,0,100,50,90],"v":{"k":1,"w":13}},{"k":[20,3,0,11,0,100,50,90],"v":{"k":1,"w":13}},{"k":[20,0,0,13,0,100,50,90],"v":{"k":1,"w":13}},{"k":[20,3,0,10,0,100,50,90],"v":{"k":1,"w":13}},{"k":[20,0,0,12,0,100,50,90],"v":{"k":1,"w":13}},{"k":[20,3,0,9,0,100,50,90],"v":{"k":1,"w":13}},{"k":[20,0,0,11,0,100,50,90],"v":{"k":1,"w":13}},{"k":[20,3,0,8,0,100,50,90],"v":{"k":1,"w":13}},{"k":[20,0,0,10,0,100,50,90],"v":{"k":1,"w":13}},{"k":[20,3,0,7,0,100,50,90],"v":{"k":1,"w":13}},{"k":[20,0,0,9,0,100,50,90],"v":{"k":1,"w":13}},{"k":[20,3,0,6,0,100,50,90],"v":{"k":1,"w":13}},{"k":[20,3,0,15,0,100,50,90],"v":{"k":1,"w":13}},{"k":[20,3,0,14,0,100,50,90],"v":{"k":1,"w":13}}]}}