{"lands":{"autotiles":[{"k":[18,0,0,16,0],"v":{"id":1,"t":[1,1],"tid":324}},{"k":[17,0,0,16,0],"v":{"id":1,"t":[1,1],"tid":324}},{"k":[16,0,0,16,0],"v":{"id":1,"t":[1,1],"tid":324}},{"k":[20,0,0,16,0],"v":{"id":1,"t":[1,1],"tid":372}},{"k":[19,0,0,16,0],"v":{"id":1,"t":[1,1],"tid":324}}],"floors":[]},"moun":{"a":[],"o":[]},"objs":{"list":[]},"objs3d":{"a":[],"o":[]},"sprites":{"list":[],"overflow":[],"walls":[{"k":[20,3,0,16,0,50,100,0],"v":{"k":2,"w":13}},{"k":[20,3,0,16,0,100,50,90],"v":{"k":0,"w":13}},{"k":[19,3,0,16,0,50,100,0],"v":{"k":1,"w":13}},{"k":[18,3,0,16,0,50,100,0],"v":{"k":1,"w":13}},{"k":[20,0,0,16,0,50,100,0],"v":{"k":2,"w":13}},{"k":[17,3,0,16,0,50,100,0],"v":{"k":1,"w":13}},{"k":[19,0,0,16,0,50,100,0],"v":{"k":1,"w":13}},{"k":[16,3,0,16,0,50,100,0],"v":{"k":1,"w":13}},{"k":[20,0,0,16,0,100,50,90],"v":{"k":0,"w":13}},{"k":[18,0,0,16,0,50,100,0],"v":{"k":1,"w":13}},{"k":[17,0,0,16,0,50,100,0],"v":{"k":1,"w":13}},{"k":[16,0,0,16,0,50,100,0],"v":{"k":1,"w":13}}]}}