{"bgs":{"id":-1,"ie":false,"is":false,"name":"<None>","v":{"k":3,"v":100}},"cp":{"k":7,"v":3},"d":0,"h":16,"id":3,"isi":false,"isky":true,"l":21,"music":{"id":-1,"ie":false,"is":false,"name":"<None>","v":{"k":3,"v":100}},"names":{"1":"Dentro do castelo"},"of3d":[{"k":[-1,-1,0],"v":[[0,0,0,15,0],[0,0,0,2,0],[0,0,0,16,0],[0,0,0,0,0],[0,0,0,1,0]]},{"k":[-1,0,-1],"v":[[0,0,0,0,0]]},{"k":[0,-1,-1],"v":[[0,0,0,0,0],[1,0,0,0,0]]},{"k":[0,-1,0],"v":[[0,0,0,15,0],[0,0,0,2,0],[0,0,0,16,0],[0,0,0,0,0],[16,0,0,10,0,50,50,90],[16,0,0,7,0,50,50,90],[1,0,0,16,0],[16,0,0,13,0,50,50,90],[2,0,0,16,0],[0,0,0,1,0],[1,0,0,0,0]]},{"k":[-1,-1,1],"v":[[0,0,0,16,0]]},{"k":[-1,0,0],"v":[[0,0,0,15,0],[0,0,0,2,0],[0,0,0,16,0],[0,0,0,0,0],[0,0,0,1,0]]},{"k":[0,0,-1],"v":[[0,0,0,0,0],[1,0,0,0,0]]},{"k":[-1,-1,-1],"v":[[0,0,0,0,0]]},{"k":[2,0,0],"v":[[18,0,0,8,0,50,50,90],[18,0,0,6,0,50,50,90]]},{"k":[2,-1,1],"v":[[18,0,0,12,0,50,50,90],[18,0,0,10,0,50,50,90],[18,0,0,8,0,50,50,90]]},{"k":[1,0,1],"v":[[15,0,0,12,0,50,50,270],[15,0,0,10,0,50,50,270],[15,0,0,8,0,50,50,270]]},{"k":[2,0,1],"v":[[18,0,0,12,0,50,50,90],[18,0,0,10,0,50,50,90],[18,0,0,8,0,50,50,90]]},{"k":[1,-1,0],"v":[[9,0,31.25,1,0,50,50,180],[16,0,0,10,0,50,50,90],[16,0,0,7,0,50,50,90],[15,0,0,8,0,50,50,270],[11,0,31.25,1,0,50,50,180],[15,0,0,6,0,50,50,270],[16,0,0,13,0,50,50,90]]},{"k":[-1,0,1],"v":[[0,0,0,16,0]]},{"k":[0,-1,1],"v":[[0,0,0,16,0],[1,0,0,16,0],[2,0,0,16,0]]},{"k":[1,0,0],"v":[[9,0,31.25,1,0,50,50,180],[15,0,0,8,0,50,50,270],[11,0,31.25,1,0,50,50,180],[15,0,0,6,0,50,50,270]]},{"k":[2,-1,0],"v":[[18,0,0,8,0,50,50,90],[18,0,0,6,0,50,50,90]]},{"k":[1,-1,1],"v":[[15,0,0,12,0,50,50,270],[15,0,0,10,0,50,50,270],[15,0,0,8,0,50,50,270]]}],"ofmoun":[],"ofsprites":[{"k":[0,0,-1],"v":[[10,2,0,0,0,43.75,6.25,0,0,0,1,3,1]]}],"sky":{"k":7,"v":1},"so":{"events":[{"id":1,"name":"Time","p":[{"id":1,"name":"Interval","v":{"k":2,"v":null}},{"id":2,"name":"Repeat","v":{"k":10,"v":false}}],"r":{"1":{"bh":true,"c":[]}},"sys":true}],"hId":-1,"id":1,"name":"","ooepf":false,"states":[{"cam":false,"climb":false,"dir":false,"gid":-1,"gk":0,"id":1,"move":false,"name":"Estado 1","pix":false,"pos":false,"stop":false,"sx":{"k":12,"v":1},"sy":{"k":12,"v":1},"sz":{"k":12,"v":1},"through":false,"x":0,"y":0}]},"tileset":9,"w":17}