{"objs":[{"id":1,"name":"OBJ0001","p":[10,0,0,7]},{"id":2,"name":"OBJ0002","p":[9,0,31.25,3]},{"id":3,"name":"OBJ0003","p":[11,0,31.25,3]},{"id":4,"name":"OBJ0004","p":[7,0,0,3]},{"id":5,"name":"OBJ0004","p":[13,0,0,3]},{"id":6,"name":"OBJ0006","p":[13,0,0,7]},{"id":7,"name":"OBJ0006","p":[13,0,0,13]},{"id":8,"name":"OBJ0006","p":[13,0,0,15]},{"id":9,"name":"OBJ0006","p":[7,0,0,9]},{"id":10,"name":"OBJ0010","p":[9,0,0,4]},{"id":11,"name":"OBJ0011","p":[8,0,0,16]},{"id":12,"name":"OBJ0006","p":[13,0,0,11]},{"id":14,"name":"OBJ0006","p":[7,0,0,15]},{"id":15,"name":"OBJ0006","p":[7,0,0,7]},{"id":16,"name":"OBJ0006","p":[7,0,0,13]},{"id":17,"name":"OBJ0011","p":[9,0,0,16]},{"id":18,"name":"OBJ0011","p":[10,0,0,16]},{"id":19,"name":"OBJ0011","p":[11,0,0,16]},{"id":20,"name":"OBJ0011","p":[12,0,0,16]},{"id":21,"name":"OBJ0006","p":[7,0,0,11]},{"id":22,"name":"OBJ0022","p":[11,0,0,4]},{"id":23,"name":"OBJ0011","p":[10,0,0,15]},{"id":24,"name":"OBJ0011","p":[11,0,0,15]},{"id":25,"name":"OBJ0011","p":[9,0,0,15]},{"id":26,"name":"OBJ0006","p":[13,0,0,9]}]}