{"lands":{"autotiles":[{"k":[4,0,0,20,0],"v":{"id":1,"t":[1,0],"tid":477}},{"k":[3,0,0,21,0],"v":{"id":1,"t":[1,0],"tid":618}},{"k":[15,0,0,20,0],"v":{"id":1,"t":[1,0],"tid":68}},{"k":[3,0,0,20,0],"v":{"id":1,"t":[1,0],"tid":256}},{"k":[14,0,0,20,0],"v":{"id":1,"t":[1,0],"tid":477}},{"k":[15,0,0,19,0],"v":{"id":1,"t":[1,0],"tid":225}},{"k":[13,0,0,21,0],"v":{"id":1,"t":[1,0],"tid":618}},{"k":[2,0,0,20,0],"v":{"id":1,"t":[1,0],"tid":324}},{"k":[3,0,0,19,0],"v":{"id":1,"t":[1,0],"tid":423}},{"k":[1,0,0,21,0],"v":{"id":1,"t":[1,0],"tid":618}},{"k":[13,0,0,20,0],"v":{"id":1,"t":[1,0],"tid":459}},{"k":[1,0,0,20,0],"v":{"id":1,"t":[1,0],"tid":50}},{"k":[2,0,0,19,0],"v":{"id":1,"t":[1,0],"tid":471}},{"k":[0,0,0,20,0],"v":{"id":1,"t":[1,0],"tid":211}},{"k":[1,0,0,19,0],"v":{"id":1,"t":[1,0],"tid":225}},{"k":[12,0,0,20,0],"v":{"id":1,"t":[1,0],"tid":274}},{"k":[11,0,0,20,0],"v":{"id":1,"t":[1,0],"tid":324}},{"k":[12,0,0,19,0],"v":{"id":1,"t":[1,0],"tid":423}},{"k":[10,0,0,20,0],"v":{"id":1,"t":[1,0],"tid":68}},{"k":[9,0,0,21,0],"v":{"id":1,"t":[1,0],"tid":372}},{"k":[11,0,0,19,0],"v":{"id":1,"t":[1,0],"tid":471}},{"k":[9,0,0,20,0],"v":{"id":1,"t":[1,0],"tid":469}},{"k":[8,0,0,21,0],"v":{"id":1,"t":[1,0],"tid":324}},{"k":[10,0,0,19,0],"v":{"id":1,"t":[1,0],"tid":225}},{"k":[8,0,0,20,0],"v":{"id":1,"t":[1,0],"tid":12}},{"k":[7,0,0,21,0],"v":{"id":1,"t":[1,0],"tid":570}},{"k":[7,0,0,20,0],"v":{"id":1,"t":[1,0],"tid":461}},{"k":[8,0,0,19,0],"v":{"id":1,"t":[1,0],"tid":177}},{"k":[6,0,0,20,0],"v":{"id":1,"t":[1,0],"tid":18}},{"k":[5,0,0,21,0],"v":{"id":1,"t":[1,0],"tid":618}},{"k":[5,0,0,20,0],"v":{"id":1,"t":[1,0],"tid":459}},{"k":[6,0,0,19,0],"v":{"id":1,"t":[1,0],"tid":177}}],"floors":[{"k":[8,0,0,16,0],"v":{"t":[0,0]}},{"k":[7,0,0,17,0],"v":{"t":[0,0]}},{"k":[6,0,0,18,0],"v":{"t":[0,0]}},{"k":[5,0,0,19,0],"v":{"t":[0,0]}},{"k":[2,0,0,22,0],"v":{"t":[0,0]}},{"k":[1,0,0,23,0],"v":{"t":[0,0]}},{"k":[0,0,0,24,0],"v":{"t":[0,0]}},{"k":[7,0,0,16,0],"v":{"t":[0,0]}},{"k":[6,0,0,17,0],"v":{"t":[0,0]}},{"k":[5,0,0,18,0],"v":{"t":[0,0]}},{"k":[4,0,0,19,0],"v":{"t":[0,0]}},{"k":[2,0,0,21,0],"v":{"t":[0,0]}},{"k":[1,0,0,22,0],"v":{"t":[0,0]}},{"k":[0,0,0,23,0],"v":{"t":[0,0]}},{"k":[6,0,0,16,0],"v":{"t":[0,0]}},{"k":[5,0,0,17,0],"v":{"t":[0,0]}},{"k":[4,0,0,18,0],"v":{"t":[0,0]}},{"k":[0,0,0,22,0],"v":{"t":[0,0]}},{"k":[5,0,0,16,0],"v":{"t":[0,0]}},{"k":[4,0,0,17,0],"v":{"t":[0,0]}},{"k":[3,0,0,18,0],"v":{"t":[0,0]}},{"k":[0,0,0,21,0],"v":{"t":[0,0]}},{"k":[4,0,0,16,0],"v":{"t":[0,0]}},{"k":[3,0,0,17,0],"v":{"t":[0,0]}},{"k":[2,0,0,18,0],"v":{"t":[0,0]}},{"k":[15,0,0,17,0],"v":{"t":[0,0]}},{"k":[14,0,0,18,0],"v":{"t":[0,0]}},{"k":[13,0,0,19,0],"v":{"t":[0,0]}},{"k":[11,0,0,21,0],"v":{"t":[0,0]}},{"k":[10,0,0,22,0],"v":{"t":[0,0]}},{"k":[9,0,0,23,0],"v":{"t":[0,0]}},{"k":[8,0,0,24,0],"v":{"t":[0,0]}},{"k":[3,0,0,16,0],"v":{"t":[0,0]}},{"k":[2,0,0,17,0],"v":{"t":[0,0]}},{"k":[1,0,0,18,0],"v":{"t":[0,0]}},{"k":[0,0,0,19,0],"v":{"t":[0,0]}},{"k":[15,0,0,16,0],"v":{"t":[0,0]}},{"k":[14,0,0,17,0],"v":{"t":[0,0]}},{"k":[13,0,0,18,0],"v":{"t":[0,0]}},{"k":[10,0,0,21,0],"v":{"t":[0,0]}},{"k":[9,0,0,22,0],"v":{"t":[0,0]}},{"k":[8,0,0,23,0],"v":{"t":[0,0]}},{"k":[7,0,0,24,0],"v":{"t":[0,0]}},{"k":[2,0,0,16,0],"v":{"t":[0,0]}},{"k":[1,0,0,17,0],"v":{"t":[0,0]}},{"k":[0,0,0,18,0],"v":{"t":[0,0]}},{"k":[14,0,0,16,0],"v":{"t":[0,0]}},{"k":[13,0,0,17,0],"v":{"t":[0,0]}},{"k":[12,0,0,18,0],"v":{"t":[0,0]}},{"k":[8,0,0,22,0],"v":{"t":[0,0]}},{"k":[7,0,0,23,0],"v":{"t":[0,0]}},{"k":[6,0,0,24,0],"v":{"t":[0,0]}},{"k":[1,0,0,16,0],"v":{"t":[0,0]}},{"k":[0,0,0,17,0],"v":{"t":[0,0]}},{"k":[13,0,0,16,0],"v":{"t":[0,0]}},{"k":[12,0,0,17,0],"v":{"t":[0,0]}},{"k":[11,0,0,18,0],"v":{"t":[0,0]}},{"k":[7,0,0,22,0],"v":{"t":[0,0]}},{"k":[6,0,0,23,0],"v":{"t":[0,0]}},{"k":[5,0,0,24,0],"v":{"t":[0,0]}},{"k":[12,0,0,16,0],"v":{"t":[0,0]}},{"k":[11,0,0,17,0],"v":{"t":[0,0]}},{"k":[10,0,0,18,0],"v":{"t":[0,0]}},{"k":[9,0,0,19,0],"v":{"t":[0,0]}},{"k":[6,0,0,22,0],"v":{"t":[0,0]}},{"k":[5,0,0,23,0],"v":{"t":[0,0]}},{"k":[4,0,0,24,0],"v":{"t":[0,0]}},{"k":[11,0,0,16,0],"v":{"t":[0,0]}},{"k":[10,0,0,17,0],"v":{"t":[0,0]}},{"k":[9,0,0,18,0],"v":{"t":[0,0]}},{"k":[6,0,0,21,0],"v":{"t":[0,0]}},{"k":[5,0,0,22,0],"v":{"t":[0,0]}},{"k":[4,0,0,23,0],"v":{"t":[0,0]}},{"k":[3,0,0,24,0],"v":{"t":[0,0]}},{"k":[10,0,0,16,0],"v":{"t":[0,0]}},{"k":[9,0,0,17,0],"v":{"t":[0,0]}},{"k":[8,0,0,18,0],"v":{"t":[0,0]}},{"k":[7,0,0,19,0],"v":{"t":[0,0]}},{"k":[4,0,0,22,0],"v":{"t":[0,0]}},{"k":[3,0,0,23,0],"v":{"t":[0,0]}},{"k":[2,0,0,24,0],"v":{"t":[0,0]}},{"k":[9,0,0,16,0],"v":{"t":[0,0]}},{"k":[8,0,0,17,0],"v":{"t":[0,0]}},{"k":[7,0,0,18,0],"v":{"t":[0,0]}},{"k":[4,0,0,21,0],"v":{"t":[0,0]}},{"k":[3,0,0,22,0],"v":{"t":[0,0]}},{"k":[2,0,0,23,0],"v":{"t":[0,0]}},{"k":[1,0,0,24,0],"v":{"t":[0,0]}},{"k":[15,0,0,24,0],"v":{"t":[0,0]}},{"k":[15,0,0,23,0],"v":{"t":[0,0]}},{"k":[14,0,0,24,0],"v":{"t":[0,0]}},{"k":[15,0,0,22,0],"v":{"t":[0,0]}},{"k":[14,0,0,23,0],"v":{"t":[0,0]}},{"k":[13,0,0,24,0],"v":{"t":[0,0]}},{"k":[15,0,0,21,0],"v":{"t":[0,0]}},{"k":[14,0,0,22,0],"v":{"t":[0,0]}},{"k":[13,0,0,23,0],"v":{"t":[0,0]}},{"k":[12,0,0,24,0],"v":{"t":[0,0]}},{"k":[14,0,0,21,0],"v":{"t":[0,0]}},{"k":[13,0,0,22,0],"v":{"t":[0,0]}},{"k":[12,0,0,23,0],"v":{"t":[0,0]}},{"k":[11,0,0,24,0],"v":{"t":[0,0]}},{"k":[12,0,0,22,0],"v":{"t":[0,0]}},{"k":[11,0,0,23,0],"v":{"t":[0,0]}},{"k":[10,0,0,24,0],"v":{"t":[0,0]}},{"k":[15,0,0,18,0],"v":{"t":[0,0]}},{"k":[12,0,0,21,0],"v":{"t":[0,0]}},{"k":[11,0,0,22,0],"v":{"t":[0,0]}},{"k":[10,0,0,23,0],"v":{"t":[0,0]}},{"k":[9,0,0,24,0],"v":{"t":[0,0]}},{"k":[14,0,0,19,0],"v":{"t":[0,0]}},{"k":[0,0,0,16,0],"v":{"t":[0,0]}}]},"moun":{"a":[],"o":[]},"objs":{"list":[{"k":[4,0,0,20,0],"v":{"events":[{"id":1,"name":"Hero action","p":[],"r":{"1":{"bh":true,"c":[{"command":[8,"Alaric",1,1,1,1,"DROGA...\n\nNão tem como eu ir mais para oeste.\n"],"kind":1},{"command":[8,"Alaric",1,1,1,1,"Deve haver outra forma de ir para lá."],"kind":1}]}},"sys":false}],"hId":-1,"id":8,"name":"OBJ0002","ooepf":false,"states":[{"cam":true,"climb":false,"dir":false,"gid":-1,"gk":0,"id":1,"move":true,"name":"Estado 1","pix":true,"pos":false,"stop":false,"sx":{"k":12,"v":1},"sy":{"k":12,"v":1},"sz":{"k":12,"v":1},"through":false,"x":0,"y":0}]}},{"k":[4,0,0,19,0],"v":{"events":[{"id":1,"name":"Hero action","p":[],"r":{"1":{"bh":true,"c":[{"command":[8,"Alaric",1,1,1,1,"DROGA...\n\nNão tem como eu ir mais para oeste.\n"],"kind":1},{"command":[8,"Alaric",1,1,1,1,"Deve haver outra forma de ir para lá."],"kind":1}]}},"sys":false}],"hId":-1,"id":9,"name":"OBJ0002","ooepf":false,"states":[{"cam":true,"climb":false,"dir":false,"gid":-1,"gk":0,"id":1,"move":true,"name":"Estado 1","pix":true,"pos":false,"stop":false,"sx":{"k":12,"v":1},"sy":{"k":12,"v":1},"sz":{"k":12,"v":1},"through":false,"x":0,"y":0}]}},{"k":[4,0,0,21,0],"v":{"events":[{"id":1,"name":"Hero action","p":[],"r":{"1":{"bh":true,"c":[{"command":[8,"Alaric",1,1,1,1,"DROGA...\n\nNão tem como eu ir mais para oeste.\n"],"kind":1},{"command":[8,"Alaric",1,1,1,1,"Deve haver outra forma de ir para lá."],"kind":1}]}},"sys":false}],"hId":-1,"id":2,"name":"OBJ0002","ooepf":false,"states":[{"cam":true,"climb":false,"dir":false,"gid":-1,"gk":0,"id":1,"move":true,"name":"Estado 1","pix":true,"pos":false,"stop":false,"sx":{"k":12,"v":1},"sy":{"k":12,"v":1},"sz":{"k":12,"v":1},"through":false,"x":0,"y":0}]}}]},"objs3d":{"a":[],"o":[]},"sprites":{"list":[{"k":[2,0,0,24,0],"v":{"k":4,"t":[2,1,2,2]}},{"k":[3,0,0,23,0],"v":{"k":4,"t":[2,1,2,2]}},{"k":[9,0,0,17,0],"v":{"k":4,"t":[2,1,2,2]}},{"k":[8,0,0,18,0],"v":{"k":4,"t":[2,1,2,2]}},{"k":[4,0,0,22,0],"v":{"k":4,"t":[5,7,1,1]}},{"k":[3,0,0,22,0],"v":{"f":false,"k":4,"t":[0,7,2,1]}},{"k":[14,0,0,24,0],"v":{"k":4,"t":[2,1,2,2]}},{"k":[15,0,0,23,0],"v":{"k":4,"t":[2,1,2,2]}},{"k":[12,0,0,24,0],"v":{"k":4,"t":[2,1,2,2]}},{"k":[13,0,0,23,0],"v":{"k":4,"t":[2,1,2,2]}},{"k":[3,0,12.5,21,0],"v":{"f":false,"k":4,"t":[0,7,2,1]}},{"k":[2,0,12.5,21,0],"v":{"k":4,"t":[0,7,2,1]}},{"k":[10,0,0,24,0],"v":{"k":4,"t":[2,1,2,2]}},{"k":[11,0,0,23,0],"v":{"k":4,"t":[2,1,2,2]}},{"k":[13,0,0,21,0],"v":{"k":4,"t":[6,7,1,1]}},{"k":[3,0,12.5,19,0],"v":{"k":4,"t":[0,7,2,1]}},{"k":[0,0,12.5,22,0],"v":{"f":false,"k":4,"t":[0,7,2,1]}},{"k":[14,0,0,19,0],"v":{"k":4,"t":[7,8,1,1]}},{"k":[2,0,12.5,19,0],"v":{"k":4,"t":[0,7,2,1]}},{"k":[0,0,0,24,0],"v":{"k":4,"t":[2,1,2,2]}},{"k":[1,0,0,23,0],"v":{"k":4,"t":[2,1,2,2]}},{"k":[7,0,0,17,0],"v":{"k":4,"t":[2,1,2,2]}},{"k":[2,0,0,22,0],"v":{"k":4,"t":[0,7,2,1]}},{"k":[6,0,0,18,0],"v":{"k":4,"t":[5,7,1,1]}},{"k":[8,0,0,16,0],"v":{"f":false,"k":4,"t":[2,1,2,2]}},{"k":[5,0,0,19,0],"v":{"k":4,"t":[7,8,1,1]}},{"k":[2,0,0,21,0],"v":{"k":4,"t":[0,7,2,1]}},{"k":[3,0,0,20,0],"v":{"k":4,"t":[0,7,2,1]}},{"k":[1,0,0,22,0],"v":{"k":4,"t":[0,7,2,1]}},{"k":[7,0,0,16,0],"v":{"f":false,"k":4,"t":[2,1,2,2]}},{"k":[5,0,0,17,0],"v":{"k":4,"t":[2,1,2,2]}},{"k":[1,0,0,21,0],"v":{"k":4,"t":[0,7,2,1]}},{"k":[2,0,0,20,0],"v":{"k":4,"t":[0,7,2,1]}},{"k":[8,0,0,24,0],"v":{"k":4,"t":[2,1,2,2]}},{"k":[9,0,0,23,0],"v":{"k":4,"t":[2,1,2,2]}},{"k":[15,0,0,17,0],"v":{"k":4,"t":[2,1,2,2]}},{"k":[14,0,0,18,0],"v":{"k":4,"t":[2,1,2,2]}},{"k":[10,0,0,22,0],"v":{"f":false,"k":4,"t":[5,7,1,1]}},{"k":[4,0,0,18,0],"v":{"k":4,"t":[5,7,1,1]}},{"k":[6,0,0,16,0],"v":{"f":false,"k":4,"t":[2,1,2,2]}},{"k":[11,0,0,21,0],"v":{"k":4,"t":[6,7,1,1]}},{"k":[0,0,12.5,20,0],"v":{"k":4,"t":[0,7,2,1]}},{"k":[2,0,0,19,0],"v":{"k":4,"t":[0,7,2,1]}},{"k":[1,0,0,20,0],"v":{"k":4,"t":[0,7,2,1]}},{"k":[0,0,0,21,0],"v":{"k":4,"t":[0,7,2,1]}},{"k":[15,0,0,16,0],"v":{"f":false,"k":4,"t":[2,1,2,2]}},{"k":[5,0,0,16,0],"v":{"f":false,"k":4,"t":[2,1,2,2]}},{"k":[0,0,12.5,19,0],"v":{"k":4,"t":[0,7,2,1]}},{"k":[3,0,0,17,0],"v":{"k":4,"t":[2,1,2,2]}},{"k":[2,0,0,18,0],"v":{"k":4,"t":[2,1,2,2]}},{"k":[1,0,0,19,0],"v":{"k":4,"t":[0,7,2,1]}},{"k":[6,0,0,24,0],"v":{"k":4,"t":[2,1,2,2]}},{"k":[7,0,0,23,0],"v":{"k":4,"t":[2,1,2,2]}},{"k":[13,0,0,17,0],"v":{"k":4,"t":[2,1,2,2]}},{"k":[12,0,0,18,0],"v":{"k":4,"t":[2,1,2,2]}},{"k":[0,0,0,20,0],"v":{"k":4,"t":[0,7,2,1]}},{"k":[8,0,0,22,0],"v":{"f":false,"k":4,"t":[5,7,1,1]}},{"k":[14,0,0,16,0],"v":{"f":false,"k":4,"t":[2,1,2,2]}},{"k":[1,0,0,17,0],"v":{"k":4,"t":[2,1,2,2]}},{"k":[0,0,0,18,0],"v":{"k":4,"t":[2,1,2,2]}},{"k":[4,0,0,24,0],"v":{"k":4,"t":[2,1,2,2]}},{"k":[5,0,0,23,0],"v":{"k":4,"t":[2,1,2,2]}},{"k":[11,0,0,17,0],"v":{"k":4,"t":[2,1,2,2]}},{"k":[10,0,0,18,0],"v":{"k":4,"t":[2,1,2,2]}},{"k":[6,0,0,22,0],"v":{"k":4,"t":[5,7,1,1]}},{"k":[9,0,0,19,0],"v":{"k":4,"t":[7,8,1,1]}},{"k":[6,0,0,21,0],"v":{"k":4,"t":[7,8,1,1]}}],"overflow":[],"walls":[]}}