{"lands":{"autotiles":[{"k":[16,0,0,20,0],"v":{"id":1,"t":[1,0],"tid":274}},{"k":[16,0,0,19,0],"v":{"id":1,"t":[1,0],"tid":423}},{"k":[28,0,0,20,0],"v":{"id":1,"t":[1,0],"tid":477}},{"k":[29,0,0,19,0],"v":{"id":1,"t":[1,0],"tid":177}},{"k":[27,0,0,21,0],"v":{"id":1,"t":[1,0],"tid":372}},{"k":[27,0,0,20,0],"v":{"id":1,"t":[1,0],"tid":10}},{"k":[26,0,0,21,0],"v":{"id":1,"t":[1,0],"tid":324}},{"k":[26,0,0,20,0],"v":{"id":1,"t":[1,0],"tid":471}},{"k":[25,0,0,21,0],"v":{"id":1,"t":[1,0],"tid":324}},{"k":[27,0,0,19,0],"v":{"id":1,"t":[1,0],"tid":177}},{"k":[25,0,0,20,0],"v":{"id":1,"t":[1,0],"tid":268}},{"k":[24,0,0,21,0],"v":{"id":1,"t":[1,0],"tid":324}},{"k":[24,0,0,20,0],"v":{"id":1,"t":[1,0],"tid":62}},{"k":[23,0,0,21,0],"v":{"id":1,"t":[1,0],"tid":570}},{"k":[25,0,0,19,0],"v":{"id":1,"t":[1,0],"tid":423}},{"k":[23,0,0,20,0],"v":{"id":1,"t":[1,0],"tid":461}},{"k":[24,0,0,19,0],"v":{"id":1,"t":[1,0],"tid":225}},{"k":[22,0,0,20,0],"v":{"id":1,"t":[1,0],"tid":477}},{"k":[21,0,0,20,0],"v":{"id":1,"t":[1,0],"tid":18}},{"k":[24,0,0,17,0],"v":{"id":1,"t":[0,0],"tid":618}},{"k":[20,0,0,21,0],"v":{"id":1,"t":[1,0],"tid":372}},{"k":[31,0,0,20,0],"v":{"id":1,"t":[1,0],"tid":477}},{"k":[30,0,0,20,0],"v":{"id":1,"t":[1,0],"tid":477}},{"k":[29,0,0,20,0],"v":{"id":1,"t":[1,0],"tid":18}},{"k":[20,0,0,20,0],"v":{"id":1,"t":[1,0],"tid":469}},{"k":[24,0,0,16,0],"v":{"id":1,"t":[0,0],"tid":636}},{"k":[21,0,0,19,0],"v":{"id":1,"t":[1,0],"tid":177}},{"k":[19,0,0,21,0],"v":{"id":1,"t":[1,0],"tid":324}},{"k":[19,0,0,20,0],"v":{"id":1,"t":[1,0],"tid":471}},{"k":[18,0,0,21,0],"v":{"id":1,"t":[1,0],"tid":570}},{"k":[18,0,0,20,0],"v":{"id":1,"t":[1,0],"tid":2}},{"k":[17,0,0,20,0],"v":{"id":1,"t":[1,0],"tid":477}},{"k":[18,0,0,19,0],"v":{"id":1,"t":[1,0],"tid":177}}],"floors":[{"k":[18,0,0,16,0],"v":{"t":[0,0]}},{"k":[17,0,0,17,0],"v":{"t":[0,0]}},{"k":[16,0,0,18,0],"v":{"t":[0,0]}},{"k":[17,0,0,16,0],"v":{"t":[0,0]}},{"k":[16,0,0,17,0],"v":{"t":[0,0]}},{"k":[31,0,0,17,0],"v":{"t":[0,0]}},{"k":[30,0,0,18,0],"v":{"t":[0,0]}},{"k":[26,0,0,22,0],"v":{"t":[0,0]}},{"k":[25,0,0,23,0],"v":{"t":[0,0]}},{"k":[24,0,0,24,0],"v":{"t":[0,0]}},{"k":[31,0,0,16,0],"v":{"t":[0,0]}},{"k":[30,0,0,17,0],"v":{"t":[0,0]}},{"k":[29,0,0,18,0],"v":{"t":[0,0]}},{"k":[28,0,0,19,0],"v":{"t":[0,0]}},{"k":[25,0,0,22,0],"v":{"t":[0,0]}},{"k":[24,0,0,23,0],"v":{"t":[0,0]}},{"k":[23,0,0,24,0],"v":{"t":[0,0]}},{"k":[30,0,0,16,0],"v":{"t":[0,0]}},{"k":[29,0,0,17,0],"v":{"t":[0,0]}},{"k":[28,0,0,18,0],"v":{"t":[0,0]}},{"k":[24,0,0,22,0],"v":{"t":[0,0]}},{"k":[23,0,0,23,0],"v":{"t":[0,0]}},{"k":[22,0,0,24,0],"v":{"t":[0,0]}},{"k":[29,0,0,16,0],"v":{"t":[0,0]}},{"k":[28,0,0,17,0],"v":{"t":[0,0]}},{"k":[27,0,0,18,0],"v":{"t":[0,0]}},{"k":[26,0,0,19,0],"v":{"t":[0,0]}},{"k":[23,0,0,22,0],"v":{"t":[0,0]}},{"k":[22,0,0,23,0],"v":{"t":[0,0]}},{"k":[21,0,0,24,0],"v":{"t":[0,0]}},{"k":[28,0,0,16,0],"v":{"t":[0,0]}},{"k":[27,0,0,17,0],"v":{"t":[0,0]}},{"k":[26,0,0,18,0],"v":{"t":[0,0]}},{"k":[22,0,0,22,0],"v":{"t":[0,0]}},{"k":[21,0,0,23,0],"v":{"t":[0,0]}},{"k":[20,0,0,24,0],"v":{"t":[0,0]}},{"k":[27,0,0,16,0],"v":{"t":[0,0]}},{"k":[26,0,0,17,0],"v":{"t":[0,0]}},{"k":[25,0,0,18,0],"v":{"t":[0,0]}},{"k":[22,0,0,21,0],"v":{"t":[0,0]}},{"k":[21,0,0,22,0],"v":{"t":[0,0]}},{"k":[20,0,0,23,0],"v":{"t":[0,0]}},{"k":[19,0,0,24,0],"v":{"t":[0,0]}},{"k":[26,0,0,16,0],"v":{"t":[0,0]}},{"k":[25,0,0,17,0],"v":{"t":[0,0]}},{"k":[24,0,0,18,0],"v":{"t":[0,0]}},{"k":[23,0,0,19,0],"v":{"t":[0,0]}},{"k":[20,0,0,22,0],"v":{"t":[0,0]}},{"k":[19,0,0,23,0],"v":{"t":[0,0]}},{"k":[18,0,0,24,0],"v":{"t":[0,0]}},{"k":[21,0,0,21,0],"v":{"t":[0,0]}},{"k":[25,0,0,16,0],"v":{"t":[0,0]}},{"k":[23,0,0,18,0],"v":{"t":[0,0]}},{"k":[22,0,0,19,0],"v":{"t":[0,0]}},{"k":[19,0,0,22,0],"v":{"t":[0,0]}},{"k":[18,0,0,23,0],"v":{"t":[0,0]}},{"k":[17,0,0,24,0],"v":{"t":[0,0]}},{"k":[31,0,0,24,0],"v":{"t":[0,0]}},{"k":[31,0,0,23,0],"v":{"t":[0,0]}},{"k":[30,0,0,24,0],"v":{"t":[0,0]}},{"k":[31,0,0,22,0],"v":{"t":[0,0]}},{"k":[30,0,0,23,0],"v":{"t":[0,0]}},{"k":[29,0,0,24,0],"v":{"t":[0,0]}},{"k":[31,0,0,21,0],"v":{"t":[0,0]}},{"k":[30,0,0,22,0],"v":{"t":[0,0]}},{"k":[29,0,0,23,0],"v":{"t":[0,0]}},{"k":[28,0,0,24,0],"v":{"t":[0,0]}},{"k":[30,0,0,21,0],"v":{"t":[0,0]}},{"k":[29,0,0,22,0],"v":{"t":[0,0]}},{"k":[28,0,0,23,0],"v":{"t":[0,0]}},{"k":[27,0,0,24,0],"v":{"t":[0,0]}},{"k":[31,0,0,19,0],"v":{"t":[0,0]}},{"k":[29,0,0,21,0],"v":{"t":[0,0]}},{"k":[28,0,0,22,0],"v":{"t":[0,0]}},{"k":[27,0,0,23,0],"v":{"t":[0,0]}},{"k":[26,0,0,24,0],"v":{"t":[0,0]}},{"k":[31,0,0,18,0],"v":{"t":[0,0]}},{"k":[30,0,0,19,0],"v":{"t":[0,0]}},{"k":[28,0,0,21,0],"v":{"t":[0,0]}},{"k":[26,0,0,23,0],"v":{"t":[0,0]}},{"k":[25,0,0,24,0],"v":{"t":[0,0]}},{"k":[27,0,0,22,0],"v":{"t":[0,0]}},{"k":[16,0,0,16,0],"v":{"t":[0,0]}},{"k":[23,0,0,17,0],"v":{"t":[0,0]}},{"k":[22,0,0,18,0],"v":{"t":[0,0]}},{"k":[18,0,0,22,0],"v":{"t":[0,0]}},{"k":[17,0,0,23,0],"v":{"t":[0,0]}},{"k":[16,0,0,24,0],"v":{"t":[0,0]}},{"k":[23,0,0,16,0],"v":{"t":[0,0]}},{"k":[22,0,0,17,0],"v":{"t":[0,0]}},{"k":[21,0,0,18,0],"v":{"t":[0,0]}},{"k":[20,0,0,19,0],"v":{"t":[0,0]}},{"k":[17,0,0,22,0],"v":{"t":[0,0]}},{"k":[16,0,0,23,0],"v":{"t":[0,0]}},{"k":[22,0,0,16,0],"v":{"t":[0,0]}},{"k":[21,0,0,17,0],"v":{"t":[0,0]}},{"k":[20,0,0,18,0],"v":{"t":[0,0]}},{"k":[17,0,0,21,0],"v":{"t":[0,0]}},{"k":[16,0,0,22,0],"v":{"t":[0,0]}},{"k":[19,0,0,19,0],"v":{"t":[0,0]}},{"k":[21,0,0,16,0],"v":{"t":[0,0]}},{"k":[20,0,0,17,0],"v":{"t":[0,0]}},{"k":[19,0,0,18,0],"v":{"t":[0,0]}},{"k":[16,0,0,21,0],"v":{"t":[0,0]}},{"k":[20,0,0,16,0],"v":{"t":[0,0]}},{"k":[19,0,0,17,0],"v":{"t":[0,0]}},{"k":[18,0,0,18,0],"v":{"t":[0,0]}},{"k":[17,0,0,19,0],"v":{"t":[0,0]}},{"k":[19,0,0,16,0],"v":{"t":[0,0]}},{"k":[18,0,0,17,0],"v":{"t":[0,0]}},{"k":[17,0,0,18,0],"v":{"t":[0,0]}}]},"moun":{"a":[],"o":[]},"objs":{"list":[]},"objs3d":{"a":[],"o":[]},"sprites":{"list":[{"k":[16,0,0,24,0],"v":{"k":4,"t":[2,1,2,2]}},{"k":[17,0,0,23,0],"v":{"k":4,"t":[2,1,2,2]}},{"k":[18,0,0,22,0],"v":{"f":false,"k":4,"t":[6,7,1,1]}},{"k":[22,0,0,18,0],"v":{"k":4,"t":[6,7,1,1]}},{"k":[22,0,0,16,0],"v":{"f":false,"k":4,"t":[2,1,2,2]}},{"k":[21,0,0,17,0],"v":{"k":4,"t":[2,1,2,2]}},{"k":[20,0,0,18,0],"v":{"k":4,"t":[2,1,2,2]}},{"k":[19,0,0,19,0],"v":{"k":4,"t":[7,8,1,1]}},{"k":[16,0,0,21,0],"v":{"k":4,"t":[6,7,1,1]}},{"k":[19,0,0,17,0],"v":{"k":4,"t":[2,1,2,2]}},{"k":[18,0,0,18,0],"v":{"k":4,"t":[2,1,2,2]}},{"k":[17,0,0,17,0],"v":{"k":4,"t":[2,1,2,2]}},{"k":[16,0,0,18,0],"v":{"k":4,"t":[2,1,2,2]}},{"k":[24,0,0,24,0],"v":{"k":4,"t":[2,1,2,2]}},{"k":[25,0,0,23,0],"v":{"k":4,"t":[2,1,2,2]}},{"k":[29,0,0,18,0],"v":{"k":4,"t":[2,1,2,2]}},{"k":[30,0,0,17,0],"v":{"k":4,"t":[2,1,2,2]}},{"k":[28,0,0,19,0],"v":{"k":4,"t":[7,8,1,1]}},{"k":[22,0,0,24,0],"v":{"k":4,"t":[2,1,2,2]}},{"k":[23,0,0,23,0],"v":{"k":4,"t":[2,1,2,2]}},{"k":[28,0,0,17,0],"v":{"k":4,"t":[2,1,2,2]}},{"k":[20,0,0,24,0],"v":{"k":4,"t":[2,1,2,2]}},{"k":[21,0,0,23,0],"v":{"k":4,"t":[2,1,2,2]}},{"k":[22,0,0,22,0],"v":{"f":false,"k":4,"t":[6,7,1,1]}},{"k":[26,0,0,18,0],"v":{"k":4,"t":[6,7,1,1]}},{"k":[27,0,0,16,0],"v":{"k":4,"t":[2,1,2,2]}},{"k":[24,0,0,19,0],"v":{"k":4,"t":[7,8,1,1]}},{"k":[18,0,0,24,0],"v":{"k":4,"t":[2,1,2,2]}},{"k":[19,0,0,23,0],"v":{"k":4,"t":[2,1,2,2]}},{"k":[21,0,0,21,0],"v":{"k":4,"t":[6,7,1,1]}},{"k":[24,0,0,18,0],"v":{"k":4,"t":[6,7,1,1]}},{"k":[30,0,0,24,0],"v":{"k":4,"t":[2,1,2,2]}},{"k":[31,0,0,23,0],"v":{"k":4,"t":[2,1,2,2]}},{"k":[28,0,0,24,0],"v":{"k":4,"t":[2,1,2,2]}},{"k":[29,0,0,23,0],"v":{"k":4,"t":[2,1,2,2]}},{"k":[30,0,0,22,0],"v":{"f":false,"k":4,"t":[6,7,1,1]}},{"k":[30,0,0,21,0],"v":{"k":4,"t":[7,8,1,1]}},{"k":[26,0,0,24,0],"v":{"k":4,"t":[2,1,2,2]}},{"k":[27,0,0,23,0],"v":{"k":4,"t":[2,1,2,2]}},{"k":[31,0,0,19,0],"v":{"k":4,"t":[7,8,1,1]}},{"k":[31,0,0,18,0],"v":{"k":4,"t":[2,1,2,2]}},{"k":[28,0,0,21,0],"v":{"k":4,"t":[6,7,1,1]}},{"k":[16,0,0,16,0],"v":{"f":false,"k":4,"t":[2,1,2,2]}}],"overflow":[],"walls":[]}}