{"lands":{"autotiles":[{"k":[24,0,0,14,0],"v":{"id":1,"t":[0,0],"tid":636}},{"k":[24,0,0,13,0],"v":{"id":1,"t":[0,0],"tid":636}},{"k":[24,0,0,12,0],"v":{"id":1,"t":[0,0],"tid":636}},{"k":[24,0,0,11,0],"v":{"id":1,"t":[0,0],"tid":636}},{"k":[24,0,0,10,0],"v":{"id":1,"t":[0,0],"tid":636}},{"k":[24,0,0,9,0],"v":{"id":1,"t":[0,0],"tid":636}},{"k":[24,0,0,8,0],"v":{"id":1,"t":[0,0],"tid":636}},{"k":[24,0,0,7,0],"v":{"id":1,"t":[0,0],"tid":636}},{"k":[24,0,0,6,0],"v":{"id":1,"t":[0,0],"tid":636}},{"k":[24,0,0,5,0],"v":{"id":1,"t":[0,0],"tid":636}},{"k":[24,0,0,4,0],"v":{"id":1,"t":[0,0],"tid":636}},{"k":[24,0,0,3,0],"v":{"id":1,"t":[0,0],"tid":636}},{"k":[24,0,0,2,0],"v":{"id":1,"t":[0,0],"tid":636}},{"k":[24,0,0,1,0],"v":{"id":1,"t":[0,0],"tid":177}},{"k":[24,0,0,15,0],"v":{"id":1,"t":[0,0],"tid":636}}],"floors":[{"k":[27,5,0,0,0],"v":{"t":[0,0]}},{"k":[27,4,0,1,0],"v":{"t":[0,0]}},{"k":[20,0,0,12,0],"v":{"t":[0,0]}},{"k":[21,0,0,11,0],"v":{"t":[0,0]}},{"k":[22,0,0,10,0],"v":{"t":[0,0]}},{"k":[23,0,0,9,0],"v":{"t":[0,0]}},{"k":[25,0,0,7,0],"v":{"t":[0,0]}},{"k":[26,0,0,6,0],"v":{"t":[0,0]}},{"k":[27,0,0,5,0],"v":{"t":[0,0]}},{"k":[28,0,0,4,0],"v":{"t":[0,0]}},{"k":[29,0,0,3,0],"v":{"t":[0,0]}},{"k":[30,0,0,2,0],"v":{"t":[0,0]}},{"k":[31,0,0,1,0],"v":{"t":[0,0]}},{"k":[19,0,0,13,0],"v":{"t":[0,0]}},{"k":[18,0,0,14,0],"v":{"t":[0,0]}},{"k":[17,0,0,15,0],"v":{"t":[0,0]}},{"k":[26,5,0,0,0],"v":{"t":[0,0]}},{"k":[19,0,0,12,0],"v":{"t":[0,0]}},{"k":[20,0,0,11,0],"v":{"t":[0,0]}},{"k":[21,0,0,10,0],"v":{"t":[0,0]}},{"k":[22,0,0,9,0],"v":{"t":[0,0]}},{"k":[23,0,0,8,0],"v":{"t":[0,0]}},{"k":[25,0,0,6,0],"v":{"t":[0,0]}},{"k":[26,0,0,5,0],"v":{"t":[0,0]}},{"k":[27,0,0,4,0],"v":{"t":[0,0]}},{"k":[28,0,0,3,0],"v":{"t":[0,0]}},{"k":[29,0,0,2,0],"v":{"t":[0,0]}},{"k":[30,0,0,1,0],"v":{"t":[0,0]}},{"k":[31,0,0,0,0],"v":{"t":[0,0]}},{"k":[18,0,0,13,0],"v":{"t":[0,0]}},{"k":[17,0,0,14,0],"v":{"t":[0,0]}},{"k":[16,0,0,15,0],"v":{"t":[0,0]}},{"k":[25,5,0,0,0],"v":{"t":[0,0]}},{"k":[18,0,0,12,0],"v":{"t":[0,0]}},{"k":[19,0,0,11,0],"v":{"t":[0,0]}},{"k":[20,0,0,10,0],"v":{"t":[0,0]}},{"k":[21,0,0,9,0],"v":{"t":[0,0]}},{"k":[22,0,0,8,0],"v":{"t":[0,0]}},{"k":[23,0,0,7,0],"v":{"t":[0,0]}},{"k":[25,0,0,5,0],"v":{"t":[0,0]}},{"k":[26,0,0,4,0],"v":{"t":[0,0]}},{"k":[27,0,0,3,0],"v":{"t":[0,0]}},{"k":[28,0,0,2,0],"v":{"t":[0,0]}},{"k":[29,0,0,1,0],"v":{"t":[0,0]}},{"k":[30,0,0,0,0],"v":{"t":[0,0]}},{"k":[17,0,0,13,0],"v":{"t":[0,0]}},{"k":[16,0,0,14,0],"v":{"t":[0,0]}},{"k":[24,5,0,0,0],"v":{"t":[0,0]}},{"k":[17,0,0,12,0],"v":{"t":[0,0]}},{"k":[18,0,0,11,0],"v":{"t":[0,0]}},{"k":[19,0,0,10,0],"v":{"t":[0,0]}},{"k":[20,0,0,9,0],"v":{"t":[0,0]}},{"k":[21,0,0,8,0],"v":{"t":[0,0]}},{"k":[22,0,0,7,0],"v":{"t":[0,0]}},{"k":[23,0,0,6,0],"v":{"t":[0,0]}},{"k":[25,0,0,4,0],"v":{"t":[0,0]}},{"k":[26,0,0,3,0],"v":{"t":[0,0]}},{"k":[27,0,0,2,0],"v":{"t":[0,0]}},{"k":[28,0,0,1,0],"v":{"t":[0,0]}},{"k":[29,0,0,0,0],"v":{"t":[0,0]}},{"k":[16,0,0,13,0],"v":{"t":[0,0]}},{"k":[23,5,0,0,0],"v":{"t":[0,0]}},{"k":[16,0,0,12,0],"v":{"t":[0,0]}},{"k":[17,0,0,11,0],"v":{"t":[0,0]}},{"k":[18,0,0,10,0],"v":{"t":[0,0]}},{"k":[19,0,0,9,0],"v":{"t":[0,0]}},{"k":[20,0,0,8,0],"v":{"t":[0,0]}},{"k":[21,0,0,7,0],"v":{"t":[0,0]}},{"k":[22,0,0,6,0],"v":{"t":[0,0]}},{"k":[23,0,0,5,0],"v":{"t":[0,0]}},{"k":[25,0,0,3,0],"v":{"t":[0,0]}},{"k":[26,0,0,2,0],"v":{"t":[0,0]}},{"k":[27,0,0,1,0],"v":{"t":[0,0]}},{"k":[28,0,0,0,0],"v":{"t":[0,0]}},{"k":[22,5,0,0,0],"v":{"t":[0,0]}},{"k":[19,5,0,3,0],"v":{"t":[0,0]}},{"k":[20,5,0,2,0],"v":{"t":[0,0]}},{"k":[21,5,0,1,0],"v":{"t":[0,0]}},{"k":[18,5,0,4,0],"v":{"t":[0,0]}},{"k":[18,4,0,5,0],"v":{"t":[0,0]}},{"k":[19,4,0,4,0],"v":{"t":[0,0]}},{"k":[20,4,0,3,0],"v":{"t":[0,0]}},{"k":[21,4,0,2,0],"v":{"t":[0,0]}},{"k":[22,4,0,1,0],"v":{"t":[0,0]}},{"k":[16,0,0,11,0],"v":{"t":[0,0]}},{"k":[17,0,0,10,0],"v":{"t":[0,0]}},{"k":[18,0,0,9,0],"v":{"t":[0,0]}},{"k":[19,0,0,8,0],"v":{"t":[0,0]}},{"k":[20,0,0,7,0],"v":{"t":[0,0]}},{"k":[21,0,0,6,0],"v":{"t":[0,0]}},{"k":[22,0,0,5,0],"v":{"t":[0,0]}},{"k":[23,0,0,4,0],"v":{"t":[0,0]}},{"k":[25,0,0,2,0],"v":{"t":[0,0]}},{"k":[26,0,0,1,0],"v":{"t":[0,0]}},{"k":[27,0,0,0,0],"v":{"t":[0,0]}},{"k":[21,5,0,0,0],"v":{"t":[0,0]}},{"k":[17,5,0,4,0],"v":{"t":[0,0]}},{"k":[19,5,0,2,0],"v":{"t":[0,0]}},{"k":[20,5,0,1,0],"v":{"t":[0,0]}},{"k":[18,5,0,3,0],"v":{"t":[0,0]}},{"k":[17,4,0,5,0],"v":{"t":[0,0]}},{"k":[16,0,0,10,0],"v":{"t":[0,0]}},{"k":[17,0,0,9,0],"v":{"t":[0,0]}},{"k":[18,0,0,8,0],"v":{"t":[0,0]}},{"k":[19,0,0,7,0],"v":{"t":[0,0]}},{"k":[20,0,0,6,0],"v":{"t":[0,0]}},{"k":[21,0,0,5,0],"v":{"t":[0,0]}},{"k":[22,0,0,4,0],"v":{"t":[0,0]}},{"k":[23,0,0,3,0],"v":{"t":[0,0]}},{"k":[25,0,0,1,0],"v":{"t":[0,0]}},{"k":[26,0,0,0,0],"v":{"t":[0,0]}},{"k":[20,5,0,0,0],"v":{"t":[0,0]}},{"k":[16,5,0,4,0],"v":{"t":[0,0]}},{"k":[19,5,0,1,0],"v":{"t":[0,0]}},{"k":[17,5,0,3,0],"v":{"t":[0,0]}},{"k":[18,5,0,2,0],"v":{"t":[0,0]}},{"k":[16,4,0,5,0],"v":{"t":[0,0]}},{"k":[16,0,0,9,0],"v":{"t":[0,0]}},{"k":[17,0,0,8,0],"v":{"t":[0,0]}},{"k":[18,0,0,7,0],"v":{"t":[0,0]}},{"k":[19,0,0,6,0],"v":{"t":[0,0]}},{"k":[20,0,0,5,0],"v":{"t":[0,0]}},{"k":[21,0,0,4,0],"v":{"t":[0,0]}},{"k":[22,0,0,3,0],"v":{"t":[0,0]}},{"k":[23,0,0,2,0],"v":{"t":[0,0]}},{"k":[25,0,0,0,0],"v":{"t":[0,0]}},{"k":[28,0,0,12,0],"v":{"t":[0,0]}},{"k":[29,0,0,11,0],"v":{"t":[0,0]}},{"k":[30,0,0,10,0],"v":{"t":[0,0]}},{"k":[31,0,0,9,0],"v":{"t":[0,0]}},{"k":[27,0,0,13,0],"v":{"t":[0,0]}},{"k":[26,0,0,14,0],"v":{"t":[0,0]}},{"k":[25,0,0,15,0],"v":{"t":[0,0]}},{"k":[27,0,0,12,0],"v":{"t":[0,0]}},{"k":[28,0,0,11,0],"v":{"t":[0,0]}},{"k":[29,0,0,10,0],"v":{"t":[0,0]}},{"k":[30,0,0,9,0],"v":{"t":[0,0]}},{"k":[31,0,0,8,0],"v":{"t":[0,0]}},{"k":[26,0,0,13,0],"v":{"t":[0,0]}},{"k":[25,0,0,14,0],"v":{"t":[0,0]}},{"k":[26,0,0,12,0],"v":{"t":[0,0]}},{"k":[27,0,0,11,0],"v":{"t":[0,0]}},{"k":[28,0,0,10,0],"v":{"t":[0,0]}},{"k":[29,0,0,9,0],"v":{"t":[0,0]}},{"k":[30,0,0,8,0],"v":{"t":[0,0]}},{"k":[31,0,0,7,0],"v":{"t":[0,0]}},{"k":[25,0,0,13,0],"v":{"t":[0,0]}},{"k":[23,0,0,15,0],"v":{"t":[0,0]}},{"k":[31,5,0,1,0],"v":{"t":[0,0]}},{"k":[25,0,0,12,0],"v":{"t":[0,0]}},{"k":[26,0,0,11,0],"v":{"t":[0,0]}},{"k":[27,0,0,10,0],"v":{"t":[0,0]}},{"k":[28,0,0,9,0],"v":{"t":[0,0]}},{"k":[29,0,0,8,0],"v":{"t":[0,0]}},{"k":[30,0,0,7,0],"v":{"t":[0,0]}},{"k":[31,0,0,6,0],"v":{"t":[0,0]}},{"k":[23,0,0,14,0],"v":{"t":[0,0]}},{"k":[22,0,0,15,0],"v":{"t":[0,0]}},{"k":[31,5,0,0,0],"v":{"t":[0,0]}},{"k":[25,0,0,11,0],"v":{"t":[0,0]}},{"k":[26,0,0,10,0],"v":{"t":[0,0]}},{"k":[27,0,0,9,0],"v":{"t":[0,0]}},{"k":[28,0,0,8,0],"v":{"t":[0,0]}},{"k":[29,0,0,7,0],"v":{"t":[0,0]}},{"k":[30,0,0,6,0],"v":{"t":[0,0]}},{"k":[31,0,0,5,0],"v":{"t":[0,0]}},{"k":[23,0,0,13,0],"v":{"t":[0,0]}},{"k":[22,0,0,14,0],"v":{"t":[0,0]}},{"k":[21,0,0,15,0],"v":{"t":[0,0]}},{"k":[30,5,0,0,0],"v":{"t":[0,0]}},{"k":[30,4,0,1,0],"v":{"t":[0,0]}},{"k":[23,0,0,12,0],"v":{"t":[0,0]}},{"k":[25,0,0,10,0],"v":{"t":[0,0]}},{"k":[26,0,0,9,0],"v":{"t":[0,0]}},{"k":[27,0,0,8,0],"v":{"t":[0,0]}},{"k":[28,0,0,7,0],"v":{"t":[0,0]}},{"k":[29,0,0,6,0],"v":{"t":[0,0]}},{"k":[30,0,0,5,0],"v":{"t":[0,0]}},{"k":[31,0,0,4,0],"v":{"t":[0,0]}},{"k":[22,0,0,13,0],"v":{"t":[0,0]}},{"k":[21,0,0,14,0],"v":{"t":[0,0]}},{"k":[20,0,0,15,0],"v":{"t":[0,0]}},{"k":[29,5,0,0,0],"v":{"t":[0,0]}},{"k":[29,4,0,1,0],"v":{"t":[0,0]}},{"k":[22,0,0,12,0],"v":{"t":[0,0]}},{"k":[23,0,0,11,0],"v":{"t":[0,0]}},{"k":[25,0,0,9,0],"v":{"t":[0,0]}},{"k":[26,0,0,8,0],"v":{"t":[0,0]}},{"k":[27,0,0,7,0],"v":{"t":[0,0]}},{"k":[28,0,0,6,0],"v":{"t":[0,0]}},{"k":[29,0,0,5,0],"v":{"t":[0,0]}},{"k":[30,0,0,4,0],"v":{"t":[0,0]}},{"k":[31,0,0,3,0],"v":{"t":[0,0]}},{"k":[21,0,0,13,0],"v":{"t":[0,0]}},{"k":[20,0,0,14,0],"v":{"t":[0,0]}},{"k":[19,0,0,15,0],"v":{"t":[0,0]}},{"k":[28,5,0,0,0],"v":{"t":[0,0]}},{"k":[28,4,0,1,0],"v":{"t":[0,0]}},{"k":[21,0,0,12,0],"v":{"t":[0,0]}},{"k":[22,0,0,11,0],"v":{"t":[0,0]}},{"k":[23,0,0,10,0],"v":{"t":[0,0]}},{"k":[25,0,0,8,0],"v":{"t":[0,0]}},{"k":[26,0,0,7,0],"v":{"t":[0,0]}},{"k":[27,0,0,6,0],"v":{"t":[0,0]}},{"k":[28,0,0,5,0],"v":{"t":[0,0]}},{"k":[29,0,0,4,0],"v":{"t":[0,0]}},{"k":[30,0,0,3,0],"v":{"t":[0,0]}},{"k":[31,0,0,2,0],"v":{"t":[0,0]}},{"k":[20,0,0,13,0],"v":{"t":[0,0]}},{"k":[19,0,0,14,0],"v":{"t":[0,0]}},{"k":[18,0,0,15,0],"v":{"t":[0,0]}},{"k":[31,0,0,15,0],"v":{"t":[0,0]}},{"k":[31,0,0,14,0],"v":{"t":[0,0]}},{"k":[30,0,0,15,0],"v":{"t":[0,0]}},{"k":[31,0,0,13,0],"v":{"t":[0,0]}},{"k":[30,0,0,14,0],"v":{"t":[0,0]}},{"k":[29,0,0,15,0],"v":{"t":[0,0]}},{"k":[31,0,0,12,0],"v":{"t":[0,0]}},{"k":[30,0,0,13,0],"v":{"t":[0,0]}},{"k":[29,0,0,14,0],"v":{"t":[0,0]}},{"k":[28,0,0,15,0],"v":{"t":[0,0]}},{"k":[30,0,0,12,0],"v":{"t":[0,0]}},{"k":[31,0,0,11,0],"v":{"t":[0,0]}},{"k":[29,0,0,13,0],"v":{"t":[0,0]}},{"k":[28,0,0,14,0],"v":{"t":[0,0]}},{"k":[27,0,0,15,0],"v":{"t":[0,0]}},{"k":[29,0,0,12,0],"v":{"t":[0,0]}},{"k":[30,0,0,11,0],"v":{"t":[0,0]}},{"k":[31,0,0,10,0],"v":{"t":[0,0]}},{"k":[28,0,0,13,0],"v":{"t":[0,0]}},{"k":[27,0,0,14,0],"v":{"t":[0,0]}},{"k":[26,0,0,15,0],"v":{"t":[0,0]}},{"k":[16,0,0,0,0],"v":{"t":[0,0]}},{"k":[19,5,0,0,0],"v":{"t":[0,0]}},{"k":[18,5,0,1,0],"v":{"t":[0,0]}},{"k":[16,5,0,3,0],"v":{"t":[0,0]}},{"k":[17,5,0,2,0],"v":{"t":[0,0]}},{"k":[16,0,0,8,0],"v":{"t":[0,0]}},{"k":[17,0,0,7,0],"v":{"t":[0,0]}},{"k":[18,0,0,6,0],"v":{"t":[0,0]}},{"k":[19,0,0,5,0],"v":{"t":[0,0]}},{"k":[20,0,0,4,0],"v":{"t":[0,0]}},{"k":[21,0,0,3,0],"v":{"t":[0,0]}},{"k":[22,0,0,2,0],"v":{"t":[0,0]}},{"k":[23,0,0,1,0],"v":{"t":[0,0]}},{"k":[24,0,0,0,0],"v":{"t":[0,0]}},{"k":[18,5,0,0,0],"v":{"t":[0,0]}},{"k":[17,5,0,1,0],"v":{"t":[0,0]}},{"k":[16,5,0,2,0],"v":{"t":[0,0]}},{"k":[16,0,0,7,0],"v":{"t":[0,0]}},{"k":[17,0,0,6,0],"v":{"t":[0,0]}},{"k":[18,0,0,5,0],"v":{"t":[0,0]}},{"k":[19,0,0,4,0],"v":{"t":[0,0]}},{"k":[20,0,0,3,0],"v":{"t":[0,0]}},{"k":[21,0,0,2,0],"v":{"t":[0,0]}},{"k":[22,0,0,1,0],"v":{"t":[0,0]}},{"k":[23,0,0,0,0],"v":{"t":[0,0]}},{"k":[17,5,0,0,0],"v":{"t":[0,0]}},{"k":[16,5,0,1,0],"v":{"t":[0,0]}},{"k":[16,0,0,6,0],"v":{"t":[0,0]}},{"k":[17,0,0,5,0],"v":{"t":[0,0]}},{"k":[18,0,0,4,0],"v":{"t":[0,0]}},{"k":[19,0,0,3,0],"v":{"t":[0,0]}},{"k":[20,0,0,2,0],"v":{"t":[0,0]}},{"k":[21,0,0,1,0],"v":{"t":[0,0]}},{"k":[22,0,0,0,0],"v":{"t":[0,0]}},{"k":[16,5,0,0,0],"v":{"t":[0,0]}},{"k":[16,0,0,5,0],"v":{"t":[0,0]}},{"k":[17,0,0,4,0],"v":{"t":[0,0]}},{"k":[18,0,0,3,0],"v":{"t":[0,0]}},{"k":[19,0,0,2,0],"v":{"t":[0,0]}},{"k":[20,0,0,1,0],"v":{"t":[0,0]}},{"k":[21,0,0,0,0],"v":{"t":[0,0]}},{"k":[16,0,0,4,0],"v":{"t":[0,0]}},{"k":[17,0,0,3,0],"v":{"t":[0,0]}},{"k":[18,0,0,2,0],"v":{"t":[0,0]}},{"k":[19,0,0,1,0],"v":{"t":[0,0]}},{"k":[20,0,0,0,0],"v":{"t":[0,0]}},{"k":[16,0,0,3,0],"v":{"t":[0,0]}},{"k":[17,0,0,2,0],"v":{"t":[0,0]}},{"k":[18,0,0,1,0],"v":{"t":[0,0]}},{"k":[19,0,0,0,0],"v":{"t":[0,0]}},{"k":[16,0,0,2,0],"v":{"t":[0,0]}},{"k":[17,0,0,1,0],"v":{"t":[0,0]}},{"k":[18,0,0,0,0],"v":{"t":[0,0]}},{"k":[16,0,0,1,0],"v":{"t":[0,0]}},{"k":[17,0,0,0,0],"v":{"t":[0,0]}}]},"moun":{"a":[{"k":[26,0,0,0,0],"v":{"hs":5,"r":true,"sid":1}},{"k":[25,0,0,0,0],"v":{"hs":5,"l":true,"sid":8}},{"k":[16,0,0,0,0],"v":{"b":true,"hs":5,"l":true,"r":true,"sid":1}},{"k":[24,0,0,0,0],"v":{"hs":5,"l":true,"r":true,"sid":8}},{"k":[23,0,0,0,0],"v":{"hs":5,"r":true,"sid":8}},{"k":[18,0,0,5,0],"v":{"hs":4,"l":true,"sid":1}},{"k":[19,0,0,4,0],"v":{"hs":4,"sid":1}},{"k":[20,0,0,3,0],"v":{"hs":4,"sid":1}},{"k":[21,0,0,2,0],"v":{"hs":4,"sid":1}},{"k":[22,0,0,1,0],"v":{"hs":4,"sid":1}},{"k":[22,0,0,0,0],"v":{"hs":5,"l":true,"sid":1}},{"k":[19,0,0,3,0],"v":{"hs":5,"l":true,"sid":1,"t":true}},{"k":[20,0,0,2,0],"v":{"hs":5,"l":true,"sid":1,"t":true}},{"k":[21,0,0,1,0],"v":{"hs":5,"l":true,"sid":1,"t":true}},{"k":[18,0,0,4,0],"v":{"hs":5,"l":true,"sid":1,"t":true}},{"k":[17,0,0,5,0],"v":{"hs":4,"l":true,"r":true,"sid":1}},{"k":[31,0,0,1,0],"v":{"hs":5,"r":true,"sid":1,"t":true}},{"k":[21,0,0,0,0],"v":{"b":true,"hs":5,"l":true,"r":true,"sid":1}},{"k":[17,0,0,4,0],"v":{"hs":5,"l":true,"r":true,"sid":1,"t":true}},{"k":[19,0,0,2,0],"v":{"b":true,"hs":5,"l":true,"r":true,"sid":1,"t":true}},{"k":[20,0,0,1,0],"v":{"b":true,"hs":5,"l":true,"r":true,"sid":1,"t":true}},{"k":[18,0,0,3,0],"v":{"b":true,"hs":5,"l":true,"r":true,"sid":1,"t":true}},{"k":[16,0,0,5,0],"v":{"hs":4,"l":true,"r":true,"sid":1}},{"k":[31,0,0,0,0],"v":{"b":true,"hs":5,"l":true,"r":true,"sid":1}},{"k":[30,0,0,1,0],"v":{"hs":4,"l":true,"sid":1}},{"k":[20,0,0,0,0],"v":{"b":true,"hs":5,"l":true,"r":true,"sid":1}},{"k":[16,0,0,4,0],"v":{"hs":5,"l":true,"r":true,"sid":1,"t":true}},{"k":[19,0,0,1,0],"v":{"b":true,"hs":5,"l":true,"r":true,"sid":1,"t":true}},{"k":[17,0,0,3,0],"v":{"b":true,"hs":5,"l":true,"r":true,"sid":1,"t":true}},{"k":[18,0,0,2,0],"v":{"b":true,"hs":5,"l":true,"r":true,"sid":1,"t":true}},{"k":[30,0,0,0,0],"v":{"hs":5,"l":true,"r":true,"sid":1}},{"k":[29,0,0,1,0],"v":{"hs":4,"l":true,"r":true,"sid":1}},{"k":[19,0,0,0,0],"v":{"b":true,"hs":5,"l":true,"r":true,"sid":1}},{"k":[18,0,0,1,0],"v":{"b":true,"hs":5,"l":true,"r":true,"sid":1,"t":true}},{"k":[16,0,0,3,0],"v":{"b":true,"hs":5,"l":true,"r":true,"sid":1,"t":true}},{"k":[17,0,0,2,0],"v":{"b":true,"hs":5,"l":true,"r":true,"sid":1,"t":true}},{"k":[29,0,0,0,0],"v":{"hs":5,"l":true,"r":true,"sid":1}},{"k":[28,0,0,1,0],"v":{"hs":4,"l":true,"r":true,"sid":1}},{"k":[18,0,0,0,0],"v":{"b":true,"hs":5,"l":true,"r":true,"sid":1}},{"k":[17,0,0,1,0],"v":{"b":true,"hs":5,"l":true,"r":true,"sid":1,"t":true}},{"k":[16,0,0,2,0],"v":{"b":true,"hs":5,"l":true,"r":true,"sid":1,"t":true}},{"k":[28,0,0,0,0],"v":{"hs":5,"l":true,"r":true,"sid":1}},{"k":[27,0,0,1,0],"v":{"hs":4,"r":true,"sid":1}},{"k":[17,0,0,0,0],"v":{"b":true,"hs":5,"l":true,"r":true,"sid":1}},{"k":[16,0,0,1,0],"v":{"b":true,"hs":5,"l":true,"r":true,"sid":1,"t":true}},{"k":[27,0,0,0,0],"v":{"hs":5,"l":true,"r":true,"sid":1}}],"o":[]},"objs":{"list":[{"k":[23,0,0,1,0],"v":{"events":[{"id":1,"name":"Hero action","p":[],"r":{"1":{"bh":true,"c":[{"command":[8,"Alaric",1,1,1,1,"Uma caverna...\nNão sei se tenho tempo de explorá-la, mas o caminho está obstruido.\nPode ser que leve para o outro lado. "],"kind":1},{"command":[8,"Alaric",1,1,1,1,"...\n"],"kind":1},{"command":[8,"Alaric",1,1,1,1,"Eu tenho que tentar."],"kind":1},{"command":[7,0,0,8,2,0,0,19,0,0,0],"kind":20}]}},"sys":false}],"hId":-1,"id":7,"name":"OBJ0001","ooepf":false,"states":[{"cam":true,"climb":false,"dir":false,"gid":-1,"gk":0,"id":1,"move":true,"name":"Estado 1","pix":true,"pos":false,"stop":false,"sx":{"k":12,"v":1},"sy":{"k":12,"v":1},"sz":{"k":12,"v":1},"through":false,"x":0,"y":0}]}},{"k":[25,0,0,1,0],"v":{"events":[{"id":1,"name":"Hero action","p":[],"r":{"1":{"bh":true,"c":[{"command":[8,"Alaric",1,1,1,1,"Uma caverna...\nNão sei se tenho tempo de explorá-la, mas o caminho está obstruido.\nPode ser que leve para o outro lado. "],"kind":1},{"command":[8,"Alaric",1,1,1,1,"...\n"],"kind":1},{"command":[8,"Alaric",1,1,1,1,"Eu tenho que tentar."],"kind":1},{"command":[7,0,0,8,2,0,0,19,0,0,0],"kind":20}]}},"sys":false}],"hId":-1,"id":5,"name":"OBJ0001","ooepf":false,"states":[{"cam":true,"climb":false,"dir":false,"gid":-1,"gk":0,"id":1,"move":true,"name":"Estado 1","pix":true,"pos":false,"stop":false,"sx":{"k":12,"v":1},"sy":{"k":12,"v":1},"sz":{"k":12,"v":1},"through":false,"x":0,"y":0}]}},{"k":[24,0,0,1,0],"v":{"events":[{"id":1,"name":"Hero action","p":[],"r":{"1":{"bh":true,"c":[{"command":[8,"Alaric",1,1,1,1,"Uma caverna...\nNão sei se tenho tempo de explorá-la, mas o caminho está obstruido.\nPode ser que leve para o outro lado. "],"kind":1},{"command":[8,"Alaric",1,1,1,1,"...\n"],"kind":1},{"command":[8,"Alaric",1,1,1,1,"Eu tenho que tentar."],"kind":1},{"command":[7,0,0,8,2,0,0,19,0,0,0],"kind":20}]}},"sys":false}],"hId":-1,"id":1,"name":"OBJ0001","ooepf":false,"states":[{"cam":true,"climb":false,"dir":false,"gid":-1,"gk":0,"id":1,"move":true,"name":"Estado 1","pix":true,"pos":false,"stop":false,"sx":{"k":12,"v":1},"sy":{"k":12,"v":1},"sz":{"k":12,"v":1},"through":false,"x":0,"y":0}]}}]},"objs3d":{"a":[],"o":[]},"sprites":{"list":[{"k":[22,0,0,2,0],"v":{"k":4,"t":[2,1,2,2]}},{"k":[21,0,0,3,0],"v":{"k":4,"t":[2,1,2,2]}},{"k":[17,0,0,7,0],"v":{"k":4,"t":[2,1,2,2]}},{"k":[16,0,0,7,0],"v":{"k":4,"t":[2,1,2,2]}},{"k":[22,0,0,10,0],"v":{"k":4,"t":[2,1,2,2]}},{"k":[21,0,0,11,0],"v":{"k":4,"t":[2,1,2,2]}},{"k":[17,0,0,15,0],"v":{"f":false,"k":4,"t":[2,1,2,2]}},{"k":[26,0,0,5,0],"v":{"k":4,"t":[2,1,2,2]}},{"k":[27,0,0,4,0],"v":{"k":4,"t":[2,1,2,2]}},{"k":[17,0,0,14,0],"v":{"k":4,"t":[2,1,2,2]}},{"k":[20,0,0,11,0],"v":{"k":4,"t":[2,1,2,2]}},{"k":[18,0,0,13,0],"v":{"k":4,"t":[2,1,2,2]}},{"k":[22,0,0,8,0],"v":{"k":4,"t":[2,1,2,2]}},{"k":[21,0,0,9,0],"v":{"k":4,"t":[2,1,2,2]}},{"k":[16,0,0,14,0],"v":{"f":false,"k":4,"t":[2,1,2,2]}},{"k":[18,0,0,12,0],"v":{"k":4,"t":[2,1,2,2]}},{"k":[20,0,0,10,0],"v":{"k":4,"t":[2,1,2,2]}},{"k":[26,0,0,3,0],"v":{"k":4,"t":[2,1,2,2]}},{"k":[27,0,0,2,0],"v":{"k":4,"t":[2,1,2,2]}},{"k":[17,0,0,12,0],"v":{"f":false,"k":4,"t":[2,1,2,2]}},{"k":[16,0,0,13,0],"v":{"f":false,"k":4,"t":[2,1,2,2]}},{"k":[22,0,0,6,0],"v":{"k":4,"t":[2,1,2,2]}},{"k":[21,0,0,7,0],"v":{"k":4,"t":[2,1,2,2]}},{"k":[17,0,0,11,0],"v":{"k":4,"t":[2,1,2,2]}},{"k":[16,0,0,12,0],"v":{"f":false,"k":4,"t":[2,1,2,2]}},{"k":[19,0,0,9,0],"v":{"k":4,"t":[2,1,2,2]}},{"k":[18,0,0,9,0],"v":{"k":4,"t":[2,1,2,2]}},{"k":[16,0,0,11,0],"v":{"k":4,"t":[2,1,2,2]}},{"k":[17,0,0,10,0],"v":{"k":4,"t":[2,1,2,2]}},{"k":[19,0,0,8,0],"v":{"k":4,"t":[2,1,2,2]}},{"k":[22,0,0,4,0],"v":{"k":4,"t":[2,1,2,2]}},{"k":[21,0,0,5,0],"v":{"k":4,"t":[2,1,2,2]}},{"k":[16,0,0,10,0],"v":{"k":4,"t":[2,1,2,2]}},{"k":[18,0,0,8,0],"v":{"k":4,"t":[2,1,2,2]}},{"k":[17,0,0,8,0],"v":{"k":4,"t":[2,1,2,2]}},{"k":[16,0,0,9,0],"v":{"k":4,"t":[2,1,2,2]}},{"k":[18,0,0,7,0],"v":{"k":4,"t":[2,1,2,2]}},{"k":[31,0,0,9,0],"v":{"k":4,"t":[2,1,2,2]}},{"k":[29,0,0,11,0],"v":{"k":4,"t":[2,1,2,2]}},{"k":[26,0,0,13,0],"v":{"k":4,"t":[2,1,2,2]}},{"k":[27,0,0,12,0],"v":{"k":4,"t":[2,1,2,2]}},{"k":[31,0,0,8,0],"v":{"k":4,"t":[2,1,2,2]}},{"k":[28,0,0,11,0],"v":{"k":4,"t":[2,1,2,2]}},{"k":[29,0,0,10,0],"v":{"k":4,"t":[2,1,2,2]}},{"k":[30,0,0,8,0],"v":{"k":4,"t":[2,1,2,2]}},{"k":[31,0,0,7,0],"v":{"k":4,"t":[2,1,2,2]}},{"k":[29,0,0,9,0],"v":{"k":4,"t":[2,1,2,2]}},{"k":[26,0,0,11,0],"v":{"k":4,"t":[2,1,2,2]}},{"k":[27,0,0,10,0],"v":{"k":4,"t":[2,1,2,2]}},{"k":[31,0,0,6,0],"v":{"k":4,"t":[2,1,2,2]}},{"k":[29,0,0,8,0],"v":{"k":4,"t":[2,1,2,2]}},{"k":[22,0,0,14,0],"v":{"f":false,"k":4,"t":[2,1,2,2]}},{"k":[21,0,0,15,0],"v":{"f":false,"k":4,"t":[2,1,2,2]}},{"k":[29,0,0,7,0],"v":{"k":4,"t":[2,1,2,2]}},{"k":[31,0,0,5,0],"v":{"k":4,"t":[2,1,2,2]}},{"k":[30,0,0,6,0],"v":{"k":4,"t":[2,1,2,2]}},{"k":[26,0,0,9,0],"v":{"k":4,"t":[2,1,2,2]}},{"k":[27,0,0,8,0],"v":{"k":4,"t":[2,1,2,2]}},{"k":[20,0,0,15,0],"v":{"f":false,"k":4,"t":[2,1,2,2]}},{"k":[22,0,0,12,0],"v":{"f":false,"k":4,"t":[2,1,2,2]}},{"k":[21,0,0,13,0],"v":{"f":false,"k":4,"t":[2,1,2,2]}},{"k":[19,0,0,15,0],"v":{"f":false,"k":4,"t":[2,1,2,2]}},{"k":[28,0,0,6,0],"v":{"k":4,"t":[2,1,2,2]}},{"k":[29,0,0,5,0],"v":{"k":4,"t":[2,1,2,2]}},{"k":[26,0,0,7,0],"v":{"k":4,"t":[2,1,2,2]}},{"k":[27,0,0,6,0],"v":{"k":4,"t":[2,1,2,2]}},{"k":[18,0,0,15,0],"v":{"f":false,"k":4,"t":[2,1,2,2]}},{"k":[29,0,0,4,0],"v":{"k":4,"t":[2,1,2,2]}},{"k":[30,0,0,3,0],"v":{"k":4,"t":[2,1,2,2]}},{"k":[31,0,0,2,0],"v":{"k":4,"t":[2,1,2,2]}},{"k":[30,0,0,15,0],"v":{"f":false,"k":4,"t":[2,1,2,2]}},{"k":[31,0,0,14,0],"v":{"f":false,"k":4,"t":[2,1,2,2]}},{"k":[30,0,0,14,0],"v":{"f":false,"k":4,"t":[2,1,2,2]}},{"k":[31,0,0,13,0],"v":{"f":false,"k":4,"t":[2,1,2,2]}},{"k":[30,0,0,13,0],"v":{"f":false,"k":4,"t":[2,1,2,2]}},{"k":[31,0,0,12,0],"v":{"f":false,"k":4,"t":[2,1,2,2]}},{"k":[29,0,0,13,0],"v":{"f":false,"k":4,"t":[2,1,2,2]}},{"k":[30,0,0,12,0],"v":{"k":4,"t":[2,1,2,2]}},{"k":[26,0,0,15,0],"v":{"k":4,"t":[2,1,2,2]}},{"k":[27,0,0,14,0],"v":{"k":4,"t":[2,1,2,2]}},{"k":[29,0,0,12,0],"v":{"f":false,"k":4,"t":[2,1,2,2]}},{"k":[30,0,0,11,0],"v":{"k":4,"t":[2,1,2,2]}}],"overflow":[[22,0,0,16,0],[32,0,0,6,0],[32,0,0,5,0],[32,0,0,4,0],[32,0,0,3,0],[16,0,0,16,0],[32,0,0,15,0],[32,0,0,14,0],[27,0,0,16,0],[32,0,0,11,0],[32,0,0,10,0],[32,0,0,9,0],[32,0,0,8,0],[32,0,0,7,0]],"walls":[]}}