{"lands":{"autotiles":[{"k":[36,0,0,20,0],"v":{"id":1,"t":[1,0],"tid":477}},{"k":[37,0,0,19,0],"v":{"id":1,"t":[1,0],"tid":177}},{"k":[35,0,0,21,0],"v":{"id":1,"t":[1,0],"tid":618}},{"k":[35,0,0,20,0],"v":{"id":1,"t":[1,0],"tid":459}},{"k":[34,0,0,20,0],"v":{"id":1,"t":[1,0],"tid":274}},{"k":[33,0,0,20,0],"v":{"id":1,"t":[1,0],"tid":324}},{"k":[34,0,0,19,0],"v":{"id":1,"t":[1,0],"tid":423}},{"k":[32,0,0,21,0],"v":{"id":1,"t":[1,0],"tid":618}},{"k":[33,0,0,19,0],"v":{"id":1,"t":[1,0],"tid":471}},{"k":[32,0,0,20,0],"v":{"id":1,"t":[1,0],"tid":50}},{"k":[32,0,0,19,0],"v":{"id":1,"t":[1,0],"tid":225}},{"k":[44,0,0,20,0],"v":{"id":1,"t":[1,0],"tid":477}},{"k":[45,0,0,19,0],"v":{"id":1,"t":[1,0],"tid":225}},{"k":[43,0,0,21,0],"v":{"id":1,"t":[1,0],"tid":618}},{"k":[43,0,0,20,0],"v":{"id":1,"t":[1,0],"tid":459}},{"k":[42,0,0,20,0],"v":{"id":1,"t":[1,0],"tid":18}},{"k":[41,0,0,20,0],"v":{"id":1,"t":[1,0],"tid":477}},{"k":[40,0,0,21,0],"v":{"id":1,"t":[1,0],"tid":372}},{"k":[42,0,0,19,0],"v":{"id":1,"t":[1,0],"tid":177}},{"k":[40,0,0,20,0],"v":{"id":1,"t":[1,0],"tid":10}},{"k":[39,0,0,21,0],"v":{"id":1,"t":[1,0],"tid":324}},{"k":[39,0,0,20,0],"v":{"id":1,"t":[1,0],"tid":471}},{"k":[38,0,0,21,0],"v":{"id":1,"t":[1,0],"tid":324}},{"k":[40,0,0,19,0],"v":{"id":1,"t":[1,0],"tid":177}},{"k":[38,0,0,20,0],"v":{"id":1,"t":[1,0],"tid":471}},{"k":[37,0,0,21,0],"v":{"id":1,"t":[1,0],"tid":570}},{"k":[37,0,0,20,0],"v":{"id":1,"t":[1,0],"tid":2}},{"k":[47,0,0,20,0],"v":{"id":1,"t":[1,0],"tid":324}},{"k":[46,0,0,20,0],"v":{"id":1,"t":[1,0],"tid":324}},{"k":[47,0,0,19,0],"v":{"id":1,"t":[1,0],"tid":471}},{"k":[45,0,0,20,0],"v":{"id":1,"t":[1,0],"tid":68}},{"k":[46,0,0,19,0],"v":{"id":1,"t":[1,0],"tid":471}}],"floors":[{"k":[32,0,0,16,0],"v":{"t":[0,0]}},{"k":[40,0,0,16,0],"v":{"t":[0,0]}},{"k":[39,0,0,17,0],"v":{"t":[0,0]}},{"k":[38,0,0,18,0],"v":{"t":[0,0]}},{"k":[34,0,0,22,0],"v":{"t":[0,0]}},{"k":[33,0,0,23,0],"v":{"t":[0,0]}},{"k":[32,0,0,24,0],"v":{"t":[0,0]}},{"k":[39,0,0,16,0],"v":{"t":[0,0]}},{"k":[38,0,0,17,0],"v":{"t":[0,0]}},{"k":[37,0,0,18,0],"v":{"t":[0,0]}},{"k":[36,0,0,19,0],"v":{"t":[0,0]}},{"k":[34,0,0,21,0],"v":{"t":[0,0]}},{"k":[33,0,0,22,0],"v":{"t":[0,0]}},{"k":[32,0,0,23,0],"v":{"t":[0,0]}},{"k":[38,0,0,16,0],"v":{"t":[0,0]}},{"k":[37,0,0,17,0],"v":{"t":[0,0]}},{"k":[36,0,0,18,0],"v":{"t":[0,0]}},{"k":[35,0,0,19,0],"v":{"t":[0,0]}},{"k":[33,0,0,21,0],"v":{"t":[0,0]}},{"k":[32,0,0,22,0],"v":{"t":[0,0]}},{"k":[37,0,0,16,0],"v":{"t":[0,0]}},{"k":[36,0,0,17,0],"v":{"t":[0,0]}},{"k":[35,0,0,18,0],"v":{"t":[0,0]}},{"k":[36,0,0,16,0],"v":{"t":[0,0]}},{"k":[35,0,0,17,0],"v":{"t":[0,0]}},{"k":[34,0,0,18,0],"v":{"t":[0,0]}},{"k":[35,0,0,16,0],"v":{"t":[0,0]}},{"k":[34,0,0,17,0],"v":{"t":[0,0]}},{"k":[33,0,0,18,0],"v":{"t":[0,0]}},{"k":[34,0,0,16,0],"v":{"t":[0,0]}},{"k":[33,0,0,17,0],"v":{"t":[0,0]}},{"k":[32,0,0,18,0],"v":{"t":[0,0]}},{"k":[33,0,0,16,0],"v":{"t":[0,0]}},{"k":[32,0,0,17,0],"v":{"t":[0,0]}},{"k":[47,0,0,17,0],"v":{"t":[0,0]}},{"k":[46,0,0,18,0],"v":{"t":[0,0]}},{"k":[42,0,0,22,0],"v":{"t":[0,0]}},{"k":[41,0,0,23,0],"v":{"t":[0,0]}},{"k":[40,0,0,24,0],"v":{"t":[0,0]}},{"k":[47,0,0,16,0],"v":{"t":[0,0]}},{"k":[46,0,0,17,0],"v":{"t":[0,0]}},{"k":[45,0,0,18,0],"v":{"t":[0,0]}},{"k":[44,0,0,19,0],"v":{"t":[0,0]}},{"k":[42,0,0,21,0],"v":{"t":[0,0]}},{"k":[41,0,0,22,0],"v":{"t":[0,0]}},{"k":[40,0,0,23,0],"v":{"t":[0,0]}},{"k":[39,0,0,24,0],"v":{"t":[0,0]}},{"k":[46,0,0,16,0],"v":{"t":[0,0]}},{"k":[45,0,0,17,0],"v":{"t":[0,0]}},{"k":[44,0,0,18,0],"v":{"t":[0,0]}},{"k":[43,0,0,19,0],"v":{"t":[0,0]}},{"k":[41,0,0,21,0],"v":{"t":[0,0]}},{"k":[40,0,0,22,0],"v":{"t":[0,0]}},{"k":[39,0,0,23,0],"v":{"t":[0,0]}},{"k":[38,0,0,24,0],"v":{"t":[0,0]}},{"k":[45,0,0,16,0],"v":{"t":[0,0]}},{"k":[44,0,0,17,0],"v":{"t":[0,0]}},{"k":[43,0,0,18,0],"v":{"t":[0,0]}},{"k":[39,0,0,22,0],"v":{"t":[0,0]}},{"k":[38,0,0,23,0],"v":{"t":[0,0]}},{"k":[37,0,0,24,0],"v":{"t":[0,0]}},{"k":[44,0,0,16,0],"v":{"t":[0,0]}},{"k":[43,0,0,17,0],"v":{"t":[0,0]}},{"k":[42,0,0,18,0],"v":{"t":[0,0]}},{"k":[41,0,0,19,0],"v":{"t":[0,0]}},{"k":[38,0,0,22,0],"v":{"t":[0,0]}},{"k":[37,0,0,23,0],"v":{"t":[0,0]}},{"k":[36,0,0,24,0],"v":{"t":[0,0]}},{"k":[43,0,0,16,0],"v":{"t":[0,0]}},{"k":[42,0,0,17,0],"v":{"t":[0,0]}},{"k":[41,0,0,18,0],"v":{"t":[0,0]}},{"k":[37,0,0,22,0],"v":{"t":[0,0]}},{"k":[36,0,0,23,0],"v":{"t":[0,0]}},{"k":[35,0,0,24,0],"v":{"t":[0,0]}},{"k":[42,0,0,16,0],"v":{"t":[0,0]}},{"k":[41,0,0,17,0],"v":{"t":[0,0]}},{"k":[40,0,0,18,0],"v":{"t":[0,0]}},{"k":[39,0,0,19,0],"v":{"t":[0,0]}},{"k":[36,0,0,22,0],"v":{"t":[0,0]}},{"k":[35,0,0,23,0],"v":{"t":[0,0]}},{"k":[34,0,0,24,0],"v":{"t":[0,0]}},{"k":[41,0,0,16,0],"v":{"t":[0,0]}},{"k":[40,0,0,17,0],"v":{"t":[0,0]}},{"k":[39,0,0,18,0],"v":{"t":[0,0]}},{"k":[38,0,0,19,0],"v":{"t":[0,0]}},{"k":[36,0,0,21,0],"v":{"t":[0,0]}},{"k":[35,0,0,22,0],"v":{"t":[0,0]}},{"k":[34,0,0,23,0],"v":{"t":[0,0]}},{"k":[33,0,0,24,0],"v":{"t":[0,0]}},{"k":[47,0,0,24,0],"v":{"t":[0,0]}},{"k":[47,0,0,23,0],"v":{"t":[0,0]}},{"k":[46,0,0,24,0],"v":{"t":[0,0]}},{"k":[47,0,0,22,0],"v":{"t":[0,0]}},{"k":[46,0,0,23,0],"v":{"t":[0,0]}},{"k":[45,0,0,24,0],"v":{"t":[0,0]}},{"k":[47,0,0,21,0],"v":{"t":[0,0]}},{"k":[46,0,0,22,0],"v":{"t":[0,0]}},{"k":[45,0,0,23,0],"v":{"t":[0,0]}},{"k":[44,0,0,24,0],"v":{"t":[0,0]}},{"k":[46,0,0,21,0],"v":{"t":[0,0]}},{"k":[45,0,0,22,0],"v":{"t":[0,0]}},{"k":[44,0,0,23,0],"v":{"t":[0,0]}},{"k":[43,0,0,24,0],"v":{"t":[0,0]}},{"k":[45,0,0,21,0],"v":{"t":[0,0]}},{"k":[44,0,0,22,0],"v":{"t":[0,0]}},{"k":[43,0,0,23,0],"v":{"t":[0,0]}},{"k":[42,0,0,24,0],"v":{"t":[0,0]}},{"k":[47,0,0,18,0],"v":{"t":[0,0]}},{"k":[44,0,0,21,0],"v":{"t":[0,0]}},{"k":[43,0,0,22,0],"v":{"t":[0,0]}},{"k":[42,0,0,23,0],"v":{"t":[0,0]}},{"k":[41,0,0,24,0],"v":{"t":[0,0]}}]},"moun":{"a":[],"o":[]},"objs":{"list":[]},"objs3d":{"a":[],"o":[]},"sprites":{"list":[{"k":[32,0,0,24,0],"v":{"k":4,"t":[2,1,2,2]}},{"k":[33,0,0,23,0],"v":{"k":4,"t":[2,1,2,2]}},{"k":[40,0,0,16,0],"v":{"f":false,"k":4,"t":[2,1,2,2]}},{"k":[35,0,0,21,0],"v":{"k":4,"t":[6,7,1,1]}},{"k":[37,0,0,18,0],"v":{"k":4,"t":[2,1,2,2]}},{"k":[39,0,0,16,0],"v":{"f":false,"k":4,"t":[2,1,2,2]}},{"k":[38,0,0,17,0],"v":{"f":false,"k":4,"t":[2,1,2,2]}},{"k":[33,0,0,22,0],"v":{"f":false,"k":4,"t":[7,8,1,1]}},{"k":[38,0,0,16,0],"v":{"f":false,"k":4,"t":[2,1,2,2]}},{"k":[37,0,0,17,0],"v":{"f":false,"k":4,"t":[2,1,2,2]}},{"k":[33,0,0,21,0],"v":{"k":4,"t":[6,7,1,1]}},{"k":[35,0,0,19,0],"v":{"k":4,"t":[7,8,1,1]}},{"k":[35,0,0,18,0],"v":{"k":4,"t":[2,1,2,2]}},{"k":[37,0,0,16,0],"v":{"f":false,"k":4,"t":[2,1,2,2]}},{"k":[36,0,0,17,0],"v":{"f":false,"k":4,"t":[2,1,2,2]}},{"k":[35,0,0,17,0],"v":{"f":false,"k":4,"t":[2,1,2,2]}},{"k":[33,0,0,18,0],"v":{"k":4,"t":[2,1,2,2]}},{"k":[34,0,0,17,0],"v":{"k":4,"t":[2,1,2,2]}},{"k":[35,0,0,16,0],"v":{"f":false,"k":4,"t":[2,1,2,2]}},{"k":[32,0,0,17,0],"v":{"k":4,"t":[2,1,2,2]}},{"k":[40,0,0,24,0],"v":{"k":4,"t":[2,1,2,2]}},{"k":[41,0,0,23,0],"v":{"k":4,"t":[2,1,2,2]}},{"k":[42,0,0,22,0],"v":{"f":false,"k":4,"t":[7,8,1,1]}},{"k":[45,0,0,18,0],"v":{"k":4,"t":[2,1,2,2]}},{"k":[46,0,0,17,0],"v":{"k":4,"t":[2,1,2,2]}},{"k":[47,0,0,16,0],"v":{"f":false,"k":4,"t":[2,1,2,2]}},{"k":[44,0,0,19,0],"v":{"k":4,"t":[7,8,1,1]}},{"k":[38,0,0,24,0],"v":{"k":4,"t":[2,1,2,2]}},{"k":[39,0,0,23,0],"v":{"k":4,"t":[2,1,2,2]}},{"k":[45,0,0,17,0],"v":{"f":false,"k":4,"t":[2,1,2,2]}},{"k":[41,0,0,21,0],"v":{"k":4,"t":[6,7,1,1]}},{"k":[43,0,0,18,0],"v":{"k":4,"t":[2,1,2,2]}},{"k":[44,0,0,17,0],"v":{"f":false,"k":4,"t":[2,1,2,2]}},{"k":[36,0,0,24,0],"v":{"k":4,"t":[2,1,2,2]}},{"k":[37,0,0,23,0],"v":{"k":4,"t":[2,1,2,2]}},{"k":[43,0,0,17,0],"v":{"f":false,"k":4,"t":[2,1,2,2]}},{"k":[41,0,0,18,0],"v":{"k":4,"t":[2,1,2,2]}},{"k":[43,0,0,16,0],"v":{"f":false,"k":4,"t":[2,1,2,2]}},{"k":[42,0,0,17,0],"v":{"f":false,"k":4,"t":[2,1,2,2]}},{"k":[37,0,0,22,0],"v":{"f":false,"k":4,"t":[7,8,1,1]}},{"k":[34,0,0,24,0],"v":{"k":4,"t":[2,1,2,2]}},{"k":[35,0,0,23,0],"v":{"k":4,"t":[2,1,2,2]}},{"k":[42,0,0,16,0],"v":{"f":false,"k":4,"t":[2,1,2,2]}},{"k":[41,0,0,17,0],"v":{"f":false,"k":4,"t":[2,1,2,2]}},{"k":[39,0,0,19,0],"v":{"k":4,"t":[7,8,1,1]}},{"k":[39,0,0,18,0],"v":{"k":4,"t":[2,1,2,2]}},{"k":[40,0,0,17,0],"v":{"k":4,"t":[2,1,2,2]}},{"k":[41,0,0,16,0],"v":{"f":false,"k":4,"t":[2,1,2,2]}},{"k":[46,0,0,24,0],"v":{"k":4,"t":[2,1,2,2]}},{"k":[47,0,0,23,0],"v":{"k":4,"t":[2,1,2,2]}},{"k":[44,0,0,24,0],"v":{"k":4,"t":[2,1,2,2]}},{"k":[45,0,0,23,0],"v":{"k":4,"t":[2,1,2,2]}},{"k":[46,0,0,22,0],"v":{"f":false,"k":4,"t":[6,7,1,1]}},{"k":[47,0,0,21,0],"v":{"k":4,"t":[6,7,1,1]}},{"k":[45,0,0,22,0],"v":{"f":false,"k":4,"t":[6,7,1,1]}},{"k":[42,0,0,24,0],"v":{"k":4,"t":[2,1,2,2]}},{"k":[43,0,0,23,0],"v":{"k":4,"t":[2,1,2,2]}},{"k":[47,0,0,18,0],"v":{"k":4,"t":[2,1,2,2]}}],"overflow":[],"walls":[]}}