{"lands":{"autotiles":[],"floors":[{"k":[32,0,0,0,0],"v":{"t":[0,0]}},{"k":[35,5,0,0,0],"v":{"t":[0,0]}},{"k":[34,5,0,1,0],"v":{"t":[0,0]}},{"k":[32,0,0,8,0],"v":{"t":[0,0]}},{"k":[33,0,0,7,0],"v":{"t":[0,0]}},{"k":[34,0,0,6,0],"v":{"t":[0,0]}},{"k":[35,0,0,5,0],"v":{"t":[0,0]}},{"k":[36,0,0,4,0],"v":{"t":[0,0]}},{"k":[37,0,0,3,0],"v":{"t":[0,0]}},{"k":[38,0,0,2,0],"v":{"t":[0,0]}},{"k":[39,0,0,1,0],"v":{"t":[0,0]}},{"k":[40,0,0,0,0],"v":{"t":[0,0]}},{"k":[34,5,0,0,0],"v":{"t":[0,0]}},{"k":[33,5,0,1,0],"v":{"t":[0,0]}},{"k":[32,0,0,7,0],"v":{"t":[0,0]}},{"k":[33,0,0,6,0],"v":{"t":[0,0]}},{"k":[34,0,0,5,0],"v":{"t":[0,0]}},{"k":[35,0,0,4,0],"v":{"t":[0,0]}},{"k":[36,0,0,3,0],"v":{"t":[0,0]}},{"k":[37,0,0,2,0],"v":{"t":[0,0]}},{"k":[38,0,0,1,0],"v":{"t":[0,0]}},{"k":[39,0,0,0,0],"v":{"t":[0,0]}},{"k":[33,5,0,0,0],"v":{"t":[0,0]}},{"k":[32,5,0,1,0],"v":{"t":[0,0]}},{"k":[32,0,0,6,0],"v":{"t":[0,0]}},{"k":[33,0,0,5,0],"v":{"t":[0,0]}},{"k":[34,0,0,4,0],"v":{"t":[0,0]}},{"k":[35,0,0,3,0],"v":{"t":[0,0]}},{"k":[36,0,0,2,0],"v":{"t":[0,0]}},{"k":[37,0,0,1,0],"v":{"t":[0,0]}},{"k":[38,0,0,0,0],"v":{"t":[0,0]}},{"k":[32,5,0,0,0],"v":{"t":[0,0]}},{"k":[32,0,0,5,0],"v":{"t":[0,0]}},{"k":[33,0,0,4,0],"v":{"t":[0,0]}},{"k":[34,0,0,3,0],"v":{"t":[0,0]}},{"k":[35,0,0,2,0],"v":{"t":[0,0]}},{"k":[36,0,0,1,0],"v":{"t":[0,0]}},{"k":[37,0,0,0,0],"v":{"t":[0,0]}},{"k":[32,0,0,4,0],"v":{"t":[0,0]}},{"k":[33,0,0,3,0],"v":{"t":[0,0]}},{"k":[34,0,0,2,0],"v":{"t":[0,0]}},{"k":[35,0,0,1,0],"v":{"t":[0,0]}},{"k":[36,0,0,0,0],"v":{"t":[0,0]}},{"k":[32,0,0,3,0],"v":{"t":[0,0]}},{"k":[33,0,0,2,0],"v":{"t":[0,0]}},{"k":[34,0,0,1,0],"v":{"t":[0,0]}},{"k":[35,0,0,0,0],"v":{"t":[0,0]}},{"k":[32,0,0,2,0],"v":{"t":[0,0]}},{"k":[33,0,0,1,0],"v":{"t":[0,0]}},{"k":[34,0,0,0,0],"v":{"t":[0,0]}},{"k":[32,0,0,1,0],"v":{"t":[0,0]}},{"k":[33,0,0,0,0],"v":{"t":[0,0]}},{"k":[43,5,0,0,0],"v":{"t":[0,0]}},{"k":[36,0,0,12,0],"v":{"t":[0,0]}},{"k":[37,0,0,11,0],"v":{"t":[0,0]}},{"k":[38,0,0,10,0],"v":{"t":[0,0]}},{"k":[39,0,0,9,0],"v":{"t":[0,0]}},{"k":[40,0,0,8,0],"v":{"t":[0,0]}},{"k":[35,0,0,13,0],"v":{"t":[0,0]}},{"k":[41,0,0,7,0],"v":{"t":[0,0]}},{"k":[34,0,0,14,0],"v":{"t":[0,0]}},{"k":[42,0,0,6,0],"v":{"t":[0,0]}},{"k":[33,0,0,15,0],"v":{"t":[0,0]}},{"k":[43,0,0,5,0],"v":{"t":[0,0]}},{"k":[44,0,0,4,0],"v":{"t":[0,0]}},{"k":[45,0,0,3,0],"v":{"t":[0,0]}},{"k":[46,0,0,2,0],"v":{"t":[0,0]}},{"k":[47,0,0,1,0],"v":{"t":[0,0]}},{"k":[42,5,0,0,0],"v":{"t":[0,0]}},{"k":[35,0,0,12,0],"v":{"t":[0,0]}},{"k":[36,0,0,11,0],"v":{"t":[0,0]}},{"k":[37,0,0,10,0],"v":{"t":[0,0]}},{"k":[38,0,0,9,0],"v":{"t":[0,0]}},{"k":[39,0,0,8,0],"v":{"t":[0,0]}},{"k":[40,0,0,7,0],"v":{"t":[0,0]}},{"k":[34,0,0,13,0],"v":{"t":[0,0]}},{"k":[41,0,0,6,0],"v":{"t":[0,0]}},{"k":[33,0,0,14,0],"v":{"t":[0,0]}},{"k":[42,0,0,5,0],"v":{"t":[0,0]}},{"k":[32,0,0,15,0],"v":{"t":[0,0]}},{"k":[43,0,0,4,0],"v":{"t":[0,0]}},{"k":[44,0,0,3,0],"v":{"t":[0,0]}},{"k":[45,0,0,2,0],"v":{"t":[0,0]}},{"k":[46,0,0,1,0],"v":{"t":[0,0]}},{"k":[47,0,0,0,0],"v":{"t":[0,0]}},{"k":[41,5,0,0,0],"v":{"t":[0,0]}},{"k":[34,0,0,12,0],"v":{"t":[0,0]}},{"k":[35,0,0,11,0],"v":{"t":[0,0]}},{"k":[36,0,0,10,0],"v":{"t":[0,0]}},{"k":[37,0,0,9,0],"v":{"t":[0,0]}},{"k":[38,0,0,8,0],"v":{"t":[0,0]}},{"k":[39,0,0,7,0],"v":{"t":[0,0]}},{"k":[40,0,0,6,0],"v":{"t":[0,0]}},{"k":[33,0,0,13,0],"v":{"t":[0,0]}},{"k":[41,0,0,5,0],"v":{"t":[0,0]}},{"k":[32,0,0,14,0],"v":{"t":[0,0]}},{"k":[42,0,0,4,0],"v":{"t":[0,0]}},{"k":[43,0,0,3,0],"v":{"t":[0,0]}},{"k":[44,0,0,2,0],"v":{"t":[0,0]}},{"k":[45,0,0,1,0],"v":{"t":[0,0]}},{"k":[46,0,0,0,0],"v":{"t":[0,0]}},{"k":[40,5,0,0,0],"v":{"t":[0,0]}},{"k":[33,0,0,12,0],"v":{"t":[0,0]}},{"k":[34,0,0,11,0],"v":{"t":[0,0]}},{"k":[35,0,0,10,0],"v":{"t":[0,0]}},{"k":[36,0,0,9,0],"v":{"t":[0,0]}},{"k":[37,0,0,8,0],"v":{"t":[0,0]}},{"k":[38,0,0,7,0],"v":{"t":[0,0]}},{"k":[39,0,0,6,0],"v":{"t":[0,0]}},{"k":[40,0,0,5,0],"v":{"t":[0,0]}},{"k":[32,0,0,13,0],"v":{"t":[0,0]}},{"k":[41,0,0,4,0],"v":{"t":[0,0]}},{"k":[42,0,0,3,0],"v":{"t":[0,0]}},{"k":[43,0,0,2,0],"v":{"t":[0,0]}},{"k":[44,0,0,1,0],"v":{"t":[0,0]}},{"k":[45,0,0,0,0],"v":{"t":[0,0]}},{"k":[39,5,0,0,0],"v":{"t":[0,0]}},{"k":[32,0,0,12,0],"v":{"t":[0,0]}},{"k":[33,0,0,11,0],"v":{"t":[0,0]}},{"k":[34,0,0,10,0],"v":{"t":[0,0]}},{"k":[35,0,0,9,0],"v":{"t":[0,0]}},{"k":[36,0,0,8,0],"v":{"t":[0,0]}},{"k":[37,0,0,7,0],"v":{"t":[0,0]}},{"k":[38,0,0,6,0],"v":{"t":[0,0]}},{"k":[39,0,0,5,0],"v":{"t":[0,0]}},{"k":[40,0,0,4,0],"v":{"t":[0,0]}},{"k":[41,0,0,3,0],"v":{"t":[0,0]}},{"k":[42,0,0,2,0],"v":{"t":[0,0]}},{"k":[43,0,0,1,0],"v":{"t":[0,0]}},{"k":[44,0,0,0,0],"v":{"t":[0,0]}},{"k":[38,5,0,0,0],"v":{"t":[0,0]}},{"k":[32,0,0,11,0],"v":{"t":[0,0]}},{"k":[33,0,0,10,0],"v":{"t":[0,0]}},{"k":[34,0,0,9,0],"v":{"t":[0,0]}},{"k":[35,0,0,8,0],"v":{"t":[0,0]}},{"k":[36,0,0,7,0],"v":{"t":[0,0]}},{"k":[37,0,0,6,0],"v":{"t":[0,0]}},{"k":[38,0,0,5,0],"v":{"t":[0,0]}},{"k":[39,0,0,4,0],"v":{"t":[0,0]}},{"k":[40,0,0,3,0],"v":{"t":[0,0]}},{"k":[41,0,0,2,0],"v":{"t":[0,0]}},{"k":[42,0,0,1,0],"v":{"t":[0,0]}},{"k":[43,0,0,0,0],"v":{"t":[0,0]}},{"k":[37,5,0,0,0],"v":{"t":[0,0]}},{"k":[32,0,0,10,0],"v":{"t":[0,0]}},{"k":[33,0,0,9,0],"v":{"t":[0,0]}},{"k":[34,0,0,8,0],"v":{"t":[0,0]}},{"k":[35,0,0,7,0],"v":{"t":[0,0]}},{"k":[36,0,0,6,0],"v":{"t":[0,0]}},{"k":[37,0,0,5,0],"v":{"t":[0,0]}},{"k":[38,0,0,4,0],"v":{"t":[0,0]}},{"k":[39,0,0,3,0],"v":{"t":[0,0]}},{"k":[40,0,0,2,0],"v":{"t":[0,0]}},{"k":[41,0,0,1,0],"v":{"t":[0,0]}},{"k":[42,0,0,0,0],"v":{"t":[0,0]}},{"k":[36,5,0,0,0],"v":{"t":[0,0]}},{"k":[32,0,0,9,0],"v":{"t":[0,0]}},{"k":[33,0,0,8,0],"v":{"t":[0,0]}},{"k":[34,0,0,7,0],"v":{"t":[0,0]}},{"k":[35,0,0,6,0],"v":{"t":[0,0]}},{"k":[36,0,0,5,0],"v":{"t":[0,0]}},{"k":[37,0,0,4,0],"v":{"t":[0,0]}},{"k":[38,0,0,3,0],"v":{"t":[0,0]}},{"k":[39,0,0,2,0],"v":{"t":[0,0]}},{"k":[40,0,0,1,0],"v":{"t":[0,0]}},{"k":[41,0,0,0,0],"v":{"t":[0,0]}},{"k":[44,0,0,12,0],"v":{"t":[0,0]}},{"k":[43,0,0,13,0],"v":{"t":[0,0]}},{"k":[42,0,0,14,0],"v":{"t":[0,0]}},{"k":[41,0,0,15,0],"v":{"t":[0,0]}},{"k":[45,0,0,11,0],"v":{"t":[0,0]}},{"k":[46,0,0,10,0],"v":{"t":[0,0]}},{"k":[47,0,0,9,0],"v":{"t":[0,0]}},{"k":[43,0,0,12,0],"v":{"t":[0,0]}},{"k":[42,0,0,13,0],"v":{"t":[0,0]}},{"k":[41,0,0,14,0],"v":{"t":[0,0]}},{"k":[40,0,0,15,0],"v":{"t":[0,0]}},{"k":[44,0,0,11,0],"v":{"t":[0,0]}},{"k":[45,0,0,10,0],"v":{"t":[0,0]}},{"k":[46,0,0,9,0],"v":{"t":[0,0]}},{"k":[47,0,0,8,0],"v":{"t":[0,0]}},{"k":[42,0,0,12,0],"v":{"t":[0,0]}},{"k":[41,0,0,13,0],"v":{"t":[0,0]}},{"k":[40,0,0,14,0],"v":{"t":[0,0]}},{"k":[39,0,0,15,0],"v":{"t":[0,0]}},{"k":[43,0,0,11,0],"v":{"t":[0,0]}},{"k":[44,0,0,10,0],"v":{"t":[0,0]}},{"k":[45,0,0,9,0],"v":{"t":[0,0]}},{"k":[46,0,0,8,0],"v":{"t":[0,0]}},{"k":[47,0,0,7,0],"v":{"t":[0,0]}},{"k":[47,5,0,1,0],"v":{"t":[0,0]}},{"k":[41,0,0,12,0],"v":{"t":[0,0]}},{"k":[40,0,0,13,0],"v":{"t":[0,0]}},{"k":[39,0,0,14,0],"v":{"t":[0,0]}},{"k":[42,0,0,11,0],"v":{"t":[0,0]}},{"k":[38,0,0,15,0],"v":{"t":[0,0]}},{"k":[43,0,0,10,0],"v":{"t":[0,0]}},{"k":[44,0,0,9,0],"v":{"t":[0,0]}},{"k":[45,0,0,8,0],"v":{"t":[0,0]}},{"k":[46,0,0,7,0],"v":{"t":[0,0]}},{"k":[47,0,0,6,0],"v":{"t":[0,0]}},{"k":[46,5,0,1,0],"v":{"t":[0,0]}},{"k":[47,5,0,0,0],"v":{"t":[0,0]}},{"k":[40,0,0,12,0],"v":{"t":[0,0]}},{"k":[39,0,0,13,0],"v":{"t":[0,0]}},{"k":[41,0,0,11,0],"v":{"t":[0,0]}},{"k":[38,0,0,14,0],"v":{"t":[0,0]}},{"k":[42,0,0,10,0],"v":{"t":[0,0]}},{"k":[37,0,0,15,0],"v":{"t":[0,0]}},{"k":[43,0,0,9,0],"v":{"t":[0,0]}},{"k":[44,0,0,8,0],"v":{"t":[0,0]}},{"k":[45,0,0,7,0],"v":{"t":[0,0]}},{"k":[46,0,0,6,0],"v":{"t":[0,0]}},{"k":[47,0,0,5,0],"v":{"t":[0,0]}},{"k":[45,5,0,1,0],"v":{"t":[0,0]}},{"k":[46,5,0,0,0],"v":{"t":[0,0]}},{"k":[39,0,0,12,0],"v":{"t":[0,0]}},{"k":[40,0,0,11,0],"v":{"t":[0,0]}},{"k":[38,0,0,13,0],"v":{"t":[0,0]}},{"k":[41,0,0,10,0],"v":{"t":[0,0]}},{"k":[37,0,0,14,0],"v":{"t":[0,0]}},{"k":[42,0,0,9,0],"v":{"t":[0,0]}},{"k":[36,0,0,15,0],"v":{"t":[0,0]}},{"k":[43,0,0,8,0],"v":{"t":[0,0]}},{"k":[44,0,0,7,0],"v":{"t":[0,0]}},{"k":[45,0,0,6,0],"v":{"t":[0,0]}},{"k":[46,0,0,5,0],"v":{"t":[0,0]}},{"k":[47,0,0,4,0],"v":{"t":[0,0]}},{"k":[45,5,0,0,0],"v":{"t":[0,0]}},{"k":[38,0,0,12,0],"v":{"t":[0,0]}},{"k":[39,0,0,11,0],"v":{"t":[0,0]}},{"k":[40,0,0,10,0],"v":{"t":[0,0]}},{"k":[37,0,0,13,0],"v":{"t":[0,0]}},{"k":[41,0,0,9,0],"v":{"t":[0,0]}},{"k":[36,0,0,14,0],"v":{"t":[0,0]}},{"k":[42,0,0,8,0],"v":{"t":[0,0]}},{"k":[35,0,0,15,0],"v":{"t":[0,0]}},{"k":[43,0,0,7,0],"v":{"t":[0,0]}},{"k":[44,0,0,6,0],"v":{"t":[0,0]}},{"k":[45,0,0,5,0],"v":{"t":[0,0]}},{"k":[46,0,0,4,0],"v":{"t":[0,0]}},{"k":[47,0,0,3,0],"v":{"t":[0,0]}},{"k":[44,5,0,0,0],"v":{"t":[0,0]}},{"k":[37,0,0,12,0],"v":{"t":[0,0]}},{"k":[38,0,0,11,0],"v":{"t":[0,0]}},{"k":[39,0,0,10,0],"v":{"t":[0,0]}},{"k":[40,0,0,9,0],"v":{"t":[0,0]}},{"k":[36,0,0,13,0],"v":{"t":[0,0]}},{"k":[41,0,0,8,0],"v":{"t":[0,0]}},{"k":[35,0,0,14,0],"v":{"t":[0,0]}},{"k":[42,0,0,7,0],"v":{"t":[0,0]}},{"k":[34,0,0,15,0],"v":{"t":[0,0]}},{"k":[43,0,0,6,0],"v":{"t":[0,0]}},{"k":[44,0,0,5,0],"v":{"t":[0,0]}},{"k":[45,0,0,4,0],"v":{"t":[0,0]}},{"k":[46,0,0,3,0],"v":{"t":[0,0]}},{"k":[47,0,0,2,0],"v":{"t":[0,0]}},{"k":[47,0,0,15,0],"v":{"t":[0,0]}},{"k":[47,0,0,14,0],"v":{"t":[0,0]}},{"k":[46,0,0,15,0],"v":{"t":[0,0]}},{"k":[47,0,0,13,0],"v":{"t":[0,0]}},{"k":[46,0,0,14,0],"v":{"t":[0,0]}},{"k":[45,0,0,15,0],"v":{"t":[0,0]}},{"k":[47,0,0,12,0],"v":{"t":[0,0]}},{"k":[46,0,0,13,0],"v":{"t":[0,0]}},{"k":[45,0,0,14,0],"v":{"t":[0,0]}},{"k":[44,0,0,15,0],"v":{"t":[0,0]}},{"k":[46,0,0,12,0],"v":{"t":[0,0]}},{"k":[45,0,0,13,0],"v":{"t":[0,0]}},{"k":[44,0,0,14,0],"v":{"t":[0,0]}},{"k":[43,0,0,15,0],"v":{"t":[0,0]}},{"k":[47,0,0,11,0],"v":{"t":[0,0]}},{"k":[45,0,0,12,0],"v":{"t":[0,0]}},{"k":[44,0,0,13,0],"v":{"t":[0,0]}},{"k":[43,0,0,14,0],"v":{"t":[0,0]}},{"k":[42,0,0,15,0],"v":{"t":[0,0]}},{"k":[46,0,0,11,0],"v":{"t":[0,0]}},{"k":[47,0,0,10,0],"v":{"t":[0,0]}}]},"moun":{"a":[{"k":[36,0,0,0,0],"v":{"hs":5,"l":true,"r":true,"sid":1}},{"k":[35,0,0,0,0],"v":{"hs":5,"l":true,"r":true,"sid":1}},{"k":[34,0,0,1,0],"v":{"hs":5,"l":true,"sid":1,"t":true}},{"k":[34,0,0,0,0],"v":{"b":true,"hs":5,"l":true,"r":true,"sid":1}},{"k":[33,0,0,1,0],"v":{"hs":5,"l":true,"r":true,"sid":1,"t":true}},{"k":[33,0,0,0,0],"v":{"b":true,"hs":5,"l":true,"r":true,"sid":1}},{"k":[32,0,0,1,0],"v":{"hs":5,"l":true,"r":true,"sid":1,"t":true}},{"k":[47,0,0,1,0],"v":{"hs":5,"l":true,"r":true,"sid":1,"t":true}},{"k":[46,0,0,1,0],"v":{"hs":5,"l":true,"r":true,"sid":1,"t":true}},{"k":[47,0,0,0,0],"v":{"b":true,"hs":5,"l":true,"r":true,"sid":1}},{"k":[45,0,0,1,0],"v":{"hs":5,"r":true,"sid":1,"t":true}},{"k":[46,0,0,0,0],"v":{"b":true,"hs":5,"l":true,"r":true,"sid":1}},{"k":[45,0,0,0,0],"v":{"b":true,"hs":5,"l":true,"r":true,"sid":1}},{"k":[44,0,0,0,0],"v":{"hs":5,"l":true,"r":true,"sid":1}},{"k":[43,0,0,0,0],"v":{"hs":5,"l":true,"r":true,"sid":1}},{"k":[42,0,0,0,0],"v":{"hs":5,"l":true,"r":true,"sid":1}},{"k":[41,0,0,0,0],"v":{"hs":5,"l":true,"r":true,"sid":1}},{"k":[32,0,0,0,0],"v":{"b":true,"hs":5,"l":true,"r":true,"sid":1}},{"k":[40,0,0,0,0],"v":{"hs":5,"l":true,"r":true,"sid":1}},{"k":[39,0,0,0,0],"v":{"hs":5,"l":true,"r":true,"sid":1}},{"k":[38,0,0,0,0],"v":{"hs":5,"l":true,"r":true,"sid":1}},{"k":[37,0,0,0,0],"v":{"hs":5,"l":true,"r":true,"sid":1}}],"o":[]},"objs":{"list":[]},"objs3d":{"a":[],"o":[]},"sprites":{"list":[{"k":[38,0,0,10,0],"v":{"k":4,"t":[2,1,2,2]}},{"k":[39,0,0,9,0],"v":{"k":4,"t":[2,1,2,2]}},{"k":[42,0,0,6,0],"v":{"k":4,"t":[2,1,2,2]}},{"k":[33,0,0,15,0],"v":{"f":false,"k":4,"t":[2,1,2,2]}},{"k":[34,0,0,14,0],"v":{"f":false,"k":4,"t":[2,1,2,2]}},{"k":[43,0,0,5,0],"v":{"k":4,"t":[2,1,2,2]}},{"k":[45,0,0,3,0],"v":{"k":4,"t":[2,1,2,2]}},{"k":[39,0,0,8,0],"v":{"k":4,"t":[2,1,2,2]}},{"k":[41,0,0,6,0],"v":{"k":4,"t":[2,1,2,2]}},{"k":[32,0,0,15,0],"v":{"f":false,"k":4,"t":[2,1,2,2]}},{"k":[35,0,0,12,0],"v":{"f":false,"k":4,"t":[2,1,2,2]}},{"k":[34,0,0,13,0],"v":{"f":false,"k":4,"t":[2,1,2,2]}},{"k":[42,0,0,5,0],"v":{"k":4,"t":[2,1,2,2]}},{"k":[37,0,0,10,0],"v":{"k":4,"t":[2,1,2,2]}},{"k":[38,0,0,8,0],"v":{"k":4,"t":[2,1,2,2]}},{"k":[37,0,0,9,0],"v":{"k":4,"t":[2,1,2,2]}},{"k":[36,0,0,10,0],"v":{"k":4,"t":[2,1,2,2]}},{"k":[39,0,0,7,0],"v":{"k":4,"t":[2,1,2,2]}},{"k":[32,0,0,14,0],"v":{"f":false,"k":4,"t":[2,1,2,2]}},{"k":[42,0,0,4,0],"v":{"k":4,"t":[2,1,2,2]}},{"k":[41,0,0,5,0],"v":{"k":4,"t":[2,1,2,2]}},{"k":[35,0,0,11,0],"v":{"f":false,"k":4,"t":[2,1,2,2]}},{"k":[33,0,0,13,0],"v":{"f":false,"k":4,"t":[2,1,2,2]}},{"k":[37,0,0,8,0],"v":{"k":4,"t":[2,1,2,2]}},{"k":[35,0,0,10,0],"v":{"k":4,"t":[2,1,2,2]}},{"k":[33,0,0,12,0],"v":{"k":4,"t":[2,1,2,2]}},{"k":[39,0,0,6,0],"v":{"k":4,"t":[2,1,2,2]}},{"k":[41,0,0,4,0],"v":{"k":4,"t":[2,1,2,2]}},{"k":[42,0,0,3,0],"v":{"k":4,"t":[2,1,2,2]}},{"k":[40,0,0,5,0],"v":{"k":4,"t":[2,1,2,2]}},{"k":[34,0,0,11,0],"v":{"k":4,"t":[2,1,2,2]}},{"k":[36,0,0,8,0],"v":{"k":4,"t":[2,1,2,2]}},{"k":[35,0,0,9,0],"v":{"k":4,"t":[2,1,2,2]}},{"k":[40,0,0,4,0],"v":{"k":4,"t":[2,1,2,2]}},{"k":[41,0,0,3,0],"v":{"k":4,"t":[2,1,2,2]}},{"k":[39,0,0,5,0],"v":{"k":4,"t":[2,1,2,2]}},{"k":[33,0,0,11,0],"v":{"k":4,"t":[2,1,2,2]}},{"k":[32,0,0,11,0],"v":{"f":false,"k":4,"t":[2,1,2,2]}},{"k":[33,0,0,10,0],"v":{"k":4,"t":[2,1,2,2]}},{"k":[35,0,0,8,0],"v":{"k":4,"t":[2,1,2,2]}},{"k":[38,0,0,5,0],"v":{"k":4,"t":[2,1,2,2]}},{"k":[41,0,0,2,0],"v":{"k":4,"t":[2,1,2,2]}},{"k":[40,0,0,3,0],"v":{"k":4,"t":[2,1,2,2]}},{"k":[35,0,0,7,0],"v":{"k":4,"t":[2,1,2,2]}},{"k":[40,0,0,2,0],"v":{"k":4,"t":[2,1,2,2]}},{"k":[32,0,0,10,0],"v":{"k":4,"t":[2,1,2,2]}},{"k":[33,0,0,9,0],"v":{"k":4,"t":[2,1,2,2]}},{"k":[37,0,0,5,0],"v":{"k":4,"t":[2,1,2,2]}},{"k":[39,0,0,3,0],"v":{"k":4,"t":[2,1,2,2]}},{"k":[32,0,0,9,0],"v":{"k":4,"t":[2,1,2,2]}},{"k":[39,0,0,2,0],"v":{"k":4,"t":[2,1,2,2]}},{"k":[36,0,0,5,0],"v":{"k":4,"t":[2,1,2,2]}},{"k":[33,0,0,8,0],"v":{"k":4,"t":[2,1,2,2]}},{"k":[34,0,0,7,0],"v":{"k":4,"t":[2,1,2,2]}},{"k":[45,0,0,11,0],"v":{"f":false,"k":4,"t":[2,1,2,2]}},{"k":[46,0,0,10,0],"v":{"k":4,"t":[2,1,2,2]}},{"k":[43,0,0,13,0],"v":{"f":false,"k":4,"t":[2,1,2,2]}},{"k":[42,0,0,14,0],"v":{"f":false,"k":4,"t":[2,1,2,2]}},{"k":[44,0,0,12,0],"v":{"f":false,"k":4,"t":[2,1,2,2]}},{"k":[46,0,0,9,0],"v":{"k":4,"t":[2,1,2,2]}},{"k":[47,0,0,8,0],"v":{"k":4,"t":[2,1,2,2]}},{"k":[45,0,0,10,0],"v":{"k":4,"t":[2,1,2,2]}},{"k":[44,0,0,11,0],"v":{"f":false,"k":4,"t":[2,1,2,2]}},{"k":[42,0,0,13,0],"v":{"f":false,"k":4,"t":[2,1,2,2]}},{"k":[43,0,0,12,0],"v":{"f":false,"k":4,"t":[2,1,2,2]}},{"k":[46,0,0,8,0],"v":{"k":4,"t":[2,1,2,2]}},{"k":[44,0,0,10,0],"v":{"f":false,"k":4,"t":[2,1,2,2]}},{"k":[47,0,0,7,0],"v":{"k":4,"t":[2,1,2,2]}},{"k":[42,0,0,12,0],"v":{"f":false,"k":4,"t":[2,1,2,2]}},{"k":[43,0,0,10,0],"v":{"k":4,"t":[2,1,2,2]}},{"k":[46,0,0,7,0],"v":{"k":4,"t":[2,1,2,2]}},{"k":[41,0,0,12,0],"v":{"k":4,"t":[2,1,2,2]}},{"k":[47,0,0,6,0],"v":{"k":4,"t":[2,1,2,2]}},{"k":[38,0,0,15,0],"v":{"f":false,"k":4,"t":[2,1,2,2]}},{"k":[42,0,0,10,0],"v":{"k":4,"t":[2,1,2,2]}},{"k":[47,0,0,5,0],"v":{"k":4,"t":[2,1,2,2]}},{"k":[45,0,0,7,0],"v":{"k":4,"t":[2,1,2,2]}},{"k":[46,0,0,6,0],"v":{"k":4,"t":[2,1,2,2]}},{"k":[39,0,0,13,0],"v":{"f":false,"k":4,"t":[2,1,2,2]}},{"k":[37,0,0,15,0],"v":{"f":false,"k":4,"t":[2,1,2,2]}},{"k":[40,0,0,12,0],"v":{"k":4,"t":[2,1,2,2]}},{"k":[43,0,0,9,0],"v":{"k":4,"t":[2,1,2,2]}},{"k":[41,0,0,10,0],"v":{"k":4,"t":[2,1,2,2]}},{"k":[42,0,0,9,0],"v":{"k":4,"t":[2,1,2,2]}},{"k":[36,0,0,15,0],"v":{"f":false,"k":4,"t":[2,1,2,2]}},{"k":[44,0,0,7,0],"v":{"k":4,"t":[2,1,2,2]}},{"k":[45,0,0,6,0],"v":{"k":4,"t":[2,1,2,2]}},{"k":[38,0,0,13,0],"v":{"f":false,"k":4,"t":[2,1,2,2]}},{"k":[37,0,0,13,0],"v":{"f":false,"k":4,"t":[2,1,2,2]}},{"k":[38,0,0,12,0],"v":{"k":4,"t":[2,1,2,2]}},{"k":[42,0,0,8,0],"v":{"k":4,"t":[2,1,2,2]}},{"k":[44,0,0,6,0],"v":{"k":4,"t":[2,1,2,2]}},{"k":[45,0,0,5,0],"v":{"k":4,"t":[2,1,2,2]}},{"k":[46,0,0,4,0],"v":{"k":4,"t":[2,1,2,2]}},{"k":[47,0,0,3,0],"v":{"k":4,"t":[2,1,2,2]}},{"k":[39,0,0,11,0],"v":{"k":4,"t":[2,1,2,2]}},{"k":[40,0,0,9,0],"v":{"k":4,"t":[2,1,2,2]}},{"k":[38,0,0,11,0],"v":{"k":4,"t":[2,1,2,2]}},{"k":[42,0,0,7,0],"v":{"k":4,"t":[2,1,2,2]}},{"k":[43,0,0,6,0],"v":{"k":4,"t":[2,1,2,2]}},{"k":[34,0,0,15,0],"v":{"f":false,"k":4,"t":[2,1,2,2]}},{"k":[35,0,0,14,0],"v":{"f":false,"k":4,"t":[2,1,2,2]}},{"k":[44,0,0,5,0],"v":{"k":4,"t":[2,1,2,2]}},{"k":[45,0,0,4,0],"v":{"k":4,"t":[2,1,2,2]}},{"k":[46,0,0,3,0],"v":{"k":4,"t":[2,1,2,2]}},{"k":[47,0,0,15,0],"v":{"f":false,"k":4,"t":[2,1,2,2]}},{"k":[46,0,0,15,0],"v":{"f":false,"k":4,"t":[2,1,2,2]}},{"k":[47,0,0,14,0],"v":{"f":false,"k":4,"t":[2,1,2,2]}},{"k":[46,0,0,14,0],"v":{"f":false,"k":4,"t":[2,1,2,2]}},{"k":[47,0,0,12,0],"v":{"f":false,"k":4,"t":[2,1,2,2]}},{"k":[46,0,0,13,0],"v":{"f":false,"k":4,"t":[2,1,2,2]}},{"k":[45,0,0,14,0],"v":{"f":false,"k":4,"t":[2,1,2,2]}},{"k":[47,0,0,11,0],"v":{"k":4,"t":[2,1,2,2]}},{"k":[46,0,0,12,0],"v":{"f":false,"k":4,"t":[2,1,2,2]}},{"k":[44,0,0,14,0],"v":{"f":false,"k":4,"t":[2,1,2,2]}},{"k":[43,0,0,15,0],"v":{"f":false,"k":4,"t":[2,1,2,2]}},{"k":[46,0,0,11,0],"v":{"k":4,"t":[2,1,2,2]}},{"k":[44,0,0,13,0],"v":{"f":false,"k":4,"t":[2,1,2,2]}},{"k":[33,0,0,7,0],"v":{"k":4,"t":[2,1,2,2]}},{"k":[32,0,0,8,0],"v":{"k":4,"t":[2,1,2,2]}},{"k":[34,0,0,6,0],"v":{"k":4,"t":[2,1,2,2]}},{"k":[35,0,0,5,0],"v":{"k":4,"t":[2,1,2,2]}},{"k":[32,0,0,7,0],"v":{"k":4,"t":[2,1,2,2]}},{"k":[38,0,0,1,0],"v":{"k":4,"t":[2,1,2,2]}},{"k":[34,0,0,5,0],"v":{"k":4,"t":[2,1,2,2]}},{"k":[36,0,0,3,0],"v":{"k":4,"t":[2,1,2,2]}},{"k":[37,0,0,1,0],"v":{"k":4,"t":[2,1,2,2]}},{"k":[33,0,0,5,0],"v":{"k":4,"t":[2,1,2,2]}},{"k":[35,0,0,3,0],"v":{"k":4,"t":[2,1,2,2]}},{"k":[32,0,0,6,0],"v":{"k":4,"t":[2,1,2,2]}},{"k":[36,0,0,1,0],"v":{"k":4,"t":[2,1,2,2]}},{"k":[34,0,0,3,0],"v":{"k":4,"t":[2,1,2,2]}},{"k":[32,0,0,5,0],"v":{"k":4,"t":[2,1,2,2]}},{"k":[33,0,0,3,0],"v":{"k":4,"t":[2,1,2,2]}},{"k":[32,0,0,4,0],"v":{"k":4,"t":[2,1,2,2]}},{"k":[35,0,0,0,0],"v":{"k":4,"t":[2,1,2,2]}},{"k":[32,0,0,3,0],"v":{"k":4,"t":[2,1,2,2]}}],"overflow":[[48,0,0,8,0],[40,0,0,16,0],[48,0,0,7,0],[39,0,0,16,0],[38,0,0,16,0],[48,0,0,6,0],[48,0,0,5,0],[37,0,0,16,0],[35,0,0,16,0],[47,0,0,16,0],[48,0,0,13,0],[48,0,0,12,0],[48,0,0,11,0],[43,0,0,16,0],[48,0,0,10,0],[42,0,0,16,0],[48,0,0,9,0],[41,0,0,16,0]],"walls":[]}}