{"lands":{"autotiles":[{"k":[48,0,0,20,0],"v":{"id":1,"t":[1,0],"tid":274}},{"k":[48,0,0,19,0],"v":{"id":1,"t":[1,0],"tid":423}},{"k":[49,0,0,20,0],"v":{"id":1,"t":[1,0],"tid":425}}],"floors":[{"k":[49,0,0,19,0],"v":{"t":[0,0]}},{"k":[49,0,0,18,0],"v":{"t":[0,0]}},{"k":[49,0,0,17,0],"v":{"t":[0,0]}},{"k":[48,0,0,18,0],"v":{"t":[0,0]}},{"k":[49,0,0,16,0],"v":{"t":[0,0]}},{"k":[48,0,0,17,0],"v":{"t":[0,0]}},{"k":[48,0,0,16,0],"v":{"t":[0,0]}},{"k":[49,0,0,24,0],"v":{"t":[0,0]}},{"k":[49,0,0,23,0],"v":{"t":[0,0]}},{"k":[48,0,0,24,0],"v":{"t":[0,0]}},{"k":[49,0,0,22,0],"v":{"t":[0,0]}},{"k":[48,0,0,23,0],"v":{"t":[0,0]}},{"k":[49,0,0,21,0],"v":{"t":[0,0]}},{"k":[48,0,0,22,0],"v":{"t":[0,0]}},{"k":[48,0,0,21,0],"v":{"t":[0,0]}}]},"moun":{"a":[],"o":[]},"objs":{"list":[{"k":[49,0,0,19,0],"v":{"events":[{"id":1,"name":"Hero action","p":[],"r":{"1":{"bh":true,"c":[{"children":[{"command":[7,0,0,4,0,1,0,44,0,0,0],"kind":20}],"command":[0,3,4,4,0,12,1],"kind":8},{"command":[],"kind":10},{"children":[{"command":[8,"Alaric",1,1,1,1,"Não posso voltar até encontrar a Lamivudina."],"kind":1}],"command":[0,3,4,4,0,12,0],"kind":8},{"command":[],"kind":10}]}},"sys":false}],"hId":-1,"id":10,"name":"OBJ0003","ooepf":false,"p":[{"id":1,"iv":{"k":10,"v":false},"name":"Lamivudina"}],"states":[{"cam":true,"climb":false,"dir":false,"gid":-1,"gk":0,"id":1,"move":true,"name":"Estado 1","pix":true,"pos":false,"stop":false,"sx":{"k":12,"v":1},"sy":{"k":12,"v":1},"sz":{"k":12,"v":1},"through":false,"x":0,"y":0}]}},{"k":[49,0,0,21,0],"v":{"events":[{"id":1,"name":"Hero action","p":[],"r":{"1":{"bh":true,"c":[{"children":[{"command":[7,0,0,4,0,1,0,44,0,0,0],"kind":20}],"command":[0,3,4,4,0,12,1],"kind":8},{"command":[],"kind":10},{"children":[{"command":[8,"Alaric",1,1,1,1,"Não posso voltar até encontrar a Lamivudina."],"kind":1}],"command":[0,3,4,4,0,12,0],"kind":8},{"command":[],"kind":10}]}},"sys":false}],"hId":-1,"id":4,"name":"OBJ0003","ooepf":false,"p":[{"id":1,"iv":{"k":10,"v":false},"name":"Lamivudina"}],"states":[{"cam":true,"climb":false,"dir":false,"gid":-1,"gk":0,"id":1,"move":true,"name":"Estado 1","pix":true,"pos":false,"stop":false,"sx":{"k":12,"v":1},"sy":{"k":12,"v":1},"sz":{"k":12,"v":1},"through":false,"x":0,"y":0}]}},{"k":[49,0,0,20,0],"v":{"events":[{"id":1,"name":"Hero action","p":[],"r":{"1":{"bh":true,"c":[{"children":[{"command":[7,0,0,4,0,1,0,44,0,0,0],"kind":20}],"command":[0,3,4,4,0,12,1],"kind":8},{"command":[],"kind":10},{"children":[{"command":[8,"Alaric",1,1,1,1,"Não posso voltar até encontrar a Lamivudina."],"kind":1}],"command":[0,3,4,4,0,12,0],"kind":8},{"command":[],"kind":10}]}},"sys":false}],"hId":-1,"id":3,"name":"OBJ0003","ooepf":false,"p":[{"id":1,"iv":{"k":10,"v":false},"name":"Lamivudina"}],"states":[{"cam":true,"climb":false,"dir":false,"gid":-1,"gk":0,"id":1,"move":true,"name":"Estado 1","pix":true,"pos":false,"stop":false,"sx":{"k":12,"v":1},"sy":{"k":12,"v":1},"sz":{"k":12,"v":1},"through":false,"x":0,"y":0}]}}]},"objs3d":{"a":[],"o":[]},"sprites":{"list":[{"k":[49,0,0,18,0],"v":{"k":4,"t":[2,1,2,2]}},{"k":[48,0,0,17,0],"v":{"k":4,"t":[2,1,2,2]}},{"k":[48,0,0,24,0],"v":{"k":4,"t":[2,1,2,2]}},{"k":[48,0,0,22,0],"v":{"f":false,"k":4,"t":[7,8,1,1]}}],"overflow":[],"walls":[]}}