{"bgs":{"id":-1,"ie":false,"is":false,"name":"<None>","v":{"k":3,"v":100}},"d":0,"h":16,"id":7,"isi":false,"isky":false,"l":50,"music":{"id":-1,"ie":false,"is":false,"name":"<None>","v":{"k":3,"v":100}},"names":{"1":"Terra dos Deuses"},"of3d":[],"ofmoun":[],"ofsprites":[{"k":[2,0,1],"v":[[48,0,0,17,0],[48,0,0,24,0]]},{"k":[1,0,1],"v":[[32,0,0,17,0],[32,0,0,24,0]]},{"k":[0,0,1],"v":[[16,0,0,18,0],[16,0,0,16,0],[16,0,0,24,0]]},{"k":[2,0,-1],"v":[[35,0,0,0,0]]},{"k":[-1,0,1],"v":[[0,0,12.5,22,0],[0,0,0,24,0],[0,0,12.5,20,0],[0,0,12.5,19,0],[0,0,0,21,0],[0,0,0,20,0],[0,0,0,18,0]]},{"k":[-1,0,0],"v":[[0,0,0,10,0],[0,0,0,7,0]]}],"sbid":{"k":7,"v":2},"so":{"events":[{"id":1,"name":"Time","p":[{"id":1,"name":"Interval","v":{"k":2,"v":null}},{"id":2,"name":"Repeat","v":{"k":10,"v":false}}],"r":{"1":{"bh":true,"c":[]}},"sys":true}],"hId":-1,"id":1,"name":"","ooepf":false,"states":[{"cam":false,"climb":false,"dir":false,"gid":-1,"gk":0,"id":1,"move":false,"name":"Estado 1","pix":false,"pos":false,"stop":false,"sx":{"k":12,"v":1},"sy":{"k":12,"v":1},"sz":{"k":12,"v":1},"through":false,"x":0,"y":0}]},"tileset":1,"w":25}