{"lands":{"autotiles":[{"k":[15,0,0,15,0],"v":{"id":3,"t":[3,0],"tid":372}},{"k":[14,0,0,15,0],"v":{"id":3,"t":[3,0],"tid":324}},{"k":[15,0,0,14,0],"v":{"id":3,"t":[3,0],"tid":370}},{"k":[13,0,0,15,0],"v":{"id":3,"t":[3,0],"tid":324}},{"k":[14,0,0,14,0],"v":{"id":3,"t":[3,0],"tid":318}},{"k":[15,0,0,13,0],"v":{"id":3,"t":[3,0],"tid":370}},{"k":[7,0,6.25,15,0],"v":{"id":3,"t":[4,0],"tid":618}},{"k":[12,0,0,15,0],"v":{"id":3,"t":[3,0],"tid":324}},{"k":[13,0,0,14,0],"v":{"id":3,"t":[3,0],"tid":318}},{"k":[14,0,0,13,0],"v":{"id":3,"t":[3,0],"tid":318}},{"k":[15,0,0,12,0],"v":{"id":3,"t":[3,0],"tid":370}},{"k":[7,0,6.25,14,0],"v":{"id":3,"t":[4,0],"tid":636}},{"k":[11,0,0,15,0],"v":{"id":3,"t":[3,0],"tid":324}},{"k":[12,0,0,14,0],"v":{"id":3,"t":[3,0],"tid":318}},{"k":[13,0,0,13,0],"v":{"id":3,"t":[3,0],"tid":318}},{"k":[14,0,0,12,0],"v":{"id":3,"t":[3,0],"tid":318}},{"k":[15,0,0,11,0],"v":{"id":3,"t":[3,0],"tid":370}},{"k":[7,0,6.25,13,0],"v":{"id":3,"t":[4,0],"tid":636}},{"k":[10,0,0,15,0],"v":{"id":3,"t":[3,0],"tid":324}},{"k":[11,0,0,14,0],"v":{"id":3,"t":[3,0],"tid":318}},{"k":[12,0,0,13,0],"v":{"id":3,"t":[3,0],"tid":318}},{"k":[13,0,0,12,0],"v":{"id":3,"t":[3,0],"tid":318}},{"k":[14,0,0,11,0],"v":{"id":3,"t":[3,0],"tid":318}},{"k":[15,0,0,10,0],"v":{"id":3,"t":[3,0],"tid":370}},{"k":[7,0,6.25,12,0],"v":{"id":3,"t":[4,0],"tid":636}},{"k":[0,0,0,0,0],"v":{"id":3,"t":[3,0],"tid":225}},{"k":[0,0,0,8,0],"v":{"id":3,"t":[3,0],"tid":584}},{"k":[1,0,0,7,0],"v":{"id":3,"t":[3,0],"tid":318}},{"k":[2,0,0,6,0],"v":{"id":3,"t":[3,0],"tid":318}},{"k":[3,0,0,5,0],"v":{"id":3,"t":[3,0],"tid":318}},{"k":[4,0,0,4,0],"v":{"id":3,"t":[3,0],"tid":318}},{"k":[5,0,0,3,0],"v":{"id":3,"t":[3,0],"tid":318}},{"k":[6,0,0,2,0],"v":{"id":3,"t":[3,0],"tid":318}},{"k":[7,0,0,1,0],"v":{"id":3,"t":[3,0],"tid":318}},{"k":[8,0,0,0,0],"v":{"id":3,"t":[3,0],"tid":471}},{"k":[0,0,0,7,0],"v":{"id":3,"t":[3,0],"tid":584}},{"k":[1,0,0,6,0],"v":{"id":3,"t":[3,0],"tid":318}},{"k":[2,0,0,5,0],"v":{"id":3,"t":[3,0],"tid":318}},{"k":[3,0,0,4,0],"v":{"id":3,"t":[3,0],"tid":318}},{"k":[4,0,0,3,0],"v":{"id":3,"t":[3,0],"tid":318}},{"k":[5,0,0,2,0],"v":{"id":3,"t":[3,0],"tid":318}},{"k":[6,0,0,1,0],"v":{"id":3,"t":[3,0],"tid":318}},{"k":[7,0,0,0,0],"v":{"id":3,"t":[3,0],"tid":471}},{"k":[0,0,0,6,0],"v":{"id":3,"t":[3,0],"tid":584}},{"k":[1,0,0,5,0],"v":{"id":3,"t":[3,0],"tid":318}},{"k":[2,0,0,4,0],"v":{"id":3,"t":[3,0],"tid":318}},{"k":[3,0,0,3,0],"v":{"id":3,"t":[3,0],"tid":318}},{"k":[4,0,0,2,0],"v":{"id":3,"t":[3,0],"tid":318}},{"k":[5,0,0,1,0],"v":{"id":3,"t":[3,0],"tid":318}},{"k":[6,0,0,0,0],"v":{"id":3,"t":[3,0],"tid":471}},{"k":[0,0,0,5,0],"v":{"id":3,"t":[3,0],"tid":584}},{"k":[1,0,0,4,0],"v":{"id":3,"t":[3,0],"tid":318}},{"k":[2,0,0,3,0],"v":{"id":3,"t":[3,0],"tid":318}},{"k":[3,0,0,2,0],"v":{"id":3,"t":[3,0],"tid":318}},{"k":[4,0,0,1,0],"v":{"id":3,"t":[3,0],"tid":318}},{"k":[5,0,0,0,0],"v":{"id":3,"t":[3,0],"tid":471}},{"k":[0,0,0,4,0],"v":{"id":3,"t":[3,0],"tid":584}},{"k":[1,0,0,3,0],"v":{"id":3,"t":[3,0],"tid":318}},{"k":[2,0,0,2,0],"v":{"id":3,"t":[3,0],"tid":318}},{"k":[3,0,0,1,0],"v":{"id":3,"t":[3,0],"tid":318}},{"k":[4,0,0,0,0],"v":{"id":3,"t":[3,0],"tid":471}},{"k":[0,0,0,3,0],"v":{"id":3,"t":[3,0],"tid":584}},{"k":[2,0,0,1,0],"v":{"id":3,"t":[3,0],"tid":318}},{"k":[3,0,0,0,0],"v":{"id":3,"t":[3,0],"tid":471}},{"k":[1,0,0,2,0],"v":{"id":3,"t":[3,0],"tid":318}},{"k":[0,0,0,2,0],"v":{"id":3,"t":[3,0],"tid":584}},{"k":[2,0,0,0,0],"v":{"id":3,"t":[3,0],"tid":471}},{"k":[1,0,0,1,0],"v":{"id":3,"t":[3,0],"tid":318}},{"k":[1,0,0,0,0],"v":{"id":3,"t":[3,0],"tid":471}},{"k":[0,0,0,1,0],"v":{"id":3,"t":[3,0],"tid":584}},{"k":[1,0,0,15,0],"v":{"id":3,"t":[3,0],"tid":324}},{"k":[2,0,0,14,0],"v":{"id":3,"t":[3,0],"tid":318}},{"k":[3,0,0,13,0],"v":{"id":3,"t":[3,0],"tid":318}},{"k":[4,0,0,12,0],"v":{"id":3,"t":[3,0],"tid":318}},{"k":[5,0,0,11,0],"v":{"id":3,"t":[3,0],"tid":318}},{"k":[6,0,0,10,0],"v":{"id":3,"t":[3,0],"tid":318}},{"k":[7,0,0,9,0],"v":{"id":3,"t":[3,0],"tid":318}},{"k":[8,0,0,8,0],"v":{"id":3,"t":[3,0],"tid":318}},{"k":[9,0,0,7,0],"v":{"id":3,"t":[3,0],"tid":318}},{"k":[10,0,0,6,0],"v":{"id":3,"t":[3,0],"tid":318}},{"k":[11,0,0,5,0],"v":{"id":3,"t":[3,0],"tid":318}},{"k":[12,0,0,4,0],"v":{"id":3,"t":[3,0],"tid":318}},{"k":[13,0,0,3,0],"v":{"id":3,"t":[3,0],"tid":318}},{"k":[14,0,0,2,0],"v":{"id":3,"t":[3,0],"tid":318}},{"k":[15,0,0,1,0],"v":{"id":3,"t":[3,0],"tid":370}},{"k":[7,0,6.25,3,0],"v":{"id":3,"t":[4,0],"tid":636}},{"k":[0,0,0,15,0],"v":{"id":3,"t":[3,0],"tid":570}},{"k":[1,0,0,14,0],"v":{"id":3,"t":[3,0],"tid":318}},{"k":[2,0,0,13,0],"v":{"id":3,"t":[3,0],"tid":318}},{"k":[3,0,0,12,0],"v":{"id":3,"t":[3,0],"tid":318}},{"k":[4,0,0,11,0],"v":{"id":3,"t":[3,0],"tid":318}},{"k":[5,0,0,10,0],"v":{"id":3,"t":[3,0],"tid":318}},{"k":[6,0,0,9,0],"v":{"id":3,"t":[3,0],"tid":318}},{"k":[7,0,0,8,0],"v":{"id":3,"t":[3,0],"tid":318}},{"k":[8,0,0,7,0],"v":{"id":3,"t":[3,0],"tid":318}},{"k":[9,0,0,6,0],"v":{"id":3,"t":[3,0],"tid":318}},{"k":[10,0,0,5,0],"v":{"id":3,"t":[3,0],"tid":318}},{"k":[11,0,0,4,0],"v":{"id":3,"t":[3,0],"tid":318}},{"k":[12,0,0,3,0],"v":{"id":3,"t":[3,0],"tid":318}},{"k":[13,0,0,2,0],"v":{"id":3,"t":[3,0],"tid":318}},{"k":[14,0,0,1,0],"v":{"id":3,"t":[3,0],"tid":318}},{"k":[15,0,0,0,0],"v":{"id":3,"t":[3,0],"tid":423}},{"k":[7,0,6.25,2,0],"v":{"id":3,"t":[4,0],"tid":636}},{"k":[0,0,0,14,0],"v":{"id":3,"t":[3,0],"tid":584}},{"k":[1,0,0,13,0],"v":{"id":3,"t":[3,0],"tid":318}},{"k":[2,0,0,12,0],"v":{"id":3,"t":[3,0],"tid":318}},{"k":[3,0,0,11,0],"v":{"id":3,"t":[3,0],"tid":318}},{"k":[4,0,0,10,0],"v":{"id":3,"t":[3,0],"tid":318}},{"k":[5,0,0,9,0],"v":{"id":3,"t":[3,0],"tid":318}},{"k":[6,0,0,8,0],"v":{"id":3,"t":[3,0],"tid":318}},{"k":[7,0,0,7,0],"v":{"id":3,"t":[3,0],"tid":318}},{"k":[8,0,0,6,0],"v":{"id":3,"t":[3,0],"tid":318}},{"k":[9,0,0,5,0],"v":{"id":3,"t":[3,0],"tid":318}},{"k":[10,0,0,4,0],"v":{"id":3,"t":[3,0],"tid":318}},{"k":[11,0,0,3,0],"v":{"id":3,"t":[3,0],"tid":318}},{"k":[12,0,0,2,0],"v":{"id":3,"t":[3,0],"tid":318}},{"k":[13,0,0,1,0],"v":{"id":3,"t":[3,0],"tid":318}},{"k":[14,0,0,0,0],"v":{"id":3,"t":[3,0],"tid":471}},{"k":[7,0,6.25,1,0],"v":{"id":3,"t":[4,0],"tid":636}},{"k":[0,0,0,13,0],"v":{"id":3,"t":[3,0],"tid":584}},{"k":[1,0,0,12,0],"v":{"id":3,"t":[3,0],"tid":318}},{"k":[2,0,0,11,0],"v":{"id":3,"t":[3,0],"tid":318}},{"k":[3,0,0,10,0],"v":{"id":3,"t":[3,0],"tid":318}},{"k":[4,0,0,9,0],"v":{"id":3,"t":[3,0],"tid":318}},{"k":[5,0,0,8,0],"v":{"id":3,"t":[3,0],"tid":318}},{"k":[6,0,0,7,0],"v":{"id":3,"t":[3,0],"tid":318}},{"k":[8,0,0,5,0],"v":{"id":3,"t":[3,0],"tid":318}},{"k":[9,0,0,4,0],"v":{"id":3,"t":[3,0],"tid":318}},{"k":[10,0,0,3,0],"v":{"id":3,"t":[3,0],"tid":318}},{"k":[11,0,0,2,0],"v":{"id":3,"t":[3,0],"tid":318}},{"k":[12,0,0,1,0],"v":{"id":3,"t":[3,0],"tid":318}},{"k":[13,0,0,0,0],"v":{"id":3,"t":[3,0],"tid":471}},{"k":[7,0,0,6,0],"v":{"id":3,"t":[3,0],"tid":318}},{"k":[7,0,6.25,0,0],"v":{"id":3,"t":[4,0],"tid":177}},{"k":[0,0,0,12,0],"v":{"id":3,"t":[3,0],"tid":584}},{"k":[1,0,0,11,0],"v":{"id":3,"t":[3,0],"tid":318}},{"k":[2,0,0,10,0],"v":{"id":3,"t":[3,0],"tid":318}},{"k":[3,0,0,9,0],"v":{"id":3,"t":[3,0],"tid":318}},{"k":[4,0,0,8,0],"v":{"id":3,"t":[3,0],"tid":318}},{"k":[5,0,0,7,0],"v":{"id":3,"t":[3,0],"tid":318}},{"k":[6,0,0,6,0],"v":{"id":3,"t":[3,0],"tid":318}},{"k":[8,0,0,4,0],"v":{"id":3,"t":[3,0],"tid":318}},{"k":[9,0,0,3,0],"v":{"id":3,"t":[3,0],"tid":318}},{"k":[10,0,0,2,0],"v":{"id":3,"t":[3,0],"tid":318}},{"k":[11,0,0,1,0],"v":{"id":3,"t":[3,0],"tid":318}},{"k":[12,0,0,0,0],"v":{"id":3,"t":[3,0],"tid":471}},{"k":[7,0,0,5,0],"v":{"id":3,"t":[3,0],"tid":318}},{"k":[0,0,0,11,0],"v":{"id":3,"t":[3,0],"tid":584}},{"k":[1,0,0,10,0],"v":{"id":3,"t":[3,0],"tid":318}},{"k":[2,0,0,9,0],"v":{"id":3,"t":[3,0],"tid":318}},{"k":[3,0,0,8,0],"v":{"id":3,"t":[3,0],"tid":318}},{"k":[4,0,0,7,0],"v":{"id":3,"t":[3,0],"tid":318}},{"k":[5,0,0,6,0],"v":{"id":3,"t":[3,0],"tid":318}},{"k":[7,0,0,4,0],"v":{"id":3,"t":[3,0],"tid":318}},{"k":[8,0,0,3,0],"v":{"id":3,"t":[3,0],"tid":318}},{"k":[9,0,0,2,0],"v":{"id":3,"t":[3,0],"tid":318}},{"k":[10,0,0,1,0],"v":{"id":3,"t":[3,0],"tid":318}},{"k":[11,0,0,0,0],"v":{"id":3,"t":[3,0],"tid":471}},{"k":[6,0,0,5,0],"v":{"id":3,"t":[3,0],"tid":318}},{"k":[0,0,0,10,0],"v":{"id":3,"t":[3,0],"tid":584}},{"k":[1,0,0,9,0],"v":{"id":3,"t":[3,0],"tid":318}},{"k":[2,0,0,8,0],"v":{"id":3,"t":[3,0],"tid":318}},{"k":[3,0,0,7,0],"v":{"id":3,"t":[3,0],"tid":318}},{"k":[4,0,0,6,0],"v":{"id":3,"t":[3,0],"tid":318}},{"k":[5,0,0,5,0],"v":{"id":3,"t":[3,0],"tid":318}},{"k":[7,0,0,3,0],"v":{"id":3,"t":[3,0],"tid":318}},{"k":[8,0,0,2,0],"v":{"id":3,"t":[3,0],"tid":318}},{"k":[9,0,0,1,0],"v":{"id":3,"t":[3,0],"tid":318}},{"k":[10,0,0,0,0],"v":{"id":3,"t":[3,0],"tid":471}},{"k":[6,0,0,4,0],"v":{"id":3,"t":[3,0],"tid":318}},{"k":[0,0,0,9,0],"v":{"id":3,"t":[3,0],"tid":584}},{"k":[1,0,0,8,0],"v":{"id":3,"t":[3,0],"tid":318}},{"k":[2,0,0,7,0],"v":{"id":3,"t":[3,0],"tid":318}},{"k":[3,0,0,6,0],"v":{"id":3,"t":[3,0],"tid":318}},{"k":[4,0,0,5,0],"v":{"id":3,"t":[3,0],"tid":318}},{"k":[5,0,0,4,0],"v":{"id":3,"t":[3,0],"tid":318}},{"k":[6,0,0,3,0],"v":{"id":3,"t":[3,0],"tid":318}},{"k":[7,0,0,2,0],"v":{"id":3,"t":[3,0],"tid":318}},{"k":[8,0,0,1,0],"v":{"id":3,"t":[3,0],"tid":318}},{"k":[9,0,0,0,0],"v":{"id":3,"t":[3,0],"tid":471}},{"k":[9,0,0,15,0],"v":{"id":3,"t":[3,0],"tid":324}},{"k":[10,0,0,14,0],"v":{"id":3,"t":[3,0],"tid":318}},{"k":[11,0,0,13,0],"v":{"id":3,"t":[3,0],"tid":318}},{"k":[12,0,0,12,0],"v":{"id":3,"t":[3,0],"tid":318}},{"k":[13,0,0,11,0],"v":{"id":3,"t":[3,0],"tid":318}},{"k":[14,0,0,10,0],"v":{"id":3,"t":[3,0],"tid":318}},{"k":[15,0,0,9,0],"v":{"id":3,"t":[3,0],"tid":370}},{"k":[7,0,6.25,11,0],"v":{"id":3,"t":[4,0],"tid":636}},{"k":[8,0,0,15,0],"v":{"id":3,"t":[3,0],"tid":324}},{"k":[9,0,0,14,0],"v":{"id":3,"t":[3,0],"tid":318}},{"k":[10,0,0,13,0],"v":{"id":3,"t":[3,0],"tid":318}},{"k":[11,0,0,12,0],"v":{"id":3,"t":[3,0],"tid":318}},{"k":[12,0,0,11,0],"v":{"id":3,"t":[3,0],"tid":318}},{"k":[13,0,0,10,0],"v":{"id":3,"t":[3,0],"tid":318}},{"k":[14,0,0,9,0],"v":{"id":3,"t":[3,0],"tid":318}},{"k":[15,0,0,8,0],"v":{"id":3,"t":[3,0],"tid":370}},{"k":[7,0,6.25,10,0],"v":{"id":3,"t":[4,0],"tid":636}},{"k":[7,0,0,15,0],"v":{"id":3,"t":[3,0],"tid":324}},{"k":[8,0,0,14,0],"v":{"id":3,"t":[3,0],"tid":318}},{"k":[9,0,0,13,0],"v":{"id":3,"t":[3,0],"tid":318}},{"k":[10,0,0,12,0],"v":{"id":3,"t":[3,0],"tid":318}},{"k":[11,0,0,11,0],"v":{"id":3,"t":[3,0],"tid":318}},{"k":[12,0,0,10,0],"v":{"id":3,"t":[3,0],"tid":318}},{"k":[13,0,0,9,0],"v":{"id":3,"t":[3,0],"tid":318}},{"k":[14,0,0,8,0],"v":{"id":3,"t":[3,0],"tid":318}},{"k":[15,0,0,7,0],"v":{"id":3,"t":[3,0],"tid":370}},{"k":[7,0,6.25,9,0],"v":{"id":3,"t":[4,0],"tid":636}},{"k":[6,0,0,15,0],"v":{"id":3,"t":[3,0],"tid":324}},{"k":[7,0,0,14,0],"v":{"id":3,"t":[3,0],"tid":318}},{"k":[8,0,0,13,0],"v":{"id":3,"t":[3,0],"tid":318}},{"k":[9,0,0,12,0],"v":{"id":3,"t":[3,0],"tid":318}},{"k":[10,0,0,11,0],"v":{"id":3,"t":[3,0],"tid":318}},{"k":[11,0,0,10,0],"v":{"id":3,"t":[3,0],"tid":318}},{"k":[12,0,0,9,0],"v":{"id":3,"t":[3,0],"tid":318}},{"k":[13,0,0,8,0],"v":{"id":3,"t":[3,0],"tid":318}},{"k":[14,0,0,7,0],"v":{"id":3,"t":[3,0],"tid":318}},{"k":[15,0,0,6,0],"v":{"id":3,"t":[3,0],"tid":370}},{"k":[7,0,6.25,8,0],"v":{"id":3,"t":[4,0],"tid":636}},{"k":[5,0,0,15,0],"v":{"id":3,"t":[3,0],"tid":324}},{"k":[6,0,0,14,0],"v":{"id":3,"t":[3,0],"tid":318}},{"k":[7,0,0,13,0],"v":{"id":3,"t":[3,0],"tid":318}},{"k":[8,0,0,12,0],"v":{"id":3,"t":[3,0],"tid":318}},{"k":[9,0,0,11,0],"v":{"id":3,"t":[3,0],"tid":318}},{"k":[10,0,0,10,0],"v":{"id":3,"t":[3,0],"tid":318}},{"k":[11,0,0,9,0],"v":{"id":3,"t":[3,0],"tid":318}},{"k":[12,0,0,8,0],"v":{"id":3,"t":[3,0],"tid":318}},{"k":[13,0,0,7,0],"v":{"id":3,"t":[3,0],"tid":318}},{"k":[14,0,0,6,0],"v":{"id":3,"t":[3,0],"tid":318}},{"k":[15,0,0,5,0],"v":{"id":3,"t":[3,0],"tid":370}},{"k":[7,0,6.25,7,0],"v":{"id":3,"t":[4,0],"tid":636}},{"k":[4,0,0,15,0],"v":{"id":3,"t":[3,0],"tid":324}},{"k":[5,0,0,14,0],"v":{"id":3,"t":[3,0],"tid":318}},{"k":[6,0,0,13,0],"v":{"id":3,"t":[3,0],"tid":318}},{"k":[7,0,0,12,0],"v":{"id":3,"t":[3,0],"tid":318}},{"k":[8,0,0,11,0],"v":{"id":3,"t":[3,0],"tid":318}},{"k":[9,0,0,10,0],"v":{"id":3,"t":[3,0],"tid":318}},{"k":[10,0,0,9,0],"v":{"id":3,"t":[3,0],"tid":318}},{"k":[11,0,0,8,0],"v":{"id":3,"t":[3,0],"tid":318}},{"k":[12,0,0,7,0],"v":{"id":3,"t":[3,0],"tid":318}},{"k":[13,0,0,6,0],"v":{"id":3,"t":[3,0],"tid":318}},{"k":[14,0,0,5,0],"v":{"id":3,"t":[3,0],"tid":318}},{"k":[15,0,0,4,0],"v":{"id":3,"t":[3,0],"tid":370}},{"k":[7,0,6.25,6,0],"v":{"id":3,"t":[4,0],"tid":636}},{"k":[3,0,0,15,0],"v":{"id":3,"t":[3,0],"tid":324}},{"k":[4,0,0,14,0],"v":{"id":3,"t":[3,0],"tid":318}},{"k":[5,0,0,13,0],"v":{"id":3,"t":[3,0],"tid":318}},{"k":[6,0,0,12,0],"v":{"id":3,"t":[3,0],"tid":318}},{"k":[7,0,0,11,0],"v":{"id":3,"t":[3,0],"tid":318}},{"k":[8,0,0,10,0],"v":{"id":3,"t":[3,0],"tid":318}},{"k":[9,0,0,9,0],"v":{"id":3,"t":[3,0],"tid":318}},{"k":[10,0,0,8,0],"v":{"id":3,"t":[3,0],"tid":318}},{"k":[11,0,0,7,0],"v":{"id":3,"t":[3,0],"tid":318}},{"k":[12,0,0,6,0],"v":{"id":3,"t":[3,0],"tid":318}},{"k":[13,0,0,5,0],"v":{"id":3,"t":[3,0],"tid":318}},{"k":[14,0,0,4,0],"v":{"id":3,"t":[3,0],"tid":318}},{"k":[15,0,0,3,0],"v":{"id":3,"t":[3,0],"tid":370}},{"k":[7,0,6.25,5,0],"v":{"id":3,"t":[4,0],"tid":636}},{"k":[2,0,0,15,0],"v":{"id":3,"t":[3,0],"tid":324}},{"k":[3,0,0,14,0],"v":{"id":3,"t":[3,0],"tid":318}},{"k":[4,0,0,13,0],"v":{"id":3,"t":[3,0],"tid":318}},{"k":[5,0,0,12,0],"v":{"id":3,"t":[3,0],"tid":318}},{"k":[6,0,0,11,0],"v":{"id":3,"t":[3,0],"tid":318}},{"k":[7,0,0,10,0],"v":{"id":3,"t":[3,0],"tid":318}},{"k":[8,0,0,9,0],"v":{"id":3,"t":[3,0],"tid":318}},{"k":[9,0,0,8,0],"v":{"id":3,"t":[3,0],"tid":318}},{"k":[10,0,0,7,0],"v":{"id":3,"t":[3,0],"tid":318}},{"k":[11,0,0,6,0],"v":{"id":3,"t":[3,0],"tid":318}},{"k":[12,0,0,5,0],"v":{"id":3,"t":[3,0],"tid":318}},{"k":[13,0,0,4,0],"v":{"id":3,"t":[3,0],"tid":318}},{"k":[14,0,0,3,0],"v":{"id":3,"t":[3,0],"tid":318}},{"k":[15,0,0,2,0],"v":{"id":3,"t":[3,0],"tid":370}},{"k":[7,0,6.25,4,0],"v":{"id":3,"t":[4,0],"tid":636}}],"floors":[]},"moun":{"a":[],"o":[]},"objs":{"list":[{"k":[7,0,6.25,0,0],"v":{"events":[{"id":1,"name":"Hero action","p":[],"r":{"1":{"bh":true,"c":[{"command":[7,0,0,4,24,1,0,49,0,0,0],"kind":20}]}},"sys":false}],"hId":-1,"id":4,"name":"OBJ0001","ooepf":false,"states":[{"cam":true,"climb":false,"dir":false,"gid":-1,"gk":0,"id":1,"move":true,"name":"Estado 1","pix":true,"pos":false,"stop":false,"sx":{"k":12,"v":1},"sy":{"k":12,"v":1},"sz":{"k":12,"v":1},"through":false,"x":0,"y":0}]}},{"k":[8,0,12.5,15,0],"v":{"events":[{"id":1,"name":"Hero action","p":[],"r":{"1":{"bh":true,"c":[{"command":[7,0,0,9,5,0,0,0,0,0,0],"kind":20}]}},"sys":false}],"hId":-1,"id":8,"name":"OBJ0005","ooepf":false,"states":[{"cam":true,"climb":false,"dir":false,"gid":-1,"gk":0,"id":1,"move":true,"name":"Estado 1","pix":true,"pos":false,"stop":false,"sx":{"k":12,"v":1},"sy":{"k":12,"v":1},"sz":{"k":12,"v":1},"through":false,"x":0,"y":0}]}},{"k":[7,0,12.5,15,0],"v":{"events":[{"id":1,"name":"Hero action","p":[],"r":{"1":{"bh":true,"c":[{"command":[7,0,0,9,5,0,0,0,0,0,0],"kind":20}]}},"sys":false}],"hId":-1,"id":5,"name":"OBJ0005","ooepf":false,"states":[{"cam":true,"climb":false,"dir":false,"gid":-1,"gk":0,"id":1,"move":true,"name":"Estado 1","pix":true,"pos":false,"stop":false,"sx":{"k":12,"v":1},"sy":{"k":12,"v":1},"sz":{"k":12,"v":1},"through":false,"x":0,"y":0}]}},{"k":[6,0,12.5,15,0],"v":{"events":[{"id":1,"name":"Hero action","p":[],"r":{"1":{"bh":true,"c":[{"command":[7,0,0,9,5,0,0,0,0,0,0],"kind":20}]}},"sys":false}],"hId":-1,"id":6,"name":"OBJ0005","ooepf":false,"states":[{"cam":true,"climb":false,"dir":false,"gid":-1,"gk":0,"id":1,"move":true,"name":"Estado 1","pix":true,"pos":false,"stop":false,"sx":{"k":12,"v":1},"sy":{"k":12,"v":1},"sz":{"k":12,"v":1},"through":false,"x":0,"y":0}]}},{"k":[8,0,0,0,0],"v":{"events":[{"id":1,"name":"Hero action","p":[],"r":{"1":{"bh":true,"c":[{"command":[7,0,0,4,24,1,0,49,0,0,0],"kind":20}]}},"sys":false}],"hId":-1,"id":2,"name":"OBJ0001","ooepf":false,"states":[{"cam":true,"climb":false,"dir":false,"gid":-1,"gk":0,"id":1,"move":true,"name":"Estado 1","pix":true,"pos":false,"stop":false,"sx":{"k":12,"v":1},"sy":{"k":12,"v":1},"sz":{"k":12,"v":1},"through":false,"x":0,"y":0}]}},{"k":[7,0,0,0,0],"v":{"events":[{"id":1,"name":"Hero action","p":[],"r":{"1":{"bh":true,"c":[{"command":[7,0,0,4,24,1,0,49,0,0,0],"kind":20}]}},"sys":false}],"hId":-1,"id":1,"name":"OBJ0001","ooepf":false,"states":[{"cam":true,"climb":false,"dir":false,"gid":-1,"gk":0,"id":1,"move":true,"name":"Estado 1","pix":true,"pos":false,"stop":false,"sx":{"k":12,"v":1},"sy":{"k":12,"v":1},"sz":{"k":12,"v":1},"through":false,"x":0,"y":0}]}},{"k":[6,0,0,0,0],"v":{"events":[{"id":1,"name":"Hero action","p":[],"r":{"1":{"bh":true,"c":[{"command":[7,0,0,4,24,1,0,49,0,0,0],"kind":20}]}},"sys":false}],"hId":-1,"id":3,"name":"OBJ0001","ooepf":false,"states":[{"cam":true,"climb":false,"dir":false,"gid":-1,"gk":0,"id":1,"move":true,"name":"Estado 1","pix":true,"pos":false,"stop":false,"sx":{"k":12,"v":1},"sy":{"k":12,"v":1},"sz":{"k":12,"v":1},"through":false,"x":0,"y":0}]}}]},"objs3d":{"a":[{"k":[8,0,0,2,0,50,50,90],"v":{"did":18}},{"k":[8,0,0,1,0,50,50,90],"v":{"did":18}},{"k":[8,0,0,0,0,50,50,90],"v":{"did":18}},{"k":[6,0,0,2,0,50,50,90],"v":{"did":18}},{"k":[6,0,0,1,0,50,50,90],"v":{"did":18}},{"k":[6,0,0,0,0,50,50,90],"v":{"did":18}}],"o":[]},"sprites":{"list":[{"k":[10,0,0,14,0],"v":{"k":5,"t":[7,12,1,1]}},{"k":[11,0,0,12,0],"v":{"k":5,"t":[6,12,1,1]}},{"k":[12,0,0,10,0],"v":{"k":5,"t":[7,12,1,1]}},{"k":[9,0,0,12,0],"v":{"k":5,"t":[7,11,1,1]}},{"k":[13,0,0,8,0],"v":{"k":5,"t":[7,13,1,1]}},{"k":[10,0,0,10,0],"v":{"k":5,"t":[7,13,1,1]}},{"k":[5,0,0,14,0],"v":{"k":5,"t":[7,13,1,1]}},{"k":[11,0,0,8,0],"v":{"k":5,"t":[7,11,1,1]}},{"k":[12,0,0,6,0],"v":{"k":5,"t":[6,12,1,1]}},{"k":[3,0,0,14,0],"v":{"k":5,"t":[7,11,1,1]}},{"k":[13,0,0,4,0],"v":{"k":5,"t":[7,11,1,1]}},{"k":[9,0,0,8,0],"v":{"k":5,"t":[6,13,1,1]}},{"k":[4,0,0,4,0],"v":{"k":5,"t":[6,12,1,1]}},{"k":[1,0,0,6,0],"v":{"k":5,"t":[7,11,1,1]}},{"k":[2,0,0,4,0],"v":{"k":5,"t":[7,13,1,1]}},{"k":[4,0,0,12,0],"v":{"k":5,"t":[6,12,1,1]}},{"k":[10,0,0,6,0],"v":{"k":5,"t":[7,12,1,1]}},{"k":[5,0,0,10,0],"v":{"k":5,"t":[7,12,1,1]}},{"k":[1,0,0,14,0],"v":{"k":5,"t":[6,13,1,1]}},{"k":[11,0,0,4,0],"v":{"k":5,"t":[7,11,1,1]}},{"k":[2,0,0,12,0],"v":{"k":5,"t":[7,11,1,1]}},{"k":[12,0,0,14,0],"v":{"k":5,"t":[7,11,1,1]}},{"k":[3,0,0,10,0],"v":{"k":5,"t":[7,11,1,1]}},{"k":[9,0,0,4,0],"v":{"k":5,"t":[7,13,1,1]}},{"k":[13,0,0,12,0],"v":{"k":5,"t":[7,11,1,1]}},{"k":[4,0,0,8,0],"v":{"k":5,"t":[7,13,1,1]}},{"k":[5,0,0,6,0],"v":{"k":5,"t":[7,11,1,1]}},{"k":[1,0,0,10,0],"v":{"k":5,"t":[7,13,1,1]}},{"k":[2,0,0,8,0],"v":{"k":5,"t":[7,12,1,1]}},{"k":[3,0,0,6,0],"v":{"k":5,"t":[7,12,1,1]}}],"overflow":[],"walls":[]}}