{"bgs":{"id":-1,"ie":false,"is":false,"name":"<None>","v":{"k":3,"v":100}},"d":0,"h":16,"id":6,"isi":false,"isky":true,"l":16,"music":{"id":-1,"ie":false,"is":false,"name":"<None>","v":{"k":3,"v":100}},"names":{"1":"Cemitério"},"of3d":[{"k":[0,-1,0],"v":[[8,0,0,0,0,50,50,90],[6,0,0,2,0,50,50,90],[6,0,0,1,0,50,50,90],[8,0,0,2,0,50,50,90],[8,0,0,1,0,50,50,90],[6,0,0,0,0,50,50,90]]},{"k":[0,0,-1],"v":[[8,0,0,0,0,50,50,90],[6,0,0,0,0,50,50,90]]},{"k":[1,-1,-1],"v":[[8,0,0,0,0,50,50,90]]},{"k":[0,-1,-1],"v":[[8,0,0,0,0,50,50,90],[6,0,0,0,0,50,50,90]]},{"k":[1,0,0],"v":[[8,0,0,0,0,50,50,90],[8,0,0,2,0,50,50,90],[8,0,0,1,0,50,50,90]]},{"k":[1,-1,0],"v":[[8,0,0,0,0,50,50,90],[8,0,0,2,0,50,50,90],[8,0,0,1,0,50,50,90]]},{"k":[1,0,-1],"v":[[8,0,0,0,0,50,50,90]]}],"ofmoun":[],"ofsprites":[],"sky":{"k":7,"v":1},"so":{"events":[{"id":1,"name":"Time","p":[{"id":1,"name":"Interval","v":{"k":2,"v":null}},{"id":2,"name":"Repeat","v":{"k":10,"v":false}}],"r":{"1":{"bh":true,"c":[]}},"sys":true}],"hId":-1,"id":1,"name":"","ooepf":false,"states":[{"cam":false,"climb":false,"dir":false,"gid":-1,"gk":0,"id":1,"move":false,"name":"Estado 1","pix":false,"pos":false,"stop":false,"sx":{"k":12,"v":1},"sy":{"k":12,"v":1},"sz":{"k":12,"v":1},"through":false,"x":0,"y":0}]},"tileset":12,"w":16}