{"lands":{"autotiles":[{"k":[8,1,0,17,0],"v":{"id":1,"t":[2,1],"tid":318}},{"k":[6,1,0,19,0],"v":{"id":1,"t":[2,1],"tid":308}},{"k":[7,1,0,18,0],"v":{"id":1,"t":[2,1],"tid":318}},{"k":[9,1,0,16,0],"v":{"id":1,"t":[2,1],"tid":318}},{"k":[8,1,0,16,0],"v":{"id":1,"t":[2,1],"tid":318}},{"k":[5,1,0,19,0],"v":{"id":1,"t":[2,1],"tid":570}},{"k":[6,1,0,18,0],"v":{"id":1,"t":[2,1],"tid":318}},{"k":[7,1,0,17,0],"v":{"id":1,"t":[2,1],"tid":318}},{"k":[15,1,0,31,0],"v":{"id":1,"t":[1,0],"tid":471}},{"k":[14,1,0,31,0],"v":{"id":1,"t":[1,0],"tid":471}},{"k":[13,1,0,31,0],"v":{"id":1,"t":[1,0],"tid":471}},{"k":[12,1,0,31,0],"v":{"id":1,"t":[1,0],"tid":471}},{"k":[11,1,0,31,0],"v":{"id":1,"t":[1,0],"tid":225}},{"k":[7,1,0,16,0],"v":{"id":1,"t":[2,1],"tid":318}},{"k":[5,1,0,18,0],"v":{"id":1,"t":[2,1],"tid":308}},{"k":[6,1,0,17,0],"v":{"id":1,"t":[2,1],"tid":318}},{"k":[4,1,0,18,0],"v":{"id":1,"t":[2,1],"tid":570}},{"k":[5,1,0,17,0],"v":{"id":1,"t":[2,1],"tid":318}},{"k":[6,1,0,16,0],"v":{"id":1,"t":[2,1],"tid":318}},{"k":[4,1,0,17,0],"v":{"id":1,"t":[2,1],"tid":584}},{"k":[5,1,0,16,0],"v":{"id":1,"t":[2,1],"tid":318}},{"k":[15,1,0,16,0],"v":{"id":1,"t":[1,0],"tid":324}},{"k":[4,1,0,16,0],"v":{"id":1,"t":[2,1],"tid":308}},{"k":[14,1,0,16,0],"v":{"id":1,"t":[1,0],"tid":570}},{"k":[12,1,0,18,0],"v":{"id":1,"t":[2,1],"tid":372}},{"k":[11,1,0,19,0],"v":{"id":1,"t":[2,1],"tid":372}},{"k":[10,1,0,20,0],"v":{"id":1,"t":[2,1],"tid":372}},{"k":[9,1,0,21,0],"v":{"id":1,"t":[2,1],"tid":372}},{"k":[3,1,0,16,0],"v":{"id":1,"t":[2,1],"tid":570}},{"k":[13,1,0,16,0],"v":{"id":1,"t":[2,1],"tid":372}},{"k":[11,1,0,18,0],"v":{"id":1,"t":[2,1],"tid":316}},{"k":[9,1,0,20,0],"v":{"id":1,"t":[2,1],"tid":316}},{"k":[8,1,0,21,0],"v":{"id":1,"t":[2,1],"tid":324}},{"k":[10,1,0,19,0],"v":{"id":1,"t":[2,1],"tid":316}},{"k":[12,1,0,17,0],"v":{"id":1,"t":[2,1],"tid":370}},{"k":[7,1,0,21,0],"v":{"id":1,"t":[2,1],"tid":570}},{"k":[8,1,0,20,0],"v":{"id":1,"t":[2,1],"tid":318}},{"k":[9,1,0,19,0],"v":{"id":1,"t":[2,1],"tid":318}},{"k":[10,1,0,18,0],"v":{"id":1,"t":[2,1],"tid":318}},{"k":[11,1,0,17,0],"v":{"id":1,"t":[2,1],"tid":318}},{"k":[12,1,0,16,0],"v":{"id":1,"t":[2,1],"tid":316}},{"k":[7,1,0,20,0],"v":{"id":1,"t":[2,1],"tid":308}},{"k":[8,1,0,19,0],"v":{"id":1,"t":[2,1],"tid":318}},{"k":[9,1,0,18,0],"v":{"id":1,"t":[2,1],"tid":318}},{"k":[10,1,0,17,0],"v":{"id":1,"t":[2,1],"tid":318}},{"k":[11,1,0,16,0],"v":{"id":1,"t":[2,1],"tid":318}},{"k":[6,1,0,20,0],"v":{"id":1,"t":[2,1],"tid":570}},{"k":[7,1,0,19,0],"v":{"id":1,"t":[2,1],"tid":318}},{"k":[8,1,0,18,0],"v":{"id":1,"t":[2,1],"tid":318}},{"k":[9,1,0,17,0],"v":{"id":1,"t":[2,1],"tid":318}},{"k":[10,1,0,16,0],"v":{"id":1,"t":[2,1],"tid":318}}],"floors":[{"k":[2,1,0,31,0],"v":{"t":[0,0]}},{"k":[3,1,0,30,0],"v":{"t":[0,0]}},{"k":[4,1,0,29,0],"v":{"t":[0,0]}},{"k":[5,1,0,28,0],"v":{"t":[0,0]}},{"k":[6,1,0,27,0],"v":{"t":[0,0]}},{"k":[7,1,0,26,0],"v":{"t":[0,0]}},{"k":[8,1,0,25,0],"v":{"t":[0,0]}},{"k":[9,1,0,24,0],"v":{"t":[0,0]}},{"k":[10,1,0,23,0],"v":{"t":[0,0]}},{"k":[11,1,0,22,0],"v":{"t":[0,0]}},{"k":[12,1,0,21,0],"v":{"t":[0,0]}},{"k":[13,1,0,20,0],"v":{"t":[0,0]}},{"k":[14,1,0,19,0],"v":{"t":[0,0]}},{"k":[15,1,0,18,0],"v":{"t":[0,0]}},{"k":[1,2,0,31,0],"v":{"t":[0,0]}},{"k":[1,1,0,31,0],"v":{"t":[0,0]}},{"k":[2,1,0,30,0],"v":{"t":[0,0]}},{"k":[3,1,0,29,0],"v":{"t":[0,0]}},{"k":[4,1,0,28,0],"v":{"t":[0,0]}},{"k":[5,1,0,27,0],"v":{"t":[0,0]}},{"k":[6,1,0,26,0],"v":{"t":[0,0]}},{"k":[7,1,0,25,0],"v":{"t":[0,0]}},{"k":[8,1,0,24,0],"v":{"t":[0,0]}},{"k":[9,1,0,23,0],"v":{"t":[0,0]}},{"k":[10,1,0,22,0],"v":{"t":[0,0]}},{"k":[11,1,0,21,0],"v":{"t":[0,0]}},{"k":[12,1,0,20,0],"v":{"t":[0,0]}},{"k":[13,1,0,19,0],"v":{"t":[0,0]}},{"k":[14,1,0,18,0],"v":{"t":[0,0]}},{"k":[15,1,0,17,0],"v":{"t":[0,0]}},{"k":[0,2,0,31,0],"v":{"t":[0,0]}},{"k":[15,1,0,30,0],"v":{"t":[0,0]}},{"k":[14,1,0,30,0],"v":{"t":[0,0]}},{"k":[15,1,0,29,0],"v":{"t":[0,0]}},{"k":[13,1,0,30,0],"v":{"t":[0,0]}},{"k":[14,1,0,29,0],"v":{"t":[0,0]}},{"k":[15,1,0,28,0],"v":{"t":[0,0]}},{"k":[12,1,0,30,0],"v":{"t":[0,0]}},{"k":[13,1,0,29,0],"v":{"t":[0,0]}},{"k":[14,1,0,28,0],"v":{"t":[0,0]}},{"k":[15,1,0,27,0],"v":{"t":[0,0]}},{"k":[11,1,0,30,0],"v":{"t":[0,0]}},{"k":[12,1,0,29,0],"v":{"t":[0,0]}},{"k":[13,1,0,28,0],"v":{"t":[0,0]}},{"k":[14,1,0,27,0],"v":{"t":[0,0]}},{"k":[15,1,0,26,0],"v":{"t":[0,0]}},{"k":[10,1,0,31,0],"v":{"t":[0,0]}},{"k":[10,1,0,30,0],"v":{"t":[0,0]}},{"k":[11,1,0,29,0],"v":{"t":[0,0]}},{"k":[12,1,0,28,0],"v":{"t":[0,0]}},{"k":[13,1,0,27,0],"v":{"t":[0,0]}},{"k":[14,1,0,26,0],"v":{"t":[0,0]}},{"k":[15,1,0,25,0],"v":{"t":[0,0]}},{"k":[9,1,0,31,0],"v":{"t":[0,0]}},{"k":[8,1,31.25,16,0],"v":{"t":[1,1]}},{"k":[7,1,31.25,16,0],"v":{"t":[1,1]}},{"k":[9,1,31.25,16,0],"v":{"t":[1,1]}},{"k":[1,1,0,22,0],"v":{"t":[0,0]}},{"k":[2,1,0,21,0],"v":{"t":[0,0]}},{"k":[3,1,0,20,0],"v":{"t":[0,0]}},{"k":[4,1,0,19,0],"v":{"t":[0,0]}},{"k":[0,2,0,22,0],"v":{"t":[0,0]}},{"k":[0,1,0,23,0],"v":{"t":[0,0]}},{"k":[1,1,0,21,0],"v":{"t":[0,0]}},{"k":[2,1,0,20,0],"v":{"t":[0,0]}},{"k":[3,1,0,19,0],"v":{"t":[0,0]}},{"k":[0,2,0,21,0],"v":{"t":[0,0]}},{"k":[0,1,0,22,0],"v":{"t":[0,0]}},{"k":[1,1,0,20,0],"v":{"t":[0,0]}},{"k":[2,1,0,19,0],"v":{"t":[0,0]}},{"k":[3,1,0,18,0],"v":{"t":[0,0]}},{"k":[0,2,0,20,0],"v":{"t":[0,0]}},{"k":[0,1,0,21,0],"v":{"t":[0,0]}},{"k":[1,1,0,19,0],"v":{"t":[0,0]}},{"k":[2,1,0,18,0],"v":{"t":[0,0]}},{"k":[3,1,0,17,0],"v":{"t":[0,0]}},{"k":[0,2,0,19,0],"v":{"t":[0,0]}},{"k":[0,1,0,20,0],"v":{"t":[0,0]}},{"k":[1,1,0,18,0],"v":{"t":[0,0]}},{"k":[2,1,0,17,0],"v":{"t":[0,0]}},{"k":[0,2,0,18,0],"v":{"t":[0,0]}},{"k":[0,1,0,19,0],"v":{"t":[0,0]}},{"k":[1,1,0,17,0],"v":{"t":[0,0]}},{"k":[2,1,0,16,0],"v":{"t":[0,0]}},{"k":[0,2,0,17,0],"v":{"t":[0,0]}},{"k":[0,1,0,18,0],"v":{"t":[0,0]}},{"k":[1,1,0,16,0],"v":{"t":[0,0]}},{"k":[0,2,0,16,0],"v":{"t":[0,0]}},{"k":[0,1,0,17,0],"v":{"t":[0,0]}},{"k":[0,1,0,16,0],"v":{"t":[0,0]}},{"k":[1,1,0,30,0],"v":{"t":[0,0]}},{"k":[2,1,0,29,0],"v":{"t":[0,0]}},{"k":[3,1,0,28,0],"v":{"t":[0,0]}},{"k":[4,1,0,27,0],"v":{"t":[0,0]}},{"k":[5,1,0,26,0],"v":{"t":[0,0]}},{"k":[6,1,0,25,0],"v":{"t":[0,0]}},{"k":[7,1,0,24,0],"v":{"t":[0,0]}},{"k":[8,1,0,23,0],"v":{"t":[0,0]}},{"k":[9,1,0,22,0],"v":{"t":[0,0]}},{"k":[10,1,0,21,0],"v":{"t":[0,0]}},{"k":[11,1,0,20,0],"v":{"t":[0,0]}},{"k":[12,1,0,19,0],"v":{"t":[0,0]}},{"k":[13,1,0,18,0],"v":{"t":[0,0]}},{"k":[14,1,0,17,0],"v":{"t":[0,0]}},{"k":[0,2,0,30,0],"v":{"t":[0,0]}},{"k":[0,1,0,31,0],"v":{"t":[0,0]}},{"k":[1,1,0,29,0],"v":{"t":[0,0]}},{"k":[2,1,0,28,0],"v":{"t":[0,0]}},{"k":[3,1,0,27,0],"v":{"t":[0,0]}},{"k":[4,1,0,26,0],"v":{"t":[0,0]}},{"k":[5,1,0,25,0],"v":{"t":[0,0]}},{"k":[6,1,0,24,0],"v":{"t":[0,0]}},{"k":[7,1,0,23,0],"v":{"t":[0,0]}},{"k":[8,1,0,22,0],"v":{"t":[0,0]}},{"k":[13,1,0,17,0],"v":{"t":[0,0]}},{"k":[0,2,0,29,0],"v":{"t":[0,0]}},{"k":[0,1,0,30,0],"v":{"t":[0,0]}},{"k":[1,1,0,28,0],"v":{"t":[0,0]}},{"k":[2,1,0,27,0],"v":{"t":[0,0]}},{"k":[3,1,0,26,0],"v":{"t":[0,0]}},{"k":[4,1,0,25,0],"v":{"t":[0,0]}},{"k":[5,1,0,24,0],"v":{"t":[0,0]}},{"k":[6,1,0,23,0],"v":{"t":[0,0]}},{"k":[7,1,0,22,0],"v":{"t":[0,0]}},{"k":[0,2,0,28,0],"v":{"t":[0,0]}},{"k":[0,1,0,29,0],"v":{"t":[0,0]}},{"k":[1,1,0,27,0],"v":{"t":[0,0]}},{"k":[2,1,0,26,0],"v":{"t":[0,0]}},{"k":[3,1,0,25,0],"v":{"t":[0,0]}},{"k":[4,1,0,24,0],"v":{"t":[0,0]}},{"k":[5,1,0,23,0],"v":{"t":[0,0]}},{"k":[6,1,0,22,0],"v":{"t":[0,0]}},{"k":[0,2,0,27,0],"v":{"t":[0,0]}},{"k":[0,1,0,28,0],"v":{"t":[0,0]}},{"k":[2,2,0,25,0],"v":{"t":[0,0]}},{"k":[1,2,0,26,0],"v":{"t":[0,0]}},{"k":[1,1,0,26,0],"v":{"t":[0,0]}},{"k":[2,1,0,25,0],"v":{"t":[0,0]}},{"k":[3,1,0,24,0],"v":{"t":[0,0]}},{"k":[4,1,0,23,0],"v":{"t":[0,0]}},{"k":[5,1,0,22,0],"v":{"t":[0,0]}},{"k":[6,1,0,21,0],"v":{"t":[0,0]}},{"k":[0,2,0,26,0],"v":{"t":[0,0]}},{"k":[0,1,0,27,0],"v":{"t":[0,0]}},{"k":[1,2,0,25,0],"v":{"t":[0,0]}},{"k":[1,3,0,24,0],"v":{"t":[0,0]}},{"k":[2,2,0,24,0],"v":{"t":[0,0]}},{"k":[0,3,0,25,0],"v":{"t":[0,0]}},{"k":[1,1,0,25,0],"v":{"t":[0,0]}},{"k":[2,1,0,24,0],"v":{"t":[0,0]}},{"k":[3,1,0,23,0],"v":{"t":[0,0]}},{"k":[4,1,0,22,0],"v":{"t":[0,0]}},{"k":[5,1,0,21,0],"v":{"t":[0,0]}},{"k":[0,2,0,25,0],"v":{"t":[0,0]}},{"k":[0,1,0,26,0],"v":{"t":[0,0]}},{"k":[1,2,0,24,0],"v":{"t":[0,0]}},{"k":[1,3,0,23,0],"v":{"t":[0,0]}},{"k":[0,3,0,24,0],"v":{"t":[0,0]}},{"k":[2,2,0,23,0],"v":{"t":[0,0]}},{"k":[1,1,0,24,0],"v":{"t":[0,0]}},{"k":[2,1,0,23,0],"v":{"t":[0,0]}},{"k":[3,1,0,22,0],"v":{"t":[0,0]}},{"k":[4,1,0,21,0],"v":{"t":[0,0]}},{"k":[5,1,0,20,0],"v":{"t":[0,0]}},{"k":[0,2,0,24,0],"v":{"t":[0,0]}},{"k":[0,1,0,25,0],"v":{"t":[0,0]}},{"k":[1,2,0,23,0],"v":{"t":[0,0]}},{"k":[0,3,0,23,0],"v":{"t":[0,0]}},{"k":[1,1,0,23,0],"v":{"t":[0,0]}},{"k":[2,1,0,22,0],"v":{"t":[0,0]}},{"k":[3,1,0,21,0],"v":{"t":[0,0]}},{"k":[4,1,0,20,0],"v":{"t":[0,0]}},{"k":[0,2,0,23,0],"v":{"t":[0,0]}},{"k":[0,1,0,24,0],"v":{"t":[0,0]}},{"k":[1,2,0,22,0],"v":{"t":[0,0]}},{"k":[9,1,0,30,0],"v":{"t":[0,0]}},{"k":[10,1,0,29,0],"v":{"t":[0,0]}},{"k":[11,1,0,28,0],"v":{"t":[0,0]}},{"k":[12,1,0,27,0],"v":{"t":[0,0]}},{"k":[13,1,0,26,0],"v":{"t":[0,0]}},{"k":[14,1,0,25,0],"v":{"t":[0,0]}},{"k":[15,1,0,24,0],"v":{"t":[0,0]}},{"k":[8,1,0,31,0],"v":{"t":[0,0]}},{"k":[8,1,0,30,0],"v":{"t":[0,0]}},{"k":[9,1,0,29,0],"v":{"t":[0,0]}},{"k":[10,1,0,28,0],"v":{"t":[0,0]}},{"k":[11,1,0,27,0],"v":{"t":[0,0]}},{"k":[12,1,0,26,0],"v":{"t":[0,0]}},{"k":[13,1,0,25,0],"v":{"t":[0,0]}},{"k":[14,1,0,24,0],"v":{"t":[0,0]}},{"k":[15,1,0,23,0],"v":{"t":[0,0]}},{"k":[7,1,0,31,0],"v":{"t":[0,0]}},{"k":[7,1,0,30,0],"v":{"t":[0,0]}},{"k":[8,1,0,29,0],"v":{"t":[0,0]}},{"k":[9,1,0,28,0],"v":{"t":[0,0]}},{"k":[10,1,0,27,0],"v":{"t":[0,0]}},{"k":[11,1,0,26,0],"v":{"t":[0,0]}},{"k":[12,1,0,25,0],"v":{"t":[0,0]}},{"k":[13,1,0,24,0],"v":{"t":[0,0]}},{"k":[14,1,0,23,0],"v":{"t":[0,0]}},{"k":[15,1,0,22,0],"v":{"t":[0,0]}},{"k":[6,1,0,31,0],"v":{"t":[0,0]}},{"k":[6,1,0,30,0],"v":{"t":[0,0]}},{"k":[7,1,0,29,0],"v":{"t":[0,0]}},{"k":[8,1,0,28,0],"v":{"t":[0,0]}},{"k":[9,1,0,27,0],"v":{"t":[0,0]}},{"k":[10,1,0,26,0],"v":{"t":[0,0]}},{"k":[11,1,0,25,0],"v":{"t":[0,0]}},{"k":[12,1,0,24,0],"v":{"t":[0,0]}},{"k":[13,1,0,23,0],"v":{"t":[0,0]}},{"k":[14,1,0,22,0],"v":{"t":[0,0]}},{"k":[15,1,0,21,0],"v":{"t":[0,0]}},{"k":[5,1,0,31,0],"v":{"t":[0,0]}},{"k":[4,1,0,31,0],"v":{"t":[0,0]}},{"k":[5,1,0,30,0],"v":{"t":[0,0]}},{"k":[6,1,0,29,0],"v":{"t":[0,0]}},{"k":[7,1,0,28,0],"v":{"t":[0,0]}},{"k":[8,1,0,27,0],"v":{"t":[0,0]}},{"k":[9,1,0,26,0],"v":{"t":[0,0]}},{"k":[10,1,0,25,0],"v":{"t":[0,0]}},{"k":[11,1,0,24,0],"v":{"t":[0,0]}},{"k":[12,1,0,23,0],"v":{"t":[0,0]}},{"k":[13,1,0,22,0],"v":{"t":[0,0]}},{"k":[14,1,0,21,0],"v":{"t":[0,0]}},{"k":[15,1,0,20,0],"v":{"t":[0,0]}},{"k":[3,1,0,31,0],"v":{"t":[0,0]}},{"k":[4,1,0,30,0],"v":{"t":[0,0]}},{"k":[5,1,0,29,0],"v":{"t":[0,0]}},{"k":[6,1,0,28,0],"v":{"t":[0,0]}},{"k":[7,1,0,27,0],"v":{"t":[0,0]}},{"k":[8,1,0,26,0],"v":{"t":[0,0]}},{"k":[9,1,0,25,0],"v":{"t":[0,0]}},{"k":[10,1,0,24,0],"v":{"t":[0,0]}},{"k":[11,1,0,23,0],"v":{"t":[0,0]}},{"k":[12,1,0,22,0],"v":{"t":[0,0]}},{"k":[13,1,0,21,0],"v":{"t":[0,0]}},{"k":[14,1,0,20,0],"v":{"t":[0,0]}},{"k":[15,1,0,19,0],"v":{"t":[0,0]}}]},"moun":{"a":[{"k":[0,1,0,25,0],"v":{"b":true,"r":true,"sid":1,"t":true}},{"k":[0,0,0,26,0],"v":{"b":true,"sid":1,"t":true}},{"k":[1,1,0,24,0],"v":{"b":true,"l":true,"r":true,"sid":1,"t":true}},{"k":[1,2,0,23,0],"v":{"b":true,"l":true,"sid":1}},{"k":[0,2,0,24,0],"v":{"b":true,"r":true,"sid":1,"t":true}},{"k":[2,1,0,23,0],"v":{"b":true,"l":true,"sid":1}},{"k":[9,1,0,16,0],"v":{"hp":31.25,"hs":0,"l":true,"sid":6,"t":true}},{"k":[0,1,0,24,0],"v":{"b":true,"r":true,"sid":1,"t":true}},{"k":[0,0,0,25,0],"v":{"b":true,"sid":1,"t":true}},{"k":[1,1,0,23,0],"v":{"b":true,"l":true,"r":true,"sid":1,"t":true}},{"k":[0,2,0,23,0],"v":{"b":true,"r":true,"sid":1}},{"k":[8,1,0,16,0],"v":{"hp":31.25,"hs":0,"l":true,"r":true,"sid":6}},{"k":[1,1,0,31,0],"v":{"l":true,"sid":1}},{"k":[0,0,0,16,0],"v":{"b":true,"sid":1,"t":true}},{"k":[0,1,0,23,0],"v":{"b":true,"r":true,"sid":1,"t":true}},{"k":[0,0,0,24,0],"v":{"b":true,"sid":1,"t":true}},{"k":[1,1,0,22,0],"v":{"b":true,"l":true,"sid":1}},{"k":[7,1,0,16,0],"v":{"hp":31.25,"hs":0,"r":true,"sid":6,"t":true}},{"k":[0,1,0,22,0],"v":{"b":true,"r":true,"sid":1,"t":true}},{"k":[0,0,0,23,0],"v":{"b":true,"sid":1,"t":true}},{"k":[0,1,0,21,0],"v":{"b":true,"sid":1,"t":true}},{"k":[0,0,0,22,0],"v":{"b":true,"sid":1,"t":true}},{"k":[0,1,0,31,0],"v":{"b":true,"r":true,"sid":1,"t":true}},{"k":[0,1,0,20,0],"v":{"b":true,"sid":1,"t":true}},{"k":[0,0,0,21,0],"v":{"b":true,"sid":1,"t":true}},{"k":[0,1,0,30,0],"v":{"b":true,"sid":1,"t":true}},{"k":[0,0,0,31,0],"v":{"b":true,"sid":1,"t":true}},{"k":[0,1,0,19,0],"v":{"b":true,"sid":1,"t":true}},{"k":[0,0,0,20,0],"v":{"b":true,"sid":1,"t":true}},{"k":[0,1,0,29,0],"v":{"b":true,"sid":1,"t":true}},{"k":[0,0,0,30,0],"v":{"b":true,"sid":1,"t":true}},{"k":[0,1,0,18,0],"v":{"b":true,"sid":1,"t":true}},{"k":[0,0,0,19,0],"v":{"b":true,"sid":1,"t":true}},{"k":[0,1,0,28,0],"v":{"b":true,"sid":1,"t":true}},{"k":[0,0,0,29,0],"v":{"b":true,"sid":1,"t":true}},{"k":[0,1,0,17,0],"v":{"b":true,"sid":1,"t":true}},{"k":[0,0,0,18,0],"v":{"b":true,"sid":1,"t":true}},{"k":[0,1,0,27,0],"v":{"b":true,"sid":1,"t":true}},{"k":[0,0,0,28,0],"v":{"b":true,"sid":1,"t":true}},{"k":[2,1,0,25,0],"v":{"l":true,"sid":1,"t":true}},{"k":[1,1,0,26,0],"v":{"l":true,"sid":1,"t":true}},{"k":[0,1,0,16,0],"v":{"b":true,"sid":1,"t":true}},{"k":[0,0,0,17,0],"v":{"b":true,"sid":1,"t":true}},{"k":[0,1,0,26,0],"v":{"b":true,"r":true,"sid":1,"t":true}},{"k":[0,0,0,27,0],"v":{"b":true,"sid":1,"t":true}},{"k":[1,1,0,25,0],"v":{"b":true,"l":true,"r":true,"sid":1,"t":true}},{"k":[1,2,0,24,0],"v":{"l":true,"sid":1,"t":true}},{"k":[2,1,0,24,0],"v":{"b":true,"l":true,"sid":1,"t":true}},{"k":[0,2,0,25,0],"v":{"sid":1,"t":true}}],"o":[]},"objs":{"list":[{"k":[13,1,0,31,0],"v":{"events":[{"id":1,"name":"Hero action","p":[],"r":{"1":{"bh":true,"c":[{"command":[8,"",-1,0,0,1,"Porta trancada"],"kind":1}]}},"sys":false}],"hId":-1,"id":5,"name":"OBJ0004","ooepf":false,"states":[{"cam":true,"climb":false,"dir":false,"gid":-1,"gk":0,"id":1,"move":true,"name":"Estado 1","pix":true,"pos":false,"stop":false,"sx":{"k":12,"v":1},"sy":{"k":12,"v":1},"sz":{"k":12,"v":1},"through":false,"x":0,"y":0}]}},{"k":[12,1,0,31,0],"v":{"events":[{"id":1,"name":"Hero action","p":[],"r":{"1":{"bh":true,"c":[{"command":[8,"",-1,0,0,1,"Porta trancada"],"kind":1}]}},"sys":false}],"hId":-1,"id":4,"name":"OBJ0004","ooepf":false,"states":[{"cam":true,"climb":false,"dir":false,"gid":-1,"gk":0,"id":1,"move":true,"name":"Estado 1","pix":true,"pos":false,"stop":false,"sx":{"k":12,"v":1},"sy":{"k":12,"v":1},"sz":{"k":12,"v":1},"through":false,"x":0,"y":0}]}},{"k":[11,1,0,31,0],"v":{"events":[{"id":1,"name":"Hero action","p":[],"r":{"1":{"bh":true,"c":[{"command":[8,"",-1,0,0,1,"Porta trancada"],"kind":1}]}},"sys":false}],"hId":-1,"id":6,"name":"OBJ0004","ooepf":false,"states":[{"cam":true,"climb":false,"dir":false,"gid":-1,"gk":0,"id":1,"move":true,"name":"Estado 1","pix":true,"pos":false,"stop":false,"sx":{"k":12,"v":1},"sy":{"k":12,"v":1},"sz":{"k":12,"v":1},"through":false,"x":0,"y":0}]}}]},"objs3d":{"a":[{"k":[10,1,0,31,0,50,50,90],"v":{"did":18}},{"k":[13,1,0,30,0],"v":{"did":40}},{"k":[8,1,0,19,0],"v":{"did":65}},{"k":[10,1,0,30,0],"v":{"did":20}}],"o":[[16,1,0,30,0],[16,1,0,29,0],[10,1,0,32,0],[4,1,0,15,0,50,50,90]]},"sprites":{"list":[{"k":[7,1,0,30,0],"v":{"k":4,"t":[4,1,1,1]}},{"k":[14,1,0,22,0],"v":{"k":4,"t":[0,4,2,3]}},{"k":[9,1,0,27,0],"v":{"k":4,"t":[6,6,1,1]}},{"k":[6,1,0,29,0],"v":{"k":4,"t":[7,8,1,1]}},{"k":[4,1,0,30,0],"v":{"k":4,"t":[7,7,1,1]}},{"k":[12,1,0,22,0],"v":{"k":4,"t":[6,6,1,1]}},{"k":[2,1,0,31,0],"v":{"k":4,"t":[4,1,1,1]}},{"k":[15,1,0,18,0],"v":{"k":4,"t":[6,6,1,1]}},{"k":[6,1,0,25,0],"v":{"k":4,"t":[0,4,2,3]}},{"k":[8,1,0,23,0],"v":{"k":4,"t":[6,6,1,1]}},{"k":[3,1,0,27,0],"v":{"k":4,"t":[2,4,1,1]}},{"k":[1,1,0,28,0],"v":{"k":4,"t":[0,4,2,3]}},{"k":[2,1,0,18,0],"v":{"k":4,"t":[0,4,2,3]}},{"k":[0,1,0,19,0],"v":{"k":4,"t":[6,6,1,1]}},{"k":[1,1,0,24,0],"v":{"k":4,"t":[6,6,1,1]}},{"k":[2,1,0,22,0],"v":{"k":4,"t":[7,8,1,1]}},{"k":[4,1,0,20,0],"v":{"k":4,"t":[6,6,1,1]}}],"overflow":[],"walls":[]}}