{"lands":{"autotiles":[{"k":[0,0,0,0,0],"v":{"id":2,"t":[0,0],"tid":225}},{"k":[7,0,0,1,0],"v":{"id":2,"t":[0,0],"tid":318}},{"k":[8,0,0,0,0],"v":{"id":2,"t":[0,0],"tid":471}},{"k":[6,0,0,2,0],"v":{"id":2,"t":[0,0],"tid":318}},{"k":[5,0,0,3,0],"v":{"id":2,"t":[0,0],"tid":318}},{"k":[4,0,0,4,0],"v":{"id":2,"t":[0,0],"tid":308}},{"k":[6,0,0,1,0],"v":{"id":2,"t":[0,0],"tid":318}},{"k":[7,0,0,0,0],"v":{"id":2,"t":[0,0],"tid":471}},{"k":[5,0,0,2,0],"v":{"id":2,"t":[0,0],"tid":318}},{"k":[4,0,0,3,0],"v":{"id":2,"t":[0,0],"tid":318}},{"k":[3,0,0,4,0],"v":{"id":2,"t":[0,0],"tid":324}},{"k":[5,0,0,1,0],"v":{"id":2,"t":[0,0],"tid":318}},{"k":[6,0,0,0,0],"v":{"id":2,"t":[0,0],"tid":471}},{"k":[4,0,0,2,0],"v":{"id":2,"t":[0,0],"tid":318}},{"k":[3,0,0,3,0],"v":{"id":2,"t":[0,0],"tid":318}},{"k":[2,0,0,4,0],"v":{"id":2,"t":[0,0],"tid":570}},{"k":[4,0,0,1,0],"v":{"id":2,"t":[0,0],"tid":318}},{"k":[5,0,0,0,0],"v":{"id":2,"t":[0,0],"tid":471}},{"k":[3,0,0,2,0],"v":{"id":2,"t":[0,0],"tid":318}},{"k":[2,0,0,3,0],"v":{"id":2,"t":[0,0],"tid":308}},{"k":[3,0,0,1,0],"v":{"id":2,"t":[0,0],"tid":318}},{"k":[4,0,0,0,0],"v":{"id":2,"t":[0,0],"tid":471}},{"k":[2,0,0,2,0],"v":{"id":2,"t":[0,0],"tid":318}},{"k":[1,0,0,3,0],"v":{"id":2,"t":[0,0],"tid":570}},{"k":[2,0,0,1,0],"v":{"id":2,"t":[0,0],"tid":318}},{"k":[3,0,0,0,0],"v":{"id":2,"t":[0,0],"tid":471}},{"k":[1,0,0,2,0],"v":{"id":2,"t":[0,0],"tid":308}},{"k":[1,0,0,1,0],"v":{"id":2,"t":[0,0],"tid":318}},{"k":[2,0,0,0,0],"v":{"id":2,"t":[0,0],"tid":471}},{"k":[0,0,0,2,0],"v":{"id":2,"t":[0,0],"tid":570}},{"k":[0,0,0,1,0],"v":{"id":2,"t":[0,0],"tid":584}},{"k":[1,0,0,0,0],"v":{"id":2,"t":[0,0],"tid":471}},{"k":[15,0,0,1,0],"v":{"id":2,"t":[0,0],"tid":318}},{"k":[14,0,0,2,0],"v":{"id":2,"t":[0,0],"tid":318}},{"k":[13,0,0,3,0],"v":{"id":2,"t":[0,0],"tid":318}},{"k":[12,0,0,4,0],"v":{"id":2,"t":[0,0],"tid":316}},{"k":[11,0,0,5,0],"v":{"id":2,"t":[0,0],"tid":316}},{"k":[10,0,0,6,0],"v":{"id":2,"t":[0,0],"tid":324}},{"k":[14,0,0,1,0],"v":{"id":2,"t":[0,0],"tid":318}},{"k":[15,0,0,0,0],"v":{"id":2,"t":[0,0],"tid":471}},{"k":[10,0,0,5,0],"v":{"id":2,"t":[0,0],"tid":318}},{"k":[13,0,0,2,0],"v":{"id":2,"t":[0,0],"tid":318}},{"k":[11,0,0,4,0],"v":{"id":2,"t":[0,0],"tid":318}},{"k":[12,0,0,3,0],"v":{"id":2,"t":[0,0],"tid":318}},{"k":[9,0,0,6,0],"v":{"id":2,"t":[0,0],"tid":324}},{"k":[13,0,0,1,0],"v":{"id":2,"t":[0,0],"tid":318}},{"k":[14,0,0,0,0],"v":{"id":2,"t":[0,0],"tid":471}},{"k":[9,0,0,5,0],"v":{"id":2,"t":[0,0],"tid":318}},{"k":[10,0,0,4,0],"v":{"id":2,"t":[0,0],"tid":318}},{"k":[12,0,0,2,0],"v":{"id":2,"t":[0,0],"tid":318}},{"k":[11,0,0,3,0],"v":{"id":2,"t":[0,0],"tid":318}},{"k":[8,0,0,6,0],"v":{"id":2,"t":[0,0],"tid":324}},{"k":[12,0,0,1,0],"v":{"id":2,"t":[0,0],"tid":318}},{"k":[13,0,0,0,0],"v":{"id":2,"t":[0,0],"tid":471}},{"k":[8,0,0,5,0],"v":{"id":2,"t":[0,0],"tid":318}},{"k":[9,0,0,4,0],"v":{"id":2,"t":[0,0],"tid":318}},{"k":[10,0,0,3,0],"v":{"id":2,"t":[0,0],"tid":318}},{"k":[11,0,0,2,0],"v":{"id":2,"t":[0,0],"tid":318}},{"k":[7,0,0,6,0],"v":{"id":2,"t":[0,0],"tid":570}},{"k":[12,0,0,0,0],"v":{"id":2,"t":[0,0],"tid":471}},{"k":[10,0,0,2,0],"v":{"id":2,"t":[0,0],"tid":318}},{"k":[9,0,0,3,0],"v":{"id":2,"t":[0,0],"tid":318}},{"k":[8,0,0,4,0],"v":{"id":2,"t":[0,0],"tid":318}},{"k":[11,0,0,1,0],"v":{"id":2,"t":[0,0],"tid":318}},{"k":[7,0,0,5,0],"v":{"id":2,"t":[0,0],"tid":308}},{"k":[10,0,0,1,0],"v":{"id":2,"t":[0,0],"tid":318}},{"k":[11,0,0,0,0],"v":{"id":2,"t":[0,0],"tid":471}},{"k":[9,0,0,2,0],"v":{"id":2,"t":[0,0],"tid":318}},{"k":[8,0,0,3,0],"v":{"id":2,"t":[0,0],"tid":318}},{"k":[7,0,0,4,0],"v":{"id":2,"t":[0,0],"tid":318}},{"k":[6,0,0,5,0],"v":{"id":2,"t":[0,0],"tid":324}},{"k":[9,0,0,1,0],"v":{"id":2,"t":[0,0],"tid":318}},{"k":[10,0,0,0,0],"v":{"id":2,"t":[0,0],"tid":471}},{"k":[8,0,0,2,0],"v":{"id":2,"t":[0,0],"tid":318}},{"k":[7,0,0,3,0],"v":{"id":2,"t":[0,0],"tid":318}},{"k":[6,0,0,4,0],"v":{"id":2,"t":[0,0],"tid":318}},{"k":[5,0,0,5,0],"v":{"id":2,"t":[0,0],"tid":324}},{"k":[8,0,0,1,0],"v":{"id":2,"t":[0,0],"tid":318}},{"k":[9,0,0,0,0],"v":{"id":2,"t":[0,0],"tid":471}},{"k":[7,0,0,2,0],"v":{"id":2,"t":[0,0],"tid":318}},{"k":[6,0,0,3,0],"v":{"id":2,"t":[0,0],"tid":318}},{"k":[5,0,0,4,0],"v":{"id":2,"t":[0,0],"tid":318}},{"k":[4,0,0,5,0],"v":{"id":2,"t":[0,0],"tid":570}},{"k":[8,1,0,15,0],"v":{"id":1,"t":[2,1],"tid":318}},{"k":[9,1,0,14,0],"v":{"id":1,"t":[2,1],"tid":318}},{"k":[11,1,0,12,0],"v":{"id":1,"t":[2,1],"tid":268}},{"k":[10,1,0,13,0],"v":{"id":1,"t":[2,1],"tid":318}},{"k":[7,1,0,15,0],"v":{"id":1,"t":[2,1],"tid":318}},{"k":[8,1,0,14,0],"v":{"id":1,"t":[2,1],"tid":318}},{"k":[11,1,0,11,0],"v":{"id":1,"t":[2,1],"tid":423}},{"k":[9,1,0,13,0],"v":{"id":1,"t":[2,1],"tid":318}},{"k":[10,1,0,12,0],"v":{"id":1,"t":[2,1],"tid":318}},{"k":[7,1,0,14,0],"v":{"id":1,"t":[2,1],"tid":318}},{"k":[8,1,0,13,0],"v":{"id":1,"t":[2,1],"tid":318}},{"k":[10,1,0,11,0],"v":{"id":1,"t":[2,1],"tid":268}},{"k":[6,1,0,15,0],"v":{"id":1,"t":[2,1],"tid":318}},{"k":[9,1,0,12,0],"v":{"id":1,"t":[2,1],"tid":318}},{"k":[10,1,0,10,0],"v":{"id":1,"t":[2,1],"tid":423}},{"k":[5,1,0,15,0],"v":{"id":1,"t":[2,1],"tid":318}},{"k":[6,1,0,14,0],"v":{"id":1,"t":[2,1],"tid":318}},{"k":[7,1,0,13,0],"v":{"id":1,"t":[2,1],"tid":318}},{"k":[8,1,0,12,0],"v":{"id":1,"t":[2,1],"tid":318}},{"k":[9,1,0,11,0],"v":{"id":1,"t":[2,1],"tid":318}},{"k":[4,1,0,15,0],"v":{"id":1,"t":[2,1],"tid":318}},{"k":[9,1,0,10,0],"v":{"id":1,"t":[2,1],"tid":268}},{"k":[5,1,0,14,0],"v":{"id":1,"t":[2,1],"tid":318}},{"k":[6,1,0,13,0],"v":{"id":1,"t":[2,1],"tid":318}},{"k":[7,1,0,12,0],"v":{"id":1,"t":[2,1],"tid":318}},{"k":[8,1,0,11,0],"v":{"id":1,"t":[2,1],"tid":318}},{"k":[3,1,0,15,0],"v":{"id":1,"t":[2,1],"tid":584}},{"k":[9,1,0,9,0],"v":{"id":1,"t":[2,1],"tid":423}},{"k":[8,1,0,10,0],"v":{"id":1,"t":[2,1],"tid":318}},{"k":[7,1,0,11,0],"v":{"id":1,"t":[2,1],"tid":318}},{"k":[4,1,0,14,0],"v":{"id":1,"t":[2,1],"tid":62}},{"k":[5,1,0,13,0],"v":{"id":1,"t":[2,1],"tid":318}},{"k":[6,1,0,12,0],"v":{"id":1,"t":[2,1],"tid":318}},{"k":[15,0,0,4,0],"v":{"id":2,"t":[0,0],"tid":372}},{"k":[3,1,0,14,0],"v":{"id":1,"t":[2,1],"tid":225}},{"k":[8,1,0,9,0],"v":{"id":1,"t":[2,1],"tid":471}},{"k":[7,1,0,10,0],"v":{"id":1,"t":[2,1],"tid":62}},{"k":[6,1,0,11,0],"v":{"id":1,"t":[2,1],"tid":62}},{"k":[5,1,0,12,0],"v":{"id":1,"t":[2,1],"tid":62}},{"k":[4,1,0,13,0],"v":{"id":1,"t":[2,1],"tid":584}},{"k":[15,0,0,3,0],"v":{"id":2,"t":[0,0],"tid":316}},{"k":[14,0,0,4,0],"v":{"id":2,"t":[0,0],"tid":324}},{"k":[7,1,0,9,0],"v":{"id":1,"t":[2,1],"tid":225}},{"k":[6,1,0,10,0],"v":{"id":1,"t":[2,1],"tid":225}},{"k":[5,1,0,11,0],"v":{"id":1,"t":[2,1],"tid":225}},{"k":[4,1,0,12,0],"v":{"id":1,"t":[2,1],"tid":225}},{"k":[14,0,0,3,0],"v":{"id":2,"t":[0,0],"tid":318}},{"k":[15,0,0,2,0],"v":{"id":2,"t":[0,0],"tid":318}},{"k":[13,0,0,4,0],"v":{"id":2,"t":[0,0],"tid":324}},{"k":[12,0,0,5,0],"v":{"id":2,"t":[0,0],"tid":372}},{"k":[11,0,0,6,0],"v":{"id":2,"t":[0,0],"tid":372}},{"k":[15,1,0,15,0],"v":{"id":1,"t":[1,0],"tid":318}},{"k":[14,1,0,15,0],"v":{"id":1,"t":[1,0],"tid":584}},{"k":[15,1,0,14,0],"v":{"id":1,"t":[1,0],"tid":471}},{"k":[14,1,0,14,0],"v":{"id":1,"t":[1,0],"tid":225}},{"k":[13,1,0,15,0],"v":{"id":1,"t":[2,1],"tid":370}},{"k":[13,1,0,14,0],"v":{"id":1,"t":[2,1],"tid":423}},{"k":[12,1,0,15,0],"v":{"id":1,"t":[2,1],"tid":318}},{"k":[12,1,0,14,0],"v":{"id":1,"t":[2,1],"tid":268}},{"k":[11,1,0,15,0],"v":{"id":1,"t":[2,1],"tid":318}},{"k":[10,1,0,15,0],"v":{"id":1,"t":[2,1],"tid":318}},{"k":[12,1,0,13,0],"v":{"id":1,"t":[2,1],"tid":370}},{"k":[11,1,0,14,0],"v":{"id":1,"t":[2,1],"tid":318}},{"k":[9,1,0,15,0],"v":{"id":1,"t":[2,1],"tid":318}},{"k":[11,1,0,13,0],"v":{"id":1,"t":[2,1],"tid":318}},{"k":[12,1,0,12,0],"v":{"id":1,"t":[2,1],"tid":423}},{"k":[10,1,0,14,0],"v":{"id":1,"t":[2,1],"tid":318}}],"floors":[{"k":[9,1,31.25,15,0],"v":{"t":[1,1]}},{"k":[9,1,31.25,14,0],"v":{"t":[1,1]}},{"k":[8,1,31.25,15,0],"v":{"t":[1,1]}},{"k":[8,1,31.25,14,0],"v":{"t":[1,1]}},{"k":[7,1,31.25,15,0],"v":{"t":[1,1]}},{"k":[7,1,31.25,14,0],"v":{"t":[1,1]}},{"k":[1,1,0,6,0],"v":{"t":[0,0]}},{"k":[0,2,0,6,0],"v":{"t":[0,0]}},{"k":[6,2,0,0,0],"v":{"t":[0,0]}},{"k":[2,1,0,5,0],"v":{"t":[0,0]}},{"k":[0,1,0,7,0],"v":{"t":[0,0]}},{"k":[1,2,0,5,0],"v":{"t":[0,0]}},{"k":[1,1,0,5,0],"v":{"t":[0,0]}},{"k":[0,2,0,5,0],"v":{"t":[0,0]}},{"k":[5,2,0,0,0],"v":{"t":[0,0]}},{"k":[0,1,0,6,0],"v":{"t":[0,0]}},{"k":[4,2,0,0,0],"v":{"t":[0,0]}},{"k":[1,1,0,4,0],"v":{"t":[0,0]}},{"k":[0,1,0,5,0],"v":{"t":[0,0]}},{"k":[3,2,0,0,0],"v":{"t":[0,0]}},{"k":[0,1,0,4,0],"v":{"t":[0,0]}},{"k":[2,2,0,0,0],"v":{"t":[0,0]}},{"k":[0,1,0,3,0],"v":{"t":[0,0]}},{"k":[1,2,0,0,0],"v":{"t":[0,0]}},{"k":[0,2,0,0,0],"v":{"t":[0,0]}},{"k":[1,1,0,14,0],"v":{"t":[0,0]}},{"k":[4,1,0,11,0],"v":{"t":[0,0]}},{"k":[5,1,0,10,0],"v":{"t":[0,0]}},{"k":[6,1,0,9,0],"v":{"t":[0,0]}},{"k":[7,1,0,8,0],"v":{"t":[0,0]}},{"k":[3,1,0,12,0],"v":{"t":[0,0]}},{"k":[2,1,0,13,0],"v":{"t":[0,0]}},{"k":[0,2,0,14,0],"v":{"t":[0,0]}},{"k":[14,2,0,0,0],"v":{"t":[0,0]}},{"k":[8,1,0,7,0],"v":{"t":[0,0]}},{"k":[0,1,0,15,0],"v":{"t":[0,0]}},{"k":[1,2,0,13,0],"v":{"t":[0,0]}},{"k":[1,1,0,13,0],"v":{"t":[0,0]}},{"k":[3,1,0,11,0],"v":{"t":[0,0]}},{"k":[4,1,0,10,0],"v":{"t":[0,0]}},{"k":[5,1,0,9,0],"v":{"t":[0,0]}},{"k":[6,1,0,8,0],"v":{"t":[0,0]}},{"k":[2,1,0,12,0],"v":{"t":[0,0]}},{"k":[0,2,0,13,0],"v":{"t":[0,0]}},{"k":[13,2,0,0,0],"v":{"t":[0,0]}},{"k":[7,1,0,7,0],"v":{"t":[0,0]}},{"k":[0,1,0,14,0],"v":{"t":[0,0]}},{"k":[1,1,0,12,0],"v":{"t":[0,0]}},{"k":[2,1,0,11,0],"v":{"t":[0,0]}},{"k":[3,1,0,10,0],"v":{"t":[0,0]}},{"k":[4,1,0,9,0],"v":{"t":[0,0]}},{"k":[5,1,0,8,0],"v":{"t":[0,0]}},{"k":[6,1,0,7,0],"v":{"t":[0,0]}},{"k":[0,2,0,12,0],"v":{"t":[0,0]}},{"k":[12,2,0,0,0],"v":{"t":[0,0]}},{"k":[0,1,0,13,0],"v":{"t":[0,0]}},{"k":[1,1,0,11,0],"v":{"t":[0,0]}},{"k":[2,1,0,10,0],"v":{"t":[0,0]}},{"k":[3,1,0,9,0],"v":{"t":[0,0]}},{"k":[4,1,0,8,0],"v":{"t":[0,0]}},{"k":[5,1,0,7,0],"v":{"t":[0,0]}},{"k":[0,2,0,11,0],"v":{"t":[0,0]}},{"k":[11,2,0,0,0],"v":{"t":[0,0]}},{"k":[6,1,0,6,0],"v":{"t":[0,0]}},{"k":[0,1,0,12,0],"v":{"t":[0,0]}},{"k":[1,1,0,10,0],"v":{"t":[0,0]}},{"k":[2,1,0,9,0],"v":{"t":[0,0]}},{"k":[3,1,0,8,0],"v":{"t":[0,0]}},{"k":[4,1,0,7,0],"v":{"t":[0,0]}},{"k":[0,2,0,10,0],"v":{"t":[0,0]}},{"k":[10,2,0,0,0],"v":{"t":[0,0]}},{"k":[5,1,0,6,0],"v":{"t":[0,0]}},{"k":[0,1,0,11,0],"v":{"t":[0,0]}},{"k":[1,2,0,9,0],"v":{"t":[0,0]}},{"k":[1,1,0,9,0],"v":{"t":[0,0]}},{"k":[2,1,0,8,0],"v":{"t":[0,0]}},{"k":[3,1,0,7,0],"v":{"t":[0,0]}},{"k":[0,2,0,9,0],"v":{"t":[0,0]}},{"k":[9,2,0,0,0],"v":{"t":[0,0]}},{"k":[4,1,0,6,0],"v":{"t":[0,0]}},{"k":[0,1,0,10,0],"v":{"t":[0,0]}},{"k":[1,2,0,8,0],"v":{"t":[0,0]}},{"k":[0,3,0,8,0],"v":{"t":[0,0]}},{"k":[1,1,0,8,0],"v":{"t":[0,0]}},{"k":[2,1,0,7,0],"v":{"t":[0,0]}},{"k":[3,1,0,6,0],"v":{"t":[0,0]}},{"k":[0,2,0,8,0],"v":{"t":[0,0]}},{"k":[8,2,0,0,0],"v":{"t":[0,0]}},{"k":[4,1,0,5,0],"v":{"t":[0,0]}},{"k":[0,1,0,9,0],"v":{"t":[0,0]}},{"k":[1,2,0,7,0],"v":{"t":[0,0]}},{"k":[0,3,0,7,0],"v":{"t":[0,0]}},{"k":[1,1,0,7,0],"v":{"t":[0,0]}},{"k":[2,1,0,6,0],"v":{"t":[0,0]}},{"k":[0,2,0,7,0],"v":{"t":[0,0]}},{"k":[7,2,0,0,0],"v":{"t":[0,0]}},{"k":[3,1,0,5,0],"v":{"t":[0,0]}},{"k":[0,1,0,8,0],"v":{"t":[0,0]}},{"k":[1,2,0,6,0],"v":{"t":[0,0]}},{"k":[0,3,0,6,0],"v":{"t":[0,0]}},{"k":[12,1,0,11,0],"v":{"t":[0,0]}},{"k":[13,1,0,10,0],"v":{"t":[0,0]}},{"k":[14,1,0,9,0],"v":{"t":[0,0]}},{"k":[15,1,0,8,0],"v":{"t":[0,0]}},{"k":[12,1,0,10,0],"v":{"t":[0,0]}},{"k":[13,1,0,9,0],"v":{"t":[0,0]}},{"k":[14,1,0,8,0],"v":{"t":[0,0]}},{"k":[15,1,0,7,0],"v":{"t":[0,0]}},{"k":[11,1,0,10,0],"v":{"t":[0,0]}},{"k":[12,1,0,9,0],"v":{"t":[0,0]}},{"k":[13,1,0,8,0],"v":{"t":[0,0]}},{"k":[14,1,0,7,0],"v":{"t":[0,0]}},{"k":[15,1,0,6,0],"v":{"t":[0,0]}},{"k":[11,1,0,9,0],"v":{"t":[0,0]}},{"k":[12,1,0,8,0],"v":{"t":[0,0]}},{"k":[13,1,0,7,0],"v":{"t":[0,0]}},{"k":[14,1,0,6,0],"v":{"t":[0,0]}},{"k":[15,1,0,5,0],"v":{"t":[0,0]}},{"k":[11,1,0,8,0],"v":{"t":[0,0]}},{"k":[12,1,0,7,0],"v":{"t":[0,0]}},{"k":[13,1,0,6,0],"v":{"t":[0,0]}},{"k":[10,1,0,9,0],"v":{"t":[0,0]}},{"k":[14,1,0,5,0],"v":{"t":[0,0]}},{"k":[10,1,0,8,0],"v":{"t":[0,0]}},{"k":[11,1,0,7,0],"v":{"t":[0,0]}},{"k":[12,1,0,6,0],"v":{"t":[0,0]}},{"k":[13,1,0,5,0],"v":{"t":[0,0]}},{"k":[9,1,0,8,0],"v":{"t":[0,0]}},{"k":[2,1,0,15,0],"v":{"t":[0,0]}},{"k":[10,1,0,7,0],"v":{"t":[0,0]}},{"k":[1,2,0,15,0],"v":{"t":[0,0]}},{"k":[1,1,0,15,0],"v":{"t":[0,0]}},{"k":[8,1,0,8,0],"v":{"t":[0,0]}},{"k":[2,1,0,14,0],"v":{"t":[0,0]}},{"k":[3,1,0,13,0],"v":{"t":[0,0]}},{"k":[0,2,0,15,0],"v":{"t":[0,0]}},{"k":[15,2,0,0,0],"v":{"t":[0,0]}},{"k":[9,1,0,7,0],"v":{"t":[0,0]}},{"k":[1,2,0,14,0],"v":{"t":[0,0]}},{"k":[0,3,0,14,0],"v":{"t":[0,0]}},{"k":[15,1,0,13,0],"v":{"t":[0,0]}},{"k":[14,1,0,13,0],"v":{"t":[0,0]}},{"k":[15,1,0,12,0],"v":{"t":[0,0]}},{"k":[13,1,0,13,0],"v":{"t":[0,0]}},{"k":[14,1,0,12,0],"v":{"t":[0,0]}},{"k":[15,1,0,11,0],"v":{"t":[0,0]}},{"k":[13,1,0,12,0],"v":{"t":[0,0]}},{"k":[14,1,0,11,0],"v":{"t":[0,0]}},{"k":[15,1,0,10,0],"v":{"t":[0,0]}},{"k":[13,1,0,11,0],"v":{"t":[0,0]}},{"k":[14,1,0,10,0],"v":{"t":[0,0]}},{"k":[15,1,0,9,0],"v":{"t":[0,0]}}]},"moun":{"a":[{"k":[0,1,0,14,0],"v":{"b":true,"r":true,"sid":1,"t":true}},{"k":[15,0,0,0,0],"v":{"hs":2,"l":true,"r":true,"sid":1}},{"k":[8,0,0,7,0],"v":{"l":true,"r":true,"sid":1}},{"k":[0,0,0,15,0],"v":{"b":true,"sid":1,"t":true}},{"k":[1,1,0,13,0],"v":{"b":true,"l":true,"sid":1}},{"k":[0,1,0,13,0],"v":{"b":true,"r":true,"sid":1,"t":true}},{"k":[14,0,0,0,0],"v":{"hs":2,"l":true,"r":true,"sid":1}},{"k":[7,0,0,7,0],"v":{"r":true,"sid":1}},{"k":[0,0,0,14,0],"v":{"b":true,"sid":1,"t":true}},{"k":[0,1,0,12,0],"v":{"b":true,"sid":1,"t":true}},{"k":[13,0,0,0,0],"v":{"hs":2,"l":true,"r":true,"sid":1}},{"k":[0,0,0,13,0],"v":{"b":true,"sid":1,"t":true}},{"k":[0,1,0,11,0],"v":{"b":true,"sid":1,"t":true}},{"k":[12,0,0,0,0],"v":{"hs":2,"l":true,"r":true,"sid":1}},{"k":[6,0,0,6,0],"v":{"l":true,"sid":1}},{"k":[0,0,0,12,0],"v":{"b":true,"sid":1,"t":true}},{"k":[0,1,0,10,0],"v":{"b":true,"sid":1,"t":true}},{"k":[11,0,0,0,0],"v":{"hs":2,"l":true,"r":true,"sid":1}},{"k":[5,0,0,6,0],"v":{"l":true,"r":true,"sid":1}},{"k":[0,0,0,11,0],"v":{"b":true,"sid":1,"t":true}},{"k":[1,1,0,9,0],"v":{"l":true,"sid":1,"t":true}},{"k":[0,1,0,9,0],"v":{"b":true,"r":true,"sid":1,"t":true}},{"k":[10,0,0,0,0],"v":{"hs":2,"l":true,"r":true,"sid":1}},{"k":[4,0,0,6,0],"v":{"r":true,"sid":1,"t":true}},{"k":[0,0,0,10,0],"v":{"b":true,"sid":1,"t":true}},{"k":[1,1,0,8,0],"v":{"b":true,"l":true,"sid":1,"t":true}},{"k":[0,2,0,8,0],"v":{"sid":1,"t":true}},{"k":[0,1,0,8,0],"v":{"b":true,"r":true,"sid":1,"t":true}},{"k":[9,0,0,0,0],"v":{"hs":2,"l":true,"r":true,"sid":1}},{"k":[4,0,0,5,0],"v":{"b":true,"l":true,"sid":1}},{"k":[0,0,0,9,0],"v":{"b":true,"sid":1,"t":true}},{"k":[1,1,0,7,0],"v":{"b":true,"l":true,"sid":1,"t":true}},{"k":[0,2,0,7,0],"v":{"b":true,"sid":1,"t":true}},{"k":[9,1,0,14,0],"v":{"b":true,"hp":31.25,"hs":0,"l":true,"sid":6}},{"k":[8,1,0,15,0],"v":{"b":true,"hp":31.25,"hs":0,"l":true,"r":true,"sid":6,"t":true}},{"k":[8,1,0,14,0],"v":{"b":true,"hp":31.25,"hs":0,"l":true,"r":true,"sid":6}},{"k":[7,1,0,15,0],"v":{"b":true,"hp":31.25,"hs":0,"r":true,"sid":6,"t":true}},{"k":[7,1,0,14,0],"v":{"b":true,"hp":31.25,"hs":0,"r":true,"sid":6}},{"k":[15,0,0,5,0],"v":{"l":true,"sid":1}},{"k":[14,0,0,5,0],"v":{"l":true,"r":true,"sid":1}},{"k":[11,0,0,7,0],"v":{"l":true,"sid":1}},{"k":[12,0,0,6,0],"v":{"sid":1}},{"k":[13,0,0,5,0],"v":{"r":true,"sid":1}},{"k":[10,0,0,7,0],"v":{"l":true,"r":true,"sid":1}},{"k":[1,1,0,15,0],"v":{"l":true,"sid":1,"t":true}},{"k":[9,1,0,15,0],"v":{"b":true,"hp":31.25,"hs":0,"l":true,"sid":6,"t":true}},{"k":[0,0,0,0,0],"v":{"hs":2,"r":true,"sid":1}},{"k":[0,1,0,7,0],"v":{"b":true,"r":true,"sid":1,"t":true}},{"k":[8,0,0,0,0],"v":{"hs":2,"l":true,"r":true,"sid":1}},{"k":[3,0,0,5,0],"v":{"l":true,"r":true,"sid":1}},{"k":[0,0,0,8,0],"v":{"b":true,"sid":1,"t":true}},{"k":[1,1,0,6,0],"v":{"b":true,"l":true,"sid":1,"t":true}},{"k":[0,2,0,6,0],"v":{"b":true,"sid":1}},{"k":[0,1,0,6,0],"v":{"b":true,"r":true,"sid":1,"t":true}},{"k":[7,0,0,0,0],"v":{"hs":2,"l":true,"r":true,"sid":1}},{"k":[2,0,0,5,0],"v":{"r":true,"sid":1}},{"k":[0,0,0,7,0],"v":{"b":true,"sid":1,"t":true}},{"k":[1,1,0,5,0],"v":{"b":true,"l":true,"sid":1}},{"k":[0,1,0,5,0],"v":{"b":true,"r":true,"sid":1}},{"k":[6,0,0,0,0],"v":{"hs":2,"l":true,"r":true,"sid":1}},{"k":[0,0,0,6,0],"v":{"b":true,"sid":1,"t":true}},{"k":[5,0,0,0,0],"v":{"hs":2,"l":true,"r":true,"sid":1}},{"k":[1,0,0,4,0],"v":{"l":true,"sid":1}},{"k":[0,0,0,5,0],"v":{"b":true,"sid":1,"t":true}},{"k":[4,0,0,0,0],"v":{"hs":2,"l":true,"r":true,"sid":1}},{"k":[0,0,0,4,0],"v":{"b":true,"r":true,"sid":1,"t":true}},{"k":[3,0,0,0,0],"v":{"hs":2,"l":true,"r":true,"sid":1}},{"k":[0,0,0,3,0],"v":{"b":true,"sid":1}},{"k":[2,0,0,0,0],"v":{"hs":2,"l":true,"r":true,"sid":1}},{"k":[1,0,0,0,0],"v":{"hs":2,"l":true,"r":true,"sid":1}},{"k":[0,1,0,15,0],"v":{"b":true,"r":true,"sid":1,"t":true}},{"k":[9,0,0,7,0],"v":{"l":true,"r":true,"sid":1}},{"k":[1,1,0,14,0],"v":{"b":true,"l":true,"sid":1,"t":true}},{"k":[0,2,0,14,0],"v":{"sid":1}}],"o":[]},"objs":{"list":[]},"objs3d":{"a":[{"k":[4,1,0,15,0,50,50,90],"v":{"did":65}},{"k":[7,1,0,10,0],"v":{"did":65}}],"o":[]},"sprites":{"list":[{"k":[7,1,0,7,0],"v":{"k":4,"t":[0,4,2,3]}},{"k":[2,1,0,12,0],"v":{"k":4,"t":[6,6,1,1]}},{"k":[5,1,0,8,0],"v":{"k":4,"t":[6,6,1,1]}},{"k":[2,1,0,10,0],"v":{"k":4,"t":[0,4,2,3]}},{"k":[14,1,0,8,0],"v":{"k":4,"t":[0,4,2,3]}},{"k":[12,1,0,7,0],"v":{"k":4,"t":[6,6,1,1]}},{"k":[11,1,0,7,0],"v":{"k":4,"t":[7,8,1,1]}},{"k":[13,1,0,11,0],"v":{"k":4,"t":[6,6,1,1]}},{"k":[8,1,31.25,15,0],"v":{"k":4,"t":[0,7,2,3]}}],"overflow":[],"walls":[]}}