{"lands":{"autotiles":[],"floors":[{"k":[7,1,0,48,0],"v":{"t":[0,0]}},{"k":[6,1,0,49,0],"v":{"t":[0,0]}},{"k":[6,1,0,48,0],"v":{"t":[0,0]}},{"k":[5,1,0,49,0],"v":{"t":[0,0]}},{"k":[5,1,0,48,0],"v":{"t":[0,0]}},{"k":[4,1,0,49,0],"v":{"t":[0,0]}},{"k":[4,1,0,48,0],"v":{"t":[0,0]}},{"k":[3,1,0,49,0],"v":{"t":[0,0]}},{"k":[2,2,0,49,0],"v":{"t":[0,0]}},{"k":[1,3,0,49,0],"v":{"t":[0,0]}},{"k":[3,1,0,48,0],"v":{"t":[0,0]}},{"k":[2,1,0,49,0],"v":{"t":[0,0]}},{"k":[1,2,0,49,0],"v":{"t":[0,0]}},{"k":[0,3,0,49,0],"v":{"t":[0,0]}},{"k":[2,1,0,48,0],"v":{"t":[0,0]}},{"k":[1,1,0,49,0],"v":{"t":[0,0]}},{"k":[0,2,0,49,0],"v":{"t":[0,0]}},{"k":[1,2,0,48,0],"v":{"t":[0,0]}},{"k":[0,3,0,48,0],"v":{"t":[0,0]}},{"k":[1,1,0,48,0],"v":{"t":[0,0]}},{"k":[0,1,0,49,0],"v":{"t":[0,0]}},{"k":[0,2,0,48,0],"v":{"t":[0,0]}},{"k":[0,1,0,48,0],"v":{"t":[0,0]}},{"k":[15,1,0,48,0],"v":{"t":[0,0]}},{"k":[14,1,0,49,0],"v":{"t":[0,0]}},{"k":[14,1,0,48,0],"v":{"t":[0,0]}},{"k":[13,1,0,49,0],"v":{"t":[0,0]}},{"k":[13,1,0,48,0],"v":{"t":[0,0]}},{"k":[12,1,0,49,0],"v":{"t":[0,0]}},{"k":[12,1,0,48,0],"v":{"t":[0,0]}},{"k":[11,1,0,49,0],"v":{"t":[0,0]}},{"k":[11,1,0,48,0],"v":{"t":[0,0]}},{"k":[10,1,0,49,0],"v":{"t":[0,0]}},{"k":[10,1,0,48,0],"v":{"t":[0,0]}},{"k":[9,1,0,49,0],"v":{"t":[0,0]}},{"k":[9,1,0,48,0],"v":{"t":[0,0]}},{"k":[8,1,0,49,0],"v":{"t":[0,0]}},{"k":[8,1,0,48,0],"v":{"t":[0,0]}},{"k":[7,1,0,49,0],"v":{"t":[0,0]}},{"k":[15,1,0,49,0],"v":{"t":[0,0]}}]},"moun":{"a":[{"k":[0,0,0,48,0],"v":{"b":true,"sid":1,"t":true}},{"k":[7,0,0,49,0],"v":{"l":true,"r":true,"sid":1}},{"k":[6,0,0,49,0],"v":{"l":true,"r":true,"sid":1}},{"k":[5,0,0,49,0],"v":{"l":true,"r":true,"sid":1}},{"k":[4,0,0,49,0],"v":{"l":true,"r":true,"sid":1}},{"k":[3,0,0,49,0],"v":{"l":true,"r":true,"sid":1}},{"k":[2,1,0,49,0],"v":{"l":true,"sid":1}},{"k":[1,2,0,49,0],"v":{"l":true,"sid":1}},{"k":[2,0,0,49,0],"v":{"l":true,"r":true,"sid":1}},{"k":[1,1,0,49,0],"v":{"l":true,"r":true,"sid":1,"t":true}},{"k":[0,2,0,49,0],"v":{"r":true,"sid":1,"t":true}},{"k":[1,0,0,49,0],"v":{"l":true,"r":true,"sid":1}},{"k":[0,1,0,49,0],"v":{"r":true,"sid":1,"t":true}},{"k":[1,1,0,48,0],"v":{"b":true,"l":true,"sid":1}},{"k":[0,2,0,48,0],"v":{"b":true,"sid":1}},{"k":[0,0,0,49,0],"v":{"r":true,"sid":1,"t":true}},{"k":[0,1,0,48,0],"v":{"b":true,"r":true,"sid":1,"t":true}},{"k":[15,0,0,49,0],"v":{"l":true,"sid":1}},{"k":[14,0,0,49,0],"v":{"l":true,"r":true,"sid":1}},{"k":[13,0,0,49,0],"v":{"l":true,"r":true,"sid":1}},{"k":[12,0,0,49,0],"v":{"l":true,"r":true,"sid":1}},{"k":[11,0,0,49,0],"v":{"l":true,"r":true,"sid":1}},{"k":[10,0,0,49,0],"v":{"l":true,"r":true,"sid":1}},{"k":[9,0,0,49,0],"v":{"l":true,"r":true,"sid":1}},{"k":[8,0,0,49,0],"v":{"l":true,"r":true,"sid":1}}],"o":[]},"objs":{"list":[]},"objs3d":{"a":[],"o":[]},"sprites":{"list":[{"k":[3,1,0,48,0],"v":{"k":4,"t":[7,7,1,1]}},{"k":[14,1,0,49,0],"v":{"k":4,"t":[4,1,1,1]}},{"k":[13,1,0,48,0],"v":{"k":4,"t":[7,7,1,1]}},{"k":[8,1,0,48,0],"v":{"k":4,"t":[6,6,1,1]}}],"overflow":[],"walls":[]}}