{"lands":{"autotiles":[{"k":[2,1,0,45,0],"v":{"id":1,"t":[1,0],"tid":324}},{"k":[3,1,0,44,0],"v":{"id":1,"t":[1,0],"tid":471}},{"k":[14,1,0,33,0],"v":{"id":1,"t":[1,0],"tid":324}},{"k":[15,1,0,32,0],"v":{"id":1,"t":[1,0],"tid":318}},{"k":[1,1,0,45,0],"v":{"id":1,"t":[1,0],"tid":324}},{"k":[2,1,0,44,0],"v":{"id":1,"t":[1,0],"tid":471}},{"k":[13,1,0,33,0],"v":{"id":1,"t":[1,0],"tid":324}},{"k":[14,1,0,32,0],"v":{"id":1,"t":[1,0],"tid":318}},{"k":[1,1,0,44,0],"v":{"id":1,"t":[1,0],"tid":471}},{"k":[12,1,0,33,0],"v":{"id":1,"t":[1,0],"tid":324}},{"k":[13,1,0,32,0],"v":{"id":1,"t":[1,0],"tid":318}},{"k":[0,1,0,45,0],"v":{"id":1,"t":[1,0],"tid":570}},{"k":[11,1,0,33,0],"v":{"id":1,"t":[1,0],"tid":570}},{"k":[12,1,0,32,0],"v":{"id":1,"t":[1,0],"tid":318}},{"k":[0,1,0,44,0],"v":{"id":1,"t":[1,0],"tid":225}},{"k":[11,1,0,32,0],"v":{"id":1,"t":[1,0],"tid":584}},{"k":[10,1,0,45,0],"v":{"id":1,"t":[1,0],"tid":324}},{"k":[11,1,0,44,0],"v":{"id":1,"t":[1,0],"tid":471}},{"k":[9,1,0,45,0],"v":{"id":1,"t":[1,0],"tid":324}},{"k":[10,1,0,44,0],"v":{"id":1,"t":[1,0],"tid":471}},{"k":[8,1,0,45,0],"v":{"id":1,"t":[1,0],"tid":324}},{"k":[9,1,0,44,0],"v":{"id":1,"t":[1,0],"tid":471}},{"k":[7,1,0,45,0],"v":{"id":1,"t":[1,0],"tid":324}},{"k":[8,1,0,44,0],"v":{"id":1,"t":[1,0],"tid":471}},{"k":[6,1,0,45,0],"v":{"id":1,"t":[1,0],"tid":324}},{"k":[7,1,0,44,0],"v":{"id":1,"t":[1,0],"tid":471}},{"k":[5,1,0,45,0],"v":{"id":1,"t":[1,0],"tid":324}},{"k":[6,1,0,44,0],"v":{"id":1,"t":[1,0],"tid":471}},{"k":[4,1,0,45,0],"v":{"id":1,"t":[1,0],"tid":324}},{"k":[5,1,0,44,0],"v":{"id":1,"t":[1,0],"tid":471}},{"k":[3,1,0,45,0],"v":{"id":1,"t":[1,0],"tid":324}},{"k":[4,1,0,44,0],"v":{"id":1,"t":[1,0],"tid":471}},{"k":[15,1,0,33,0],"v":{"id":1,"t":[1,0],"tid":324}},{"k":[15,1,0,45,0],"v":{"id":1,"t":[1,0],"tid":324}},{"k":[14,1,0,45,0],"v":{"id":1,"t":[1,0],"tid":324}},{"k":[15,1,0,44,0],"v":{"id":1,"t":[1,0],"tid":471}},{"k":[13,1,0,45,0],"v":{"id":1,"t":[1,0],"tid":324}},{"k":[14,1,0,44,0],"v":{"id":1,"t":[1,0],"tid":471}},{"k":[12,1,0,45,0],"v":{"id":1,"t":[1,0],"tid":324}},{"k":[13,1,0,44,0],"v":{"id":1,"t":[1,0],"tid":471}},{"k":[11,1,0,45,0],"v":{"id":1,"t":[1,0],"tid":324}},{"k":[12,1,0,44,0],"v":{"id":1,"t":[1,0],"tid":471}}],"floors":[{"k":[1,1,0,32,0],"v":{"t":[0,0]}},{"k":[0,2,0,32,0],"v":{"t":[0,0]}},{"k":[0,1,0,33,0],"v":{"t":[0,0]}},{"k":[0,1,0,32,0],"v":{"t":[0,0]}},{"k":[1,1,0,46,0],"v":{"t":[0,0]}},{"k":[4,1,0,43,0],"v":{"t":[0,0]}},{"k":[5,1,0,42,0],"v":{"t":[0,0]}},{"k":[6,1,0,41,0],"v":{"t":[0,0]}},{"k":[7,1,0,40,0],"v":{"t":[0,0]}},{"k":[8,1,0,39,0],"v":{"t":[0,0]}},{"k":[9,1,0,38,0],"v":{"t":[0,0]}},{"k":[10,1,0,37,0],"v":{"t":[0,0]}},{"k":[11,1,0,36,0],"v":{"t":[0,0]}},{"k":[12,1,0,35,0],"v":{"t":[0,0]}},{"k":[13,1,0,34,0],"v":{"t":[0,0]}},{"k":[0,1,0,47,0],"v":{"t":[0,0]}},{"k":[0,2,0,46,0],"v":{"t":[0,0]}},{"k":[3,1,0,43,0],"v":{"t":[0,0]}},{"k":[4,1,0,42,0],"v":{"t":[0,0]}},{"k":[5,1,0,41,0],"v":{"t":[0,0]}},{"k":[6,1,0,40,0],"v":{"t":[0,0]}},{"k":[7,1,0,39,0],"v":{"t":[0,0]}},{"k":[8,1,0,38,0],"v":{"t":[0,0]}},{"k":[9,1,0,37,0],"v":{"t":[0,0]}},{"k":[10,1,0,36,0],"v":{"t":[0,0]}},{"k":[11,1,0,35,0],"v":{"t":[0,0]}},{"k":[12,1,0,34,0],"v":{"t":[0,0]}},{"k":[0,1,0,46,0],"v":{"t":[0,0]}},{"k":[2,1,0,43,0],"v":{"t":[0,0]}},{"k":[3,1,0,42,0],"v":{"t":[0,0]}},{"k":[4,1,0,41,0],"v":{"t":[0,0]}},{"k":[5,1,0,40,0],"v":{"t":[0,0]}},{"k":[6,1,0,39,0],"v":{"t":[0,0]}},{"k":[7,1,0,38,0],"v":{"t":[0,0]}},{"k":[8,1,0,37,0],"v":{"t":[0,0]}},{"k":[9,1,0,36,0],"v":{"t":[0,0]}},{"k":[10,1,0,35,0],"v":{"t":[0,0]}},{"k":[11,1,0,34,0],"v":{"t":[0,0]}},{"k":[1,1,0,43,0],"v":{"t":[0,0]}},{"k":[2,1,0,42,0],"v":{"t":[0,0]}},{"k":[3,1,0,41,0],"v":{"t":[0,0]}},{"k":[4,1,0,40,0],"v":{"t":[0,0]}},{"k":[5,1,0,39,0],"v":{"t":[0,0]}},{"k":[6,1,0,38,0],"v":{"t":[0,0]}},{"k":[7,1,0,37,0],"v":{"t":[0,0]}},{"k":[8,1,0,36,0],"v":{"t":[0,0]}},{"k":[9,1,0,35,0],"v":{"t":[0,0]}},{"k":[10,1,0,34,0],"v":{"t":[0,0]}},{"k":[0,2,0,43,0],"v":{"t":[0,0]}},{"k":[1,2,0,42,0],"v":{"t":[0,0]}},{"k":[0,3,0,42,0],"v":{"t":[0,0]}},{"k":[1,1,0,42,0],"v":{"t":[0,0]}},{"k":[2,1,0,41,0],"v":{"t":[0,0]}},{"k":[3,1,0,40,0],"v":{"t":[0,0]}},{"k":[4,1,0,39,0],"v":{"t":[0,0]}},{"k":[5,1,0,38,0],"v":{"t":[0,0]}},{"k":[6,1,0,37,0],"v":{"t":[0,0]}},{"k":[7,1,0,36,0],"v":{"t":[0,0]}},{"k":[8,1,0,35,0],"v":{"t":[0,0]}},{"k":[9,1,0,34,0],"v":{"t":[0,0]}},{"k":[10,1,0,33,0],"v":{"t":[0,0]}},{"k":[0,2,0,42,0],"v":{"t":[0,0]}},{"k":[0,1,0,43,0],"v":{"t":[0,0]}},{"k":[1,2,0,41,0],"v":{"t":[0,0]}},{"k":[0,3,0,41,0],"v":{"t":[0,0]}},{"k":[1,1,0,41,0],"v":{"t":[0,0]}},{"k":[2,1,0,40,0],"v":{"t":[0,0]}},{"k":[3,1,0,39,0],"v":{"t":[0,0]}},{"k":[4,1,0,38,0],"v":{"t":[0,0]}},{"k":[5,1,0,37,0],"v":{"t":[0,0]}},{"k":[6,1,0,36,0],"v":{"t":[0,0]}},{"k":[7,1,0,35,0],"v":{"t":[0,0]}},{"k":[8,1,0,34,0],"v":{"t":[0,0]}},{"k":[9,1,0,33,0],"v":{"t":[0,0]}},{"k":[10,1,0,32,0],"v":{"t":[0,0]}},{"k":[0,2,0,41,0],"v":{"t":[0,0]}},{"k":[0,1,0,42,0],"v":{"t":[0,0]}},{"k":[1,2,0,40,0],"v":{"t":[0,0]}},{"k":[0,3,0,40,0],"v":{"t":[0,0]}},{"k":[1,1,0,40,0],"v":{"t":[0,0]}},{"k":[2,1,0,39,0],"v":{"t":[0,0]}},{"k":[3,1,0,38,0],"v":{"t":[0,0]}},{"k":[4,1,0,37,0],"v":{"t":[0,0]}},{"k":[5,1,0,36,0],"v":{"t":[0,0]}},{"k":[6,1,0,35,0],"v":{"t":[0,0]}},{"k":[7,1,0,34,0],"v":{"t":[0,0]}},{"k":[8,1,0,33,0],"v":{"t":[0,0]}},{"k":[9,1,0,32,0],"v":{"t":[0,0]}},{"k":[0,2,0,40,0],"v":{"t":[0,0]}},{"k":[0,1,0,41,0],"v":{"t":[0,0]}},{"k":[1,2,0,39,0],"v":{"t":[0,0]}},{"k":[1,1,0,39,0],"v":{"t":[0,0]}},{"k":[2,1,0,38,0],"v":{"t":[0,0]}},{"k":[3,1,0,37,0],"v":{"t":[0,0]}},{"k":[4,1,0,36,0],"v":{"t":[0,0]}},{"k":[5,1,0,35,0],"v":{"t":[0,0]}},{"k":[6,1,0,34,0],"v":{"t":[0,0]}},{"k":[8,1,0,32,0],"v":{"t":[0,0]}},{"k":[7,1,0,33,0],"v":{"t":[0,0]}},{"k":[0,2,0,39,0],"v":{"t":[0,0]}},{"k":[0,1,0,40,0],"v":{"t":[0,0]}},{"k":[8,1,0,47,0],"v":{"t":[0,0]}},{"k":[9,1,0,46,0],"v":{"t":[0,0]}},{"k":[12,1,0,43,0],"v":{"t":[0,0]}},{"k":[13,1,0,42,0],"v":{"t":[0,0]}},{"k":[14,1,0,41,0],"v":{"t":[0,0]}},{"k":[15,1,0,40,0],"v":{"t":[0,0]}},{"k":[7,1,0,47,0],"v":{"t":[0,0]}},{"k":[8,1,0,46,0],"v":{"t":[0,0]}},{"k":[11,1,0,43,0],"v":{"t":[0,0]}},{"k":[12,1,0,42,0],"v":{"t":[0,0]}},{"k":[13,1,0,41,0],"v":{"t":[0,0]}},{"k":[14,1,0,40,0],"v":{"t":[0,0]}},{"k":[15,1,0,39,0],"v":{"t":[0,0]}},{"k":[6,1,0,47,0],"v":{"t":[0,0]}},{"k":[7,1,0,46,0],"v":{"t":[0,0]}},{"k":[10,1,0,43,0],"v":{"t":[0,0]}},{"k":[11,1,0,42,0],"v":{"t":[0,0]}},{"k":[12,1,0,41,0],"v":{"t":[0,0]}},{"k":[13,1,0,40,0],"v":{"t":[0,0]}},{"k":[14,1,0,39,0],"v":{"t":[0,0]}},{"k":[15,1,0,38,0],"v":{"t":[0,0]}},{"k":[5,1,0,47,0],"v":{"t":[0,0]}},{"k":[6,1,0,46,0],"v":{"t":[0,0]}},{"k":[9,1,0,43,0],"v":{"t":[0,0]}},{"k":[10,1,0,42,0],"v":{"t":[0,0]}},{"k":[11,1,0,41,0],"v":{"t":[0,0]}},{"k":[12,1,0,40,0],"v":{"t":[0,0]}},{"k":[13,1,0,39,0],"v":{"t":[0,0]}},{"k":[14,1,0,38,0],"v":{"t":[0,0]}},{"k":[15,1,0,37,0],"v":{"t":[0,0]}},{"k":[4,1,0,47,0],"v":{"t":[0,0]}},{"k":[5,1,0,46,0],"v":{"t":[0,0]}},{"k":[8,1,0,43,0],"v":{"t":[0,0]}},{"k":[9,1,0,42,0],"v":{"t":[0,0]}},{"k":[10,1,0,41,0],"v":{"t":[0,0]}},{"k":[11,1,0,40,0],"v":{"t":[0,0]}},{"k":[12,1,0,39,0],"v":{"t":[0,0]}},{"k":[13,1,0,38,0],"v":{"t":[0,0]}},{"k":[14,1,0,37,0],"v":{"t":[0,0]}},{"k":[15,1,0,36,0],"v":{"t":[0,0]}},{"k":[3,1,0,47,0],"v":{"t":[0,0]}},{"k":[4,1,0,46,0],"v":{"t":[0,0]}},{"k":[7,1,0,43,0],"v":{"t":[0,0]}},{"k":[8,1,0,42,0],"v":{"t":[0,0]}},{"k":[9,1,0,41,0],"v":{"t":[0,0]}},{"k":[10,1,0,40,0],"v":{"t":[0,0]}},{"k":[11,1,0,39,0],"v":{"t":[0,0]}},{"k":[12,1,0,38,0],"v":{"t":[0,0]}},{"k":[13,1,0,37,0],"v":{"t":[0,0]}},{"k":[14,1,0,36,0],"v":{"t":[0,0]}},{"k":[15,1,0,35,0],"v":{"t":[0,0]}},{"k":[2,1,0,47,0],"v":{"t":[0,0]}},{"k":[3,1,0,46,0],"v":{"t":[0,0]}},{"k":[6,1,0,43,0],"v":{"t":[0,0]}},{"k":[7,1,0,42,0],"v":{"t":[0,0]}},{"k":[8,1,0,41,0],"v":{"t":[0,0]}},{"k":[9,1,0,40,0],"v":{"t":[0,0]}},{"k":[10,1,0,39,0],"v":{"t":[0,0]}},{"k":[11,1,0,38,0],"v":{"t":[0,0]}},{"k":[12,1,0,37,0],"v":{"t":[0,0]}},{"k":[13,1,0,36,0],"v":{"t":[0,0]}},{"k":[14,1,0,35,0],"v":{"t":[0,0]}},{"k":[15,1,0,34,0],"v":{"t":[0,0]}},{"k":[1,1,0,47,0],"v":{"t":[0,0]}},{"k":[2,1,0,46,0],"v":{"t":[0,0]}},{"k":[5,1,0,43,0],"v":{"t":[0,0]}},{"k":[6,1,0,42,0],"v":{"t":[0,0]}},{"k":[7,1,0,41,0],"v":{"t":[0,0]}},{"k":[8,1,0,40,0],"v":{"t":[0,0]}},{"k":[9,1,0,39,0],"v":{"t":[0,0]}},{"k":[10,1,0,38,0],"v":{"t":[0,0]}},{"k":[11,1,0,37,0],"v":{"t":[0,0]}},{"k":[12,1,0,36,0],"v":{"t":[0,0]}},{"k":[13,1,0,35,0],"v":{"t":[0,0]}},{"k":[14,1,0,34,0],"v":{"t":[0,0]}},{"k":[0,2,0,47,0],"v":{"t":[0,0]}},{"k":[15,1,0,47,0],"v":{"t":[0,0]}},{"k":[14,1,0,47,0],"v":{"t":[0,0]}},{"k":[15,1,0,46,0],"v":{"t":[0,0]}},{"k":[13,1,0,47,0],"v":{"t":[0,0]}},{"k":[14,1,0,46,0],"v":{"t":[0,0]}},{"k":[12,1,0,47,0],"v":{"t":[0,0]}},{"k":[13,1,0,46,0],"v":{"t":[0,0]}},{"k":[11,1,0,47,0],"v":{"t":[0,0]}},{"k":[12,1,0,46,0],"v":{"t":[0,0]}},{"k":[15,1,0,43,0],"v":{"t":[0,0]}},{"k":[10,1,0,47,0],"v":{"t":[0,0]}},{"k":[11,1,0,46,0],"v":{"t":[0,0]}},{"k":[14,1,0,43,0],"v":{"t":[0,0]}},{"k":[15,1,0,42,0],"v":{"t":[0,0]}},{"k":[9,1,0,47,0],"v":{"t":[0,0]}},{"k":[10,1,0,46,0],"v":{"t":[0,0]}},{"k":[13,1,0,43,0],"v":{"t":[0,0]}},{"k":[14,1,0,42,0],"v":{"t":[0,0]}},{"k":[15,1,0,41,0],"v":{"t":[0,0]}},{"k":[1,1,0,38,0],"v":{"t":[0,0]}},{"k":[2,1,0,37,0],"v":{"t":[0,0]}},{"k":[3,1,0,36,0],"v":{"t":[0,0]}},{"k":[4,1,0,35,0],"v":{"t":[0,0]}},{"k":[5,1,0,34,0],"v":{"t":[0,0]}},{"k":[6,1,0,33,0],"v":{"t":[0,0]}},{"k":[7,1,0,32,0],"v":{"t":[0,0]}},{"k":[0,2,0,38,0],"v":{"t":[0,0]}},{"k":[0,1,0,39,0],"v":{"t":[0,0]}},{"k":[1,2,0,37,0],"v":{"t":[0,0]}},{"k":[1,1,0,37,0],"v":{"t":[0,0]}},{"k":[2,1,0,36,0],"v":{"t":[0,0]}},{"k":[3,1,0,35,0],"v":{"t":[0,0]}},{"k":[4,1,0,34,0],"v":{"t":[0,0]}},{"k":[5,1,0,33,0],"v":{"t":[0,0]}},{"k":[6,1,0,32,0],"v":{"t":[0,0]}},{"k":[0,2,0,37,0],"v":{"t":[0,0]}},{"k":[0,1,0,38,0],"v":{"t":[0,0]}},{"k":[1,2,0,36,0],"v":{"t":[0,0]}},{"k":[1,1,0,36,0],"v":{"t":[0,0]}},{"k":[2,1,0,35,0],"v":{"t":[0,0]}},{"k":[3,1,0,34,0],"v":{"t":[0,0]}},{"k":[4,1,0,33,0],"v":{"t":[0,0]}},{"k":[5,1,0,32,0],"v":{"t":[0,0]}},{"k":[0,2,0,36,0],"v":{"t":[0,0]}},{"k":[0,1,0,37,0],"v":{"t":[0,0]}},{"k":[1,1,0,35,0],"v":{"t":[0,0]}},{"k":[2,1,0,34,0],"v":{"t":[0,0]}},{"k":[3,1,0,33,0],"v":{"t":[0,0]}},{"k":[4,1,0,32,0],"v":{"t":[0,0]}},{"k":[0,2,0,35,0],"v":{"t":[0,0]}},{"k":[0,1,0,36,0],"v":{"t":[0,0]}},{"k":[1,1,0,34,0],"v":{"t":[0,0]}},{"k":[2,1,0,33,0],"v":{"t":[0,0]}},{"k":[3,1,0,32,0],"v":{"t":[0,0]}},{"k":[0,2,0,34,0],"v":{"t":[0,0]}},{"k":[0,1,0,35,0],"v":{"t":[0,0]}},{"k":[1,1,0,33,0],"v":{"t":[0,0]}},{"k":[2,1,0,32,0],"v":{"t":[0,0]}},{"k":[0,2,0,33,0],"v":{"t":[0,0]}},{"k":[0,1,0,34,0],"v":{"t":[0,0]}},{"k":[1,2,0,32,0],"v":{"t":[0,0]}}]},"moun":{"a":[{"k":[0,1,0,39,0],"v":{"b":true,"r":true,"sid":1,"t":true}},{"k":[0,0,0,40,0],"v":{"b":true,"sid":1,"t":true}},{"k":[0,1,0,38,0],"v":{"b":true,"sid":1,"t":true}},{"k":[0,0,0,39,0],"v":{"b":true,"sid":1,"t":true}},{"k":[1,1,0,37,0],"v":{"l":true,"sid":1,"t":true}},{"k":[0,1,0,37,0],"v":{"b":true,"r":true,"sid":1,"t":true}},{"k":[0,0,0,38,0],"v":{"b":true,"sid":1,"t":true}},{"k":[1,1,0,36,0],"v":{"b":true,"l":true,"sid":1}},{"k":[0,1,0,36,0],"v":{"b":true,"r":true,"sid":1,"t":true}},{"k":[0,0,0,37,0],"v":{"b":true,"sid":1,"t":true}},{"k":[0,1,0,35,0],"v":{"b":true,"sid":1,"t":true}},{"k":[0,0,0,36,0],"v":{"b":true,"sid":1,"t":true}},{"k":[0,1,0,34,0],"v":{"b":true,"sid":1,"t":true}},{"k":[0,0,0,35,0],"v":{"b":true,"sid":1,"t":true}},{"k":[0,1,0,33,0],"v":{"b":true,"sid":1,"t":true}},{"k":[0,0,0,34,0],"v":{"b":true,"sid":1,"t":true}},{"k":[1,1,0,32,0],"v":{"l":true,"sid":1,"t":true}},{"k":[0,1,0,32,0],"v":{"b":true,"r":true,"sid":1,"t":true}},{"k":[0,0,0,33,0],"v":{"b":true,"sid":1,"t":true}},{"k":[0,1,0,47,0],"v":{"b":true,"sid":1,"t":true}},{"k":[0,0,0,47,0],"v":{"b":true,"sid":1,"t":true}},{"k":[0,1,0,46,0],"v":{"b":true,"sid":1}},{"k":[0,0,0,46,0],"v":{"b":true,"sid":1,"t":true}},{"k":[0,0,0,45,0],"v":{"b":true,"sid":1,"t":true}},{"k":[0,1,0,43,0],"v":{"sid":1,"t":true}},{"k":[0,0,0,44,0],"v":{"b":true,"sid":1,"t":true}},{"k":[1,1,0,42,0],"v":{"l":true,"sid":1,"t":true}},{"k":[0,2,0,42,0],"v":{"sid":1,"t":true}},{"k":[0,1,0,42,0],"v":{"b":true,"r":true,"sid":1,"t":true}},{"k":[0,0,0,43,0],"v":{"b":true,"sid":1,"t":true}},{"k":[1,1,0,41,0],"v":{"b":true,"l":true,"sid":1,"t":true}},{"k":[0,2,0,41,0],"v":{"b":true,"sid":1,"t":true}},{"k":[0,1,0,41,0],"v":{"b":true,"r":true,"sid":1,"t":true}},{"k":[0,0,0,42,0],"v":{"b":true,"sid":1,"t":true}},{"k":[1,1,0,40,0],"v":{"b":true,"l":true,"sid":1,"t":true}},{"k":[0,2,0,40,0],"v":{"b":true,"sid":1}},{"k":[0,1,0,40,0],"v":{"b":true,"r":true,"sid":1,"t":true}},{"k":[0,0,0,41,0],"v":{"b":true,"sid":1,"t":true}},{"k":[1,1,0,39,0],"v":{"b":true,"l":true,"sid":1}},{"k":[0,0,0,32,0],"v":{"b":true,"sid":1,"t":true}}],"o":[]},"objs":{"list":[{"k":[0,1,0,45,0],"v":{"events":[{"id":1,"name":"Hero action","p":[],"r":{"1":{"bh":true,"c":[{"command":[7,0,0,7,49,0,0,20,0,0,0],"kind":20}]}},"sys":false}],"hId":-1,"id":17,"name":"OBJ0016","ooepf":false,"states":[{"cam":true,"climb":false,"dir":false,"gid":-1,"gk":0,"id":1,"move":true,"name":"Estado 1","pix":true,"pos":false,"stop":false,"sx":{"k":12,"v":1},"sy":{"k":12,"v":1},"sz":{"k":12,"v":1},"through":false,"x":0,"y":0}]}},{"k":[0,1,0,44,0],"v":{"events":[{"id":1,"name":"Hero action","p":[],"r":{"1":{"bh":true,"c":[{"command":[7,0,0,7,49,0,0,20,0,0,0],"kind":20}]}},"sys":false}],"hId":-1,"id":16,"name":"OBJ0016","ooepf":false,"states":[{"cam":true,"climb":false,"dir":false,"gid":-1,"gk":0,"id":1,"move":true,"name":"Estado 1","pix":true,"pos":false,"stop":false,"sx":{"k":12,"v":1},"sy":{"k":12,"v":1},"sz":{"k":12,"v":1},"through":false,"x":0,"y":0}]}}]},"objs3d":{"a":[{"k":[10,1,0,33,0,50,50,90],"v":{"did":18}},{"k":[10,1,0,32,0,50,50,90],"v":{"did":18}},{"k":[15,1,0,34,0],"v":{"did":18}},{"k":[14,1,0,34,0],"v":{"did":18}},{"k":[13,1,0,34,0],"v":{"did":18}},{"k":[12,1,0,34,0],"v":{"did":18}},{"k":[11,1,0,34,0],"v":{"did":18}},{"k":[10,1,0,34,0,50,12.5,90],"v":{"did":20}}],"o":[[16,1,0,34,0],[13,1,0,30,0]]},"sprites":{"list":[{"k":[10,1,0,37,0],"v":{"k":4,"t":[6,6,1,1]}},{"k":[5,1,0,42,0],"v":{"k":4,"t":[6,6,1,1]}},{"k":[6,1,0,40,0],"v":{"k":4,"t":[7,8,1,1]}},{"k":[3,1,0,41,0],"v":{"k":4,"t":[7,7,1,1]}},{"k":[6,1,0,37,0],"v":{"k":4,"t":[0,4,2,3]}},{"k":[8,1,0,34,0],"v":{"k":4,"t":[7,7,1,1]}},{"k":[1,1,0,41,0],"v":{"k":4,"t":[6,6,1,1]}},{"k":[3,1,0,38,0],"v":{"k":4,"t":[7,7,1,1]}},{"k":[14,1,0,41,0],"v":{"k":4,"t":[2,4,1,1]}},{"k":[12,1,0,42,0],"v":{"k":4,"t":[6,6,1,1]}},{"k":[14,1,0,39,0],"v":{"k":4,"t":[0,4,2,3]}},{"k":[6,1,0,46,0],"v":{"k":4,"t":[7,7,1,1]}},{"k":[11,1,0,41,0],"v":{"k":4,"t":[4,1,1,1]}},{"k":[4,1,0,47,0],"v":{"k":4,"t":[4,1,1,1]}},{"k":[15,1,0,36,0],"v":{"k":4,"t":[6,6,1,1]}},{"k":[8,1,0,42,0],"v":{"k":4,"t":[6,6,1,1]}},{"k":[9,1,0,39,0],"v":{"k":4,"t":[7,8,1,1]}},{"k":[11,1,0,46,0],"v":{"k":4,"t":[7,8,1,1]}},{"k":[1,1,0,38,0],"v":{"k":4,"t":[7,8,1,1]}},{"k":[5,1,0,33,0],"v":{"k":4,"t":[5,6,1,1]}},{"k":[0,1,0,37,0],"v":{"k":4,"t":[7,8,1,1]}},{"k":[2,1,0,35,0],"v":{"k":4,"t":[7,7,1,1]}}],"overflow":[],"walls":[]}}