{"lands":{"autotiles":[{"k":[22,1,0,33,0],"v":{"id":1,"t":[1,0],"tid":324}},{"k":[23,1,0,32,0],"v":{"id":1,"t":[1,0],"tid":318}},{"k":[21,1,0,33,0],"v":{"id":1,"t":[1,0],"tid":324}},{"k":[22,1,0,32,0],"v":{"id":1,"t":[1,0],"tid":318}},{"k":[20,1,0,33,0],"v":{"id":1,"t":[1,0],"tid":324}},{"k":[21,1,0,32,0],"v":{"id":1,"t":[1,0],"tid":318}},{"k":[19,1,0,33,0],"v":{"id":1,"t":[1,0],"tid":324}},{"k":[20,1,0,32,0],"v":{"id":1,"t":[1,0],"tid":318}},{"k":[18,1,0,33,0],"v":{"id":1,"t":[1,0],"tid":324}},{"k":[19,1,0,32,0],"v":{"id":1,"t":[1,0],"tid":318}},{"k":[17,1,0,33,0],"v":{"id":1,"t":[1,0],"tid":324}},{"k":[18,1,0,32,0],"v":{"id":1,"t":[1,0],"tid":318}},{"k":[16,1,0,33,0],"v":{"id":1,"t":[1,0],"tid":324}},{"k":[17,1,0,32,0],"v":{"id":1,"t":[1,0],"tid":318}},{"k":[16,1,0,32,0],"v":{"id":1,"t":[1,0],"tid":318}},{"k":[24,1,0,39,0],"v":{"id":1,"t":[1,0],"tid":584}},{"k":[25,1,0,38,0],"v":{"id":1,"t":[1,0],"tid":370}},{"k":[18,1,0,45,0],"v":{"id":1,"t":[1,0],"tid":324}},{"k":[19,1,0,44,0],"v":{"id":1,"t":[1,0],"tid":471}},{"k":[26,1,0,37,0],"v":{"id":1,"t":[1,0],"tid":324}},{"k":[27,1,0,36,0],"v":{"id":1,"t":[1,0],"tid":471}},{"k":[24,1,0,38,0],"v":{"id":1,"t":[1,0],"tid":584}},{"k":[25,1,0,37,0],"v":{"id":1,"t":[1,0],"tid":316}},{"k":[17,1,0,45,0],"v":{"id":1,"t":[1,0],"tid":324}},{"k":[18,1,0,44,0],"v":{"id":1,"t":[1,0],"tid":471}},{"k":[26,1,0,36,0],"v":{"id":1,"t":[1,0],"tid":471}},{"k":[24,1,0,37,0],"v":{"id":1,"t":[1,0],"tid":584}},{"k":[25,1,0,36,0],"v":{"id":1,"t":[1,0],"tid":268}},{"k":[16,1,0,45,0],"v":{"id":1,"t":[1,0],"tid":324}},{"k":[17,1,0,44,0],"v":{"id":1,"t":[1,0],"tid":471}},{"k":[24,1,0,36,0],"v":{"id":1,"t":[1,0],"tid":584}},{"k":[25,1,0,35,0],"v":{"id":1,"t":[1,0],"tid":370}},{"k":[16,1,0,44,0],"v":{"id":1,"t":[1,0],"tid":471}},{"k":[24,1,0,35,0],"v":{"id":1,"t":[1,0],"tid":584}},{"k":[25,1,0,34,0],"v":{"id":1,"t":[1,0],"tid":370}},{"k":[24,1,0,34,0],"v":{"id":1,"t":[1,0],"tid":584}},{"k":[25,1,0,33,0],"v":{"id":1,"t":[1,0],"tid":370}},{"k":[24,1,0,33,0],"v":{"id":1,"t":[1,0],"tid":308}},{"k":[25,1,0,32,0],"v":{"id":1,"t":[1,0],"tid":370}},{"k":[24,1,0,32,0],"v":{"id":1,"t":[1,0],"tid":318}},{"k":[23,1,0,33,0],"v":{"id":1,"t":[1,0],"tid":324}},{"k":[26,1,0,45,0],"v":{"id":1,"t":[1,0],"tid":324}},{"k":[27,1,0,44,0],"v":{"id":1,"t":[1,0],"tid":471}},{"k":[25,1,0,46,0],"v":{"id":1,"t":[1,0],"tid":370}},{"k":[24,1,0,47,0],"v":{"id":1,"t":[1,0],"tid":584}},{"k":[25,1,0,45,0],"v":{"id":1,"t":[1,0],"tid":316}},{"k":[26,1,0,44,0],"v":{"id":1,"t":[1,0],"tid":471}},{"k":[24,1,0,46,0],"v":{"id":1,"t":[1,0],"tid":584}},{"k":[24,1,0,45,0],"v":{"id":1,"t":[1,0],"tid":308}},{"k":[25,1,0,44,0],"v":{"id":1,"t":[1,0],"tid":268}},{"k":[24,1,0,44,0],"v":{"id":1,"t":[1,0],"tid":62}},{"k":[25,1,0,43,0],"v":{"id":1,"t":[1,0],"tid":370}},{"k":[23,1,0,45,0],"v":{"id":1,"t":[1,0],"tid":324}},{"k":[31,1,0,37,0],"v":{"id":1,"t":[1,0],"tid":324}},{"k":[24,1,0,43,0],"v":{"id":1,"t":[1,0],"tid":584}},{"k":[25,1,0,42,0],"v":{"id":1,"t":[1,0],"tid":370}},{"k":[22,1,0,45,0],"v":{"id":1,"t":[1,0],"tid":324}},{"k":[23,1,0,44,0],"v":{"id":1,"t":[1,0],"tid":471}},{"k":[30,1,0,37,0],"v":{"id":1,"t":[1,0],"tid":324}},{"k":[31,1,0,36,0],"v":{"id":1,"t":[1,0],"tid":471}},{"k":[24,1,0,42,0],"v":{"id":1,"t":[1,0],"tid":584}},{"k":[25,1,0,41,0],"v":{"id":1,"t":[1,0],"tid":370}},{"k":[21,1,0,45,0],"v":{"id":1,"t":[1,0],"tid":324}},{"k":[22,1,0,44,0],"v":{"id":1,"t":[1,0],"tid":471}},{"k":[29,1,0,37,0],"v":{"id":1,"t":[1,0],"tid":324}},{"k":[30,1,0,36,0],"v":{"id":1,"t":[1,0],"tid":471}},{"k":[24,1,0,41,0],"v":{"id":1,"t":[1,0],"tid":584}},{"k":[25,1,0,40,0],"v":{"id":1,"t":[1,0],"tid":370}},{"k":[20,1,0,45,0],"v":{"id":1,"t":[1,0],"tid":324}},{"k":[21,1,0,44,0],"v":{"id":1,"t":[1,0],"tid":471}},{"k":[28,1,0,37,0],"v":{"id":1,"t":[1,0],"tid":324}},{"k":[29,1,0,36,0],"v":{"id":1,"t":[1,0],"tid":471}},{"k":[24,1,0,40,0],"v":{"id":1,"t":[1,0],"tid":584}},{"k":[25,1,0,39,0],"v":{"id":1,"t":[1,0],"tid":370}},{"k":[19,1,0,45,0],"v":{"id":1,"t":[1,0],"tid":324}},{"k":[20,1,0,44,0],"v":{"id":1,"t":[1,0],"tid":471}},{"k":[27,1,0,37,0],"v":{"id":1,"t":[1,0],"tid":324}},{"k":[28,1,0,36,0],"v":{"id":1,"t":[1,0],"tid":471}},{"k":[31,1,0,45,0],"v":{"id":1,"t":[1,0],"tid":324}},{"k":[30,1,0,45,0],"v":{"id":1,"t":[1,0],"tid":324}},{"k":[31,1,0,44,0],"v":{"id":1,"t":[1,0],"tid":471}},{"k":[29,1,0,45,0],"v":{"id":1,"t":[1,0],"tid":324}},{"k":[30,1,0,44,0],"v":{"id":1,"t":[1,0],"tid":471}},{"k":[28,1,0,45,0],"v":{"id":1,"t":[1,0],"tid":324}},{"k":[29,1,0,44,0],"v":{"id":1,"t":[1,0],"tid":471}},{"k":[27,1,0,45,0],"v":{"id":1,"t":[1,0],"tid":324}},{"k":[28,1,0,44,0],"v":{"id":1,"t":[1,0],"tid":471}},{"k":[25,1,0,47,0],"v":{"id":1,"t":[1,0],"tid":370}}],"floors":[{"k":[16,1,0,39,0],"v":{"t":[0,0]}},{"k":[17,1,0,38,0],"v":{"t":[0,0]}},{"k":[18,1,0,37,0],"v":{"t":[0,0]}},{"k":[19,1,0,36,0],"v":{"t":[0,0]}},{"k":[20,1,0,35,0],"v":{"t":[0,0]}},{"k":[21,1,0,34,0],"v":{"t":[0,0]}},{"k":[16,1,0,38,0],"v":{"t":[0,0]}},{"k":[17,1,0,37,0],"v":{"t":[0,0]}},{"k":[18,1,0,36,0],"v":{"t":[0,0]}},{"k":[19,1,0,35,0],"v":{"t":[0,0]}},{"k":[20,1,0,34,0],"v":{"t":[0,0]}},{"k":[16,1,0,37,0],"v":{"t":[0,0]}},{"k":[17,1,0,36,0],"v":{"t":[0,0]}},{"k":[18,1,0,35,0],"v":{"t":[0,0]}},{"k":[19,1,0,34,0],"v":{"t":[0,0]}},{"k":[16,1,0,36,0],"v":{"t":[0,0]}},{"k":[17,1,0,35,0],"v":{"t":[0,0]}},{"k":[18,1,0,34,0],"v":{"t":[0,0]}},{"k":[16,1,0,35,0],"v":{"t":[0,0]}},{"k":[17,1,0,34,0],"v":{"t":[0,0]}},{"k":[16,1,0,34,0],"v":{"t":[0,0]}},{"k":[16,1,0,47,0],"v":{"t":[0,0]}},{"k":[17,1,0,46,0],"v":{"t":[0,0]}},{"k":[20,1,0,43,0],"v":{"t":[0,0]}},{"k":[21,1,0,42,0],"v":{"t":[0,0]}},{"k":[22,1,0,41,0],"v":{"t":[0,0]}},{"k":[23,1,0,40,0],"v":{"t":[0,0]}},{"k":[28,1,0,35,0],"v":{"t":[0,0]}},{"k":[29,1,0,34,0],"v":{"t":[0,0]}},{"k":[30,1,0,33,0],"v":{"t":[0,0]}},{"k":[31,1,0,32,0],"v":{"t":[0,0]}},{"k":[16,1,0,46,0],"v":{"t":[0,0]}},{"k":[19,1,0,43,0],"v":{"t":[0,0]}},{"k":[20,1,0,42,0],"v":{"t":[0,0]}},{"k":[21,1,0,41,0],"v":{"t":[0,0]}},{"k":[22,1,0,40,0],"v":{"t":[0,0]}},{"k":[23,1,0,39,0],"v":{"t":[0,0]}},{"k":[27,1,0,35,0],"v":{"t":[0,0]}},{"k":[28,1,0,34,0],"v":{"t":[0,0]}},{"k":[29,1,0,33,0],"v":{"t":[0,0]}},{"k":[30,1,0,32,0],"v":{"t":[0,0]}},{"k":[18,1,0,43,0],"v":{"t":[0,0]}},{"k":[19,1,0,42,0],"v":{"t":[0,0]}},{"k":[20,1,0,41,0],"v":{"t":[0,0]}},{"k":[21,1,0,40,0],"v":{"t":[0,0]}},{"k":[22,1,0,39,0],"v":{"t":[0,0]}},{"k":[23,1,0,38,0],"v":{"t":[0,0]}},{"k":[26,1,0,35,0],"v":{"t":[0,0]}},{"k":[27,1,0,34,0],"v":{"t":[0,0]}},{"k":[28,1,0,33,0],"v":{"t":[0,0]}},{"k":[29,1,0,32,0],"v":{"t":[0,0]}},{"k":[17,1,0,43,0],"v":{"t":[0,0]}},{"k":[18,1,0,42,0],"v":{"t":[0,0]}},{"k":[19,1,0,41,0],"v":{"t":[0,0]}},{"k":[20,1,0,40,0],"v":{"t":[0,0]}},{"k":[21,1,0,39,0],"v":{"t":[0,0]}},{"k":[22,1,0,38,0],"v":{"t":[0,0]}},{"k":[23,1,0,37,0],"v":{"t":[0,0]}},{"k":[26,1,0,34,0],"v":{"t":[0,0]}},{"k":[27,1,0,33,0],"v":{"t":[0,0]}},{"k":[28,1,0,32,0],"v":{"t":[0,0]}},{"k":[16,1,0,43,0],"v":{"t":[0,0]}},{"k":[17,1,0,42,0],"v":{"t":[0,0]}},{"k":[18,1,0,41,0],"v":{"t":[0,0]}},{"k":[19,1,0,40,0],"v":{"t":[0,0]}},{"k":[20,1,0,39,0],"v":{"t":[0,0]}},{"k":[21,1,0,38,0],"v":{"t":[0,0]}},{"k":[22,1,0,37,0],"v":{"t":[0,0]}},{"k":[23,1,0,36,0],"v":{"t":[0,0]}},{"k":[26,1,0,33,0],"v":{"t":[0,0]}},{"k":[27,1,0,32,0],"v":{"t":[0,0]}},{"k":[16,1,0,42,0],"v":{"t":[0,0]}},{"k":[17,1,0,41,0],"v":{"t":[0,0]}},{"k":[18,1,0,40,0],"v":{"t":[0,0]}},{"k":[19,1,0,39,0],"v":{"t":[0,0]}},{"k":[20,1,0,38,0],"v":{"t":[0,0]}},{"k":[21,1,0,37,0],"v":{"t":[0,0]}},{"k":[22,1,0,36,0],"v":{"t":[0,0]}},{"k":[23,1,0,35,0],"v":{"t":[0,0]}},{"k":[26,1,0,32,0],"v":{"t":[0,0]}},{"k":[16,1,0,41,0],"v":{"t":[0,0]}},{"k":[17,1,0,40,0],"v":{"t":[0,0]}},{"k":[18,1,0,39,0],"v":{"t":[0,0]}},{"k":[19,1,0,38,0],"v":{"t":[0,0]}},{"k":[20,1,0,37,0],"v":{"t":[0,0]}},{"k":[21,1,0,36,0],"v":{"t":[0,0]}},{"k":[22,1,0,35,0],"v":{"t":[0,0]}},{"k":[23,1,0,34,0],"v":{"t":[0,0]}},{"k":[16,1,0,40,0],"v":{"t":[0,0]}},{"k":[17,1,0,39,0],"v":{"t":[0,0]}},{"k":[18,1,0,38,0],"v":{"t":[0,0]}},{"k":[19,1,0,37,0],"v":{"t":[0,0]}},{"k":[20,1,0,36,0],"v":{"t":[0,0]}},{"k":[21,1,0,35,0],"v":{"t":[0,0]}},{"k":[22,1,0,34,0],"v":{"t":[0,0]}},{"k":[28,1,0,43,0],"v":{"t":[0,0]}},{"k":[29,1,0,42,0],"v":{"t":[0,0]}},{"k":[30,1,0,41,0],"v":{"t":[0,0]}},{"k":[31,1,0,40,0],"v":{"t":[0,0]}},{"k":[23,1,0,47,0],"v":{"t":[0,0]}},{"k":[27,1,0,43,0],"v":{"t":[0,0]}},{"k":[28,1,0,42,0],"v":{"t":[0,0]}},{"k":[29,1,0,41,0],"v":{"t":[0,0]}},{"k":[30,1,0,40,0],"v":{"t":[0,0]}},{"k":[31,1,0,39,0],"v":{"t":[0,0]}},{"k":[22,1,0,47,0],"v":{"t":[0,0]}},{"k":[23,1,0,46,0],"v":{"t":[0,0]}},{"k":[26,1,0,43,0],"v":{"t":[0,0]}},{"k":[27,1,0,42,0],"v":{"t":[0,0]}},{"k":[28,1,0,41,0],"v":{"t":[0,0]}},{"k":[29,1,0,40,0],"v":{"t":[0,0]}},{"k":[30,1,0,39,0],"v":{"t":[0,0]}},{"k":[31,1,0,38,0],"v":{"t":[0,0]}},{"k":[21,1,0,47,0],"v":{"t":[0,0]}},{"k":[22,1,0,46,0],"v":{"t":[0,0]}},{"k":[26,1,0,42,0],"v":{"t":[0,0]}},{"k":[27,1,0,41,0],"v":{"t":[0,0]}},{"k":[28,1,0,40,0],"v":{"t":[0,0]}},{"k":[29,1,0,39,0],"v":{"t":[0,0]}},{"k":[30,1,0,38,0],"v":{"t":[0,0]}},{"k":[20,1,0,47,0],"v":{"t":[0,0]}},{"k":[21,1,0,46,0],"v":{"t":[0,0]}},{"k":[26,1,0,41,0],"v":{"t":[0,0]}},{"k":[27,1,0,40,0],"v":{"t":[0,0]}},{"k":[28,1,0,39,0],"v":{"t":[0,0]}},{"k":[29,1,0,38,0],"v":{"t":[0,0]}},{"k":[19,1,0,47,0],"v":{"t":[0,0]}},{"k":[20,1,0,46,0],"v":{"t":[0,0]}},{"k":[23,1,0,43,0],"v":{"t":[0,0]}},{"k":[26,1,0,40,0],"v":{"t":[0,0]}},{"k":[27,1,0,39,0],"v":{"t":[0,0]}},{"k":[28,1,0,38,0],"v":{"t":[0,0]}},{"k":[31,1,0,35,0],"v":{"t":[0,0]}},{"k":[18,1,0,47,0],"v":{"t":[0,0]}},{"k":[19,1,0,46,0],"v":{"t":[0,0]}},{"k":[22,1,0,43,0],"v":{"t":[0,0]}},{"k":[23,1,0,42,0],"v":{"t":[0,0]}},{"k":[26,1,0,39,0],"v":{"t":[0,0]}},{"k":[27,1,0,38,0],"v":{"t":[0,0]}},{"k":[30,1,0,35,0],"v":{"t":[0,0]}},{"k":[31,1,0,34,0],"v":{"t":[0,0]}},{"k":[17,1,0,47,0],"v":{"t":[0,0]}},{"k":[18,1,0,46,0],"v":{"t":[0,0]}},{"k":[21,1,0,43,0],"v":{"t":[0,0]}},{"k":[22,1,0,42,0],"v":{"t":[0,0]}},{"k":[23,1,0,41,0],"v":{"t":[0,0]}},{"k":[26,1,0,38,0],"v":{"t":[0,0]}},{"k":[29,1,0,35,0],"v":{"t":[0,0]}},{"k":[30,1,0,34,0],"v":{"t":[0,0]}},{"k":[31,1,0,33,0],"v":{"t":[0,0]}},{"k":[31,1,0,47,0],"v":{"t":[0,0]}},{"k":[30,1,0,47,0],"v":{"t":[0,0]}},{"k":[31,1,0,46,0],"v":{"t":[0,0]}},{"k":[29,1,0,47,0],"v":{"t":[0,0]}},{"k":[30,1,0,46,0],"v":{"t":[0,0]}},{"k":[28,1,0,47,0],"v":{"t":[0,0]}},{"k":[29,1,0,46,0],"v":{"t":[0,0]}},{"k":[27,1,0,47,0],"v":{"t":[0,0]}},{"k":[28,1,0,46,0],"v":{"t":[0,0]}},{"k":[31,1,0,43,0],"v":{"t":[0,0]}},{"k":[26,1,0,47,0],"v":{"t":[0,0]}},{"k":[27,1,0,46,0],"v":{"t":[0,0]}},{"k":[30,1,0,43,0],"v":{"t":[0,0]}},{"k":[31,1,0,42,0],"v":{"t":[0,0]}},{"k":[26,1,0,46,0],"v":{"t":[0,0]}},{"k":[29,1,0,43,0],"v":{"t":[0,0]}},{"k":[30,1,0,42,0],"v":{"t":[0,0]}},{"k":[31,1,0,41,0],"v":{"t":[0,0]}}]},"moun":{"a":[],"o":[]},"objs":{"list":[{"k":[31,1,0,36,0],"v":{"events":[{"id":1,"name":"Hero action","p":[],"r":{"1":{"bh":true,"c":[{"command":[8,"",-1,0,0,1,"Porta trancada"],"kind":1}]}},"sys":false}],"hId":-1,"id":7,"name":"OBJ0004","ooepf":false,"states":[{"cam":true,"climb":false,"dir":false,"gid":-1,"gk":0,"id":1,"move":true,"name":"Estado 1","pix":true,"pos":false,"stop":false,"sx":{"k":12,"v":1},"sy":{"k":12,"v":1},"sz":{"k":12,"v":1},"through":false,"x":0,"y":0}]}},{"k":[30,1,0,36,0],"v":{"events":[{"id":1,"name":"Hero action","p":[],"r":{"1":{"bh":true,"c":[{"command":[8,"",-1,0,0,1,"Porta trancada"],"kind":1}]}},"sys":false}],"hId":-1,"id":9,"name":"OBJ0004","ooepf":false,"states":[{"cam":true,"climb":false,"dir":false,"gid":-1,"gk":0,"id":1,"move":true,"name":"Estado 1","pix":true,"pos":false,"stop":false,"sx":{"k":12,"v":1},"sy":{"k":12,"v":1},"sz":{"k":12,"v":1},"through":false,"x":0,"y":0}]}},{"k":[26,1,0,43,0],"v":{"events":[{"id":1,"name":"Hero action","p":[],"r":{"1":{"bh":true,"c":[{"command":[8,"",-1,0,0,1,"Direita: Terras geladas do norte\n\nEsquerda: Terra dos Deuses\n\nBaixo: Cemitério / Terras Escuras\n"],"kind":1}]}},"sys":false}],"hId":-1,"id":3,"name":"OBJ0003","ooepf":false,"states":[{"cam":true,"climb":false,"dir":false,"gid":-1,"gk":0,"id":1,"move":true,"name":"Estado 1","pix":true,"pos":false,"stop":false,"sx":{"k":12,"v":1},"sy":{"k":12,"v":1},"sz":{"k":12,"v":1},"through":false,"x":0,"y":0}]}}]},"objs3d":{"a":[{"k":[29,1,0,38,0],"v":{"did":18}},{"k":[28,1,0,38,0],"v":{"did":18}},{"k":[27,1,0,38,0],"v":{"did":18}},{"k":[16,1,0,34,0],"v":{"did":18}},{"k":[31,1,0,38,0],"v":{"did":18}},{"k":[22,1,0,39,0,50,50,90],"v":{"did":65}},{"k":[30,1,0,38,0],"v":{"did":18}}],"o":[[32,1,0,35,0],[13,1,0,30,0],[32,1,0,38,0]]},"sprites":{"list":[{"k":[31,1,0,47,0],"v":{"k":4,"t":[7,7,1,1]}},{"k":[16,1,0,46,0],"v":{"k":4,"t":[7,7,1,1]}},{"k":[30,1,0,47,0],"v":{"k":4,"t":[7,7,1,1]}},{"k":[19,1,0,42,0],"v":{"k":4,"t":[4,1,1,1]}},{"k":[18,1,0,41,0],"v":{"k":4,"t":[7,8,1,1]}},{"k":[27,1,0,47,0],"v":{"k":4,"t":[7,7,1,1]}},{"k":[17,1,0,41,0],"v":{"k":4,"t":[7,8,1,1]}},{"k":[19,1,0,39,0],"v":{"k":4,"t":[6,6,1,1]}},{"k":[20,1,0,37,0],"v":{"k":4,"t":[6,6,1,1]}},{"k":[22,1,0,35,0],"v":{"k":4,"t":[6,6,1,1]}},{"k":[17,1,0,39,0],"v":{"k":4,"t":[2,4,1,1]}},{"k":[19,1,0,37,0],"v":{"k":4,"t":[6,6,1,1]}},{"k":[29,1,0,40,0],"v":{"k":4,"t":[6,6,1,1]}},{"k":[26,1,0,43,0],"v":{"k":5,"t":[6,5,1,1]}},{"k":[18,1,0,36,0],"v":{"k":4,"t":[4,1,1,1]}},{"k":[27,1,0,41,0],"v":{"k":4,"t":[2,4,1,1]}}],"overflow":[],"walls":[]}}