{"lands":{"autotiles":[{"k":[25,1,0,49,0],"v":{"id":1,"t":[1,0],"tid":372}},{"k":[24,1,0,49,0],"v":{"id":1,"t":[1,0],"tid":570}},{"k":[25,1,0,48,0],"v":{"id":1,"t":[1,0],"tid":370}},{"k":[24,1,0,48,0],"v":{"id":1,"t":[1,0],"tid":584}}],"floors":[{"k":[29,1,0,49,0],"v":{"t":[0,0]}},{"k":[30,1,0,48,0],"v":{"t":[0,0]}},{"k":[28,1,0,49,0],"v":{"t":[0,0]}},{"k":[29,1,0,48,0],"v":{"t":[0,0]}},{"k":[27,1,0,49,0],"v":{"t":[0,0]}},{"k":[28,1,0,48,0],"v":{"t":[0,0]}},{"k":[26,1,0,49,0],"v":{"t":[0,0]}},{"k":[27,1,0,48,0],"v":{"t":[0,0]}},{"k":[26,1,0,48,0],"v":{"t":[0,0]}},{"k":[23,1,0,49,0],"v":{"t":[0,0]}},{"k":[31,1,0,49,0],"v":{"t":[0,0]}},{"k":[22,1,0,49,0],"v":{"t":[0,0]}},{"k":[23,1,0,48,0],"v":{"t":[0,0]}},{"k":[22,1,0,48,0],"v":{"t":[0,0]}},{"k":[21,1,0,49,0],"v":{"t":[0,0]}},{"k":[21,1,0,48,0],"v":{"t":[0,0]}},{"k":[20,1,0,49,0],"v":{"t":[0,0]}},{"k":[20,1,0,48,0],"v":{"t":[0,0]}},{"k":[19,1,0,49,0],"v":{"t":[0,0]}},{"k":[19,1,0,48,0],"v":{"t":[0,0]}},{"k":[18,1,0,49,0],"v":{"t":[0,0]}},{"k":[18,1,0,48,0],"v":{"t":[0,0]}},{"k":[17,1,0,49,0],"v":{"t":[0,0]}},{"k":[17,1,0,48,0],"v":{"t":[0,0]}},{"k":[16,1,0,49,0],"v":{"t":[0,0]}},{"k":[16,1,0,48,0],"v":{"t":[0,0]}},{"k":[30,1,0,49,0],"v":{"t":[0,0]}},{"k":[31,1,0,48,0],"v":{"t":[0,0]}}]},"moun":{"a":[{"k":[30,0,0,49,0],"v":{"l":true,"r":true,"sid":1,"t":true}},{"k":[31,0,0,48,0],"v":{"b":true,"l":true,"r":true,"sid":1}},{"k":[29,0,0,49,0],"v":{"l":true,"r":true,"sid":1,"t":true}},{"k":[30,0,0,48,0],"v":{"b":true,"l":true,"r":true,"sid":1}},{"k":[28,0,0,49,0],"v":{"l":true,"r":true,"sid":1,"t":true}},{"k":[29,0,0,48,0],"v":{"b":true,"l":true,"r":true,"sid":1}},{"k":[27,0,0,49,0],"v":{"l":true,"r":true,"sid":1,"t":true}},{"k":[28,0,0,48,0],"v":{"b":true,"l":true,"r":true,"sid":1}},{"k":[26,0,0,49,0],"v":{"l":true,"r":true,"sid":1,"t":true}},{"k":[27,0,0,48,0],"v":{"b":true,"l":true,"r":true,"sid":1}},{"k":[25,0,0,49,0],"v":{"l":true,"r":true,"sid":1,"t":true}},{"k":[26,0,0,48,0],"v":{"b":true,"l":true,"r":true,"sid":1}},{"k":[24,0,0,49,0],"v":{"l":true,"r":true,"sid":1,"t":true}},{"k":[25,0,0,48,0],"v":{"b":true,"l":true,"r":true,"sid":1}},{"k":[23,0,0,49,0],"v":{"l":true,"r":true,"sid":1,"t":true}},{"k":[24,0,0,48,0],"v":{"b":true,"l":true,"r":true,"sid":1}},{"k":[22,0,0,49,0],"v":{"l":true,"r":true,"sid":1,"t":true}},{"k":[23,0,0,48,0],"v":{"b":true,"l":true,"r":true,"sid":1}},{"k":[22,0,0,48,0],"v":{"b":true,"r":true,"sid":1}},{"k":[21,0,0,49,0],"v":{"l":true,"r":true,"sid":1}},{"k":[20,0,0,49,0],"v":{"l":true,"r":true,"sid":1}},{"k":[19,0,0,49,0],"v":{"l":true,"r":true,"sid":1}},{"k":[18,0,0,49,0],"v":{"l":true,"r":true,"sid":1}},{"k":[17,0,0,49,0],"v":{"l":true,"r":true,"sid":1}},{"k":[16,0,0,49,0],"v":{"l":true,"r":true,"sid":1}},{"k":[31,0,0,49,0],"v":{"l":true,"sid":1,"t":true}}],"o":[]},"objs":{"list":[{"k":[25,1,0,49,0],"v":{"events":[{"id":1,"name":"Hero action","p":[],"r":{"1":{"bh":true,"c":[{"command":[7,0,0,6,7,0,0,0,0,0,0],"kind":20}]}},"sys":false}],"hId":-1,"id":14,"name":"OBJ0013","ooepf":false,"states":[{"cam":true,"climb":false,"dir":false,"gid":-1,"gk":0,"id":1,"move":true,"name":"Estado 1","pix":true,"pos":false,"stop":false,"sx":{"k":12,"v":1},"sy":{"k":12,"v":1},"sz":{"k":12,"v":1},"through":false,"x":0,"y":0}]}},{"k":[24,1,0,49,0],"v":{"events":[{"id":1,"name":"Hero action","p":[],"r":{"1":{"bh":true,"c":[{"command":[7,0,0,6,7,0,0,0,0,0,0],"kind":20}]}},"sys":false}],"hId":-1,"id":13,"name":"OBJ0013","ooepf":false,"states":[{"cam":true,"climb":false,"dir":false,"gid":-1,"gk":0,"id":1,"move":true,"name":"Estado 1","pix":true,"pos":false,"stop":false,"sx":{"k":12,"v":1},"sy":{"k":12,"v":1},"sz":{"k":12,"v":1},"through":false,"x":0,"y":0}]}}]},"objs3d":{"a":[],"o":[]},"sprites":{"list":[{"k":[18,1,0,48,0],"v":{"k":4,"t":[7,8,1,1]}},{"k":[30,1,0,48,0],"v":{"k":4,"t":[7,7,1,1]}},{"k":[21,1,0,48,0],"v":{"k":4,"t":[7,7,1,1]}}],"overflow":[],"walls":[]}}