{"lands":{"autotiles":[{"k":[24,1,0,28,0],"v":{"id":1,"t":[1,0],"tid":584}},{"k":[25,1,0,27,0],"v":{"id":1,"t":[1,0],"tid":318}},{"k":[21,1,0,31,0],"v":{"id":1,"t":[1,0],"tid":471}},{"k":[26,1,0,26,0],"v":{"id":1,"t":[1,0],"tid":471}},{"k":[24,1,0,31,0],"v":{"id":1,"t":[1,0],"tid":62}},{"k":[25,1,0,30,0],"v":{"id":1,"t":[1,0],"tid":370}},{"k":[27,1,0,28,0],"v":{"id":1,"t":[1,0],"tid":324}},{"k":[28,1,0,27,0],"v":{"id":1,"t":[1,0],"tid":318}},{"k":[29,1,0,26,0],"v":{"id":1,"t":[1,0],"tid":471}},{"k":[24,1,0,30,0],"v":{"id":1,"t":[1,0],"tid":584}},{"k":[25,1,0,29,0],"v":{"id":1,"t":[1,0],"tid":370}},{"k":[23,1,0,31,0],"v":{"id":1,"t":[1,0],"tid":471}},{"k":[26,1,0,28,0],"v":{"id":1,"t":[1,0],"tid":324}},{"k":[27,1,0,27,0],"v":{"id":1,"t":[1,0],"tid":318}},{"k":[28,1,0,26,0],"v":{"id":1,"t":[1,0],"tid":471}},{"k":[24,1,0,25,0],"v":{"id":1,"t":[1,0],"tid":584}},{"k":[25,1,0,24,0],"v":{"id":1,"t":[1,0],"tid":370}},{"k":[18,1,0,31,0],"v":{"id":1,"t":[1,0],"tid":471}},{"k":[24,1,0,24,0],"v":{"id":1,"t":[1,0],"tid":584}},{"k":[25,1,0,23,0],"v":{"id":1,"t":[1,0],"tid":370}},{"k":[17,1,0,31,0],"v":{"id":1,"t":[1,0],"tid":471}},{"k":[24,1,0,27,0],"v":{"id":1,"t":[1,0],"tid":584}},{"k":[25,1,0,26,0],"v":{"id":1,"t":[1,0],"tid":268}},{"k":[20,1,0,31,0],"v":{"id":1,"t":[1,0],"tid":471}},{"k":[24,1,0,26,0],"v":{"id":1,"t":[1,0],"tid":584}},{"k":[25,1,0,25,0],"v":{"id":1,"t":[1,0],"tid":370}},{"k":[19,1,0,31,0],"v":{"id":1,"t":[1,0],"tid":471}},{"k":[29,1,0,28,0],"v":{"id":1,"t":[1,0],"tid":324}},{"k":[30,1,0,27,0],"v":{"id":1,"t":[1,0],"tid":318}},{"k":[31,1,0,26,0],"v":{"id":1,"t":[1,0],"tid":471}},{"k":[25,1,0,31,0],"v":{"id":1,"t":[1,0],"tid":370}},{"k":[28,1,0,28,0],"v":{"id":1,"t":[1,0],"tid":324}},{"k":[29,1,0,27,0],"v":{"id":1,"t":[1,0],"tid":318}},{"k":[30,1,0,26,0],"v":{"id":1,"t":[1,0],"tid":471}},{"k":[31,1,0,28,0],"v":{"id":1,"t":[1,0],"tid":324}},{"k":[30,1,0,28,0],"v":{"id":1,"t":[1,0],"tid":324}},{"k":[31,1,0,27,0],"v":{"id":1,"t":[1,0],"tid":318}},{"k":[21,1,0,16,0],"v":{"id":1,"t":[1,0],"tid":324}},{"k":[20,1,0,16,0],"v":{"id":1,"t":[1,0],"tid":324}},{"k":[23,1,0,16,0],"v":{"id":1,"t":[1,0],"tid":324}},{"k":[22,1,0,16,0],"v":{"id":1,"t":[1,0],"tid":324}},{"k":[17,1,0,16,0],"v":{"id":1,"t":[1,0],"tid":324}},{"k":[16,1,0,16,0],"v":{"id":1,"t":[1,0],"tid":324}},{"k":[19,1,0,16,0],"v":{"id":1,"t":[1,0],"tid":324}},{"k":[18,1,0,16,0],"v":{"id":1,"t":[1,0],"tid":324}},{"k":[24,1,0,21,0],"v":{"id":1,"t":[1,0],"tid":584}},{"k":[25,1,0,20,0],"v":{"id":1,"t":[1,0],"tid":370}},{"k":[24,1,0,20,0],"v":{"id":1,"t":[1,0],"tid":584}},{"k":[25,1,0,19,0],"v":{"id":1,"t":[1,0],"tid":370}},{"k":[24,1,0,23,0],"v":{"id":1,"t":[1,0],"tid":584}},{"k":[25,1,0,22,0],"v":{"id":1,"t":[1,0],"tid":370}},{"k":[16,1,0,31,0],"v":{"id":1,"t":[1,0],"tid":471}},{"k":[24,1,0,22,0],"v":{"id":1,"t":[1,0],"tid":584}},{"k":[25,1,0,21,0],"v":{"id":1,"t":[1,0],"tid":370}},{"k":[24,1,0,17,0],"v":{"id":1,"t":[1,0],"tid":584}},{"k":[25,1,0,16,0],"v":{"id":1,"t":[1,0],"tid":370}},{"k":[24,1,0,16,0],"v":{"id":1,"t":[1,0],"tid":308}},{"k":[24,1,0,19,0],"v":{"id":1,"t":[1,0],"tid":584}},{"k":[25,1,0,18,0],"v":{"id":1,"t":[1,0],"tid":370}},{"k":[24,1,0,18,0],"v":{"id":1,"t":[1,0],"tid":584}},{"k":[25,1,0,17,0],"v":{"id":1,"t":[1,0],"tid":370}},{"k":[24,1,0,29,0],"v":{"id":1,"t":[1,0],"tid":584}},{"k":[25,1,0,28,0],"v":{"id":1,"t":[1,0],"tid":316}},{"k":[22,1,0,31,0],"v":{"id":1,"t":[1,0],"tid":471}},{"k":[26,1,0,27,0],"v":{"id":1,"t":[1,0],"tid":318}},{"k":[27,1,0,26,0],"v":{"id":1,"t":[1,0],"tid":471}}],"floors":[{"k":[30,1,0,31,0],"v":{"t":[0,0]}},{"k":[31,1,0,30,0],"v":{"t":[0,0]}},{"k":[29,1,0,31,0],"v":{"t":[0,0]}},{"k":[30,1,0,30,0],"v":{"t":[0,0]}},{"k":[31,1,0,29,0],"v":{"t":[0,0]}},{"k":[31,1,0,31,0],"v":{"t":[0,0]}},{"k":[26,1,0,31,0],"v":{"t":[0,0]}},{"k":[27,1,0,30,0],"v":{"t":[0,0]}},{"k":[28,1,0,29,0],"v":{"t":[0,0]}},{"k":[26,1,0,30,0],"v":{"t":[0,0]}},{"k":[27,1,0,29,0],"v":{"t":[0,0]}},{"k":[31,1,0,25,0],"v":{"t":[0,0]}},{"k":[28,1,0,31,0],"v":{"t":[0,0]}},{"k":[29,1,0,30,0],"v":{"t":[0,0]}},{"k":[30,1,0,29,0],"v":{"t":[0,0]}},{"k":[27,1,0,31,0],"v":{"t":[0,0]}},{"k":[28,1,0,30,0],"v":{"t":[0,0]}},{"k":[29,1,0,29,0],"v":{"t":[0,0]}},{"k":[16,1,0,21,0],"v":{"t":[0,0]}},{"k":[17,1,0,20,0],"v":{"t":[0,0]}},{"k":[18,1,0,19,0],"v":{"t":[0,0]}},{"k":[19,1,0,18,0],"v":{"t":[0,0]}},{"k":[20,1,0,17,0],"v":{"t":[0,0]}},{"k":[16,1,0,20,0],"v":{"t":[0,0]}},{"k":[17,1,0,19,0],"v":{"t":[0,0]}},{"k":[18,1,0,18,0],"v":{"t":[0,0]}},{"k":[19,1,0,17,0],"v":{"t":[0,0]}},{"k":[16,1,0,23,0],"v":{"t":[0,0]}},{"k":[17,1,0,22,0],"v":{"t":[0,0]}},{"k":[18,1,0,21,0],"v":{"t":[0,0]}},{"k":[19,1,0,20,0],"v":{"t":[0,0]}},{"k":[20,1,0,19,0],"v":{"t":[0,0]}},{"k":[21,1,0,18,0],"v":{"t":[0,0]}},{"k":[22,1,0,17,0],"v":{"t":[0,0]}},{"k":[16,1,0,22,0],"v":{"t":[0,0]}},{"k":[17,1,0,21,0],"v":{"t":[0,0]}},{"k":[18,1,0,20,0],"v":{"t":[0,0]}},{"k":[19,1,0,19,0],"v":{"t":[0,0]}},{"k":[20,1,0,18,0],"v":{"t":[0,0]}},{"k":[21,1,0,17,0],"v":{"t":[0,0]}},{"k":[16,1,0,17,0],"v":{"t":[0,0]}},{"k":[16,1,0,19,0],"v":{"t":[0,0]}},{"k":[17,1,0,18,0],"v":{"t":[0,0]}},{"k":[18,1,0,17,0],"v":{"t":[0,0]}},{"k":[16,1,0,18,0],"v":{"t":[0,0]}},{"k":[17,1,0,17,0],"v":{"t":[0,0]}},{"k":[16,1,0,29,0],"v":{"t":[0,0]}},{"k":[17,1,0,28,0],"v":{"t":[0,0]}},{"k":[18,1,0,27,0],"v":{"t":[0,0]}},{"k":[19,1,0,26,0],"v":{"t":[0,0]}},{"k":[20,1,0,25,0],"v":{"t":[0,0]}},{"k":[21,1,0,24,0],"v":{"t":[0,0]}},{"k":[22,1,0,23,0],"v":{"t":[0,0]}},{"k":[23,1,0,22,0],"v":{"t":[0,0]}},{"k":[26,1,0,19,0],"v":{"t":[0,0]}},{"k":[27,1,0,18,0],"v":{"t":[0,0]}},{"k":[28,1,0,17,0],"v":{"t":[0,0]}},{"k":[29,1,0,16,0],"v":{"t":[0,0]}},{"k":[16,1,0,28,0],"v":{"t":[0,0]}},{"k":[17,1,0,27,0],"v":{"t":[0,0]}},{"k":[18,1,0,26,0],"v":{"t":[0,0]}},{"k":[19,1,0,25,0],"v":{"t":[0,0]}},{"k":[20,1,0,24,0],"v":{"t":[0,0]}},{"k":[21,1,0,23,0],"v":{"t":[0,0]}},{"k":[22,1,0,22,0],"v":{"t":[0,0]}},{"k":[23,1,0,21,0],"v":{"t":[0,0]}},{"k":[26,1,0,18,0],"v":{"t":[0,0]}},{"k":[27,1,0,17,0],"v":{"t":[0,0]}},{"k":[28,1,0,16,0],"v":{"t":[0,0]}},{"k":[17,1,0,30,0],"v":{"t":[0,0]}},{"k":[18,1,0,29,0],"v":{"t":[0,0]}},{"k":[19,1,0,28,0],"v":{"t":[0,0]}},{"k":[20,1,0,27,0],"v":{"t":[0,0]}},{"k":[21,1,0,26,0],"v":{"t":[0,0]}},{"k":[22,1,0,25,0],"v":{"t":[0,0]}},{"k":[23,1,0,24,0],"v":{"t":[0,0]}},{"k":[26,1,0,21,0],"v":{"t":[0,0]}},{"k":[27,1,0,20,0],"v":{"t":[0,0]}},{"k":[28,1,0,19,0],"v":{"t":[0,0]}},{"k":[29,1,0,18,0],"v":{"t":[0,0]}},{"k":[30,1,0,17,0],"v":{"t":[0,0]}},{"k":[31,1,0,16,0],"v":{"t":[0,0]}},{"k":[16,1,0,30,0],"v":{"t":[0,0]}},{"k":[17,1,0,29,0],"v":{"t":[0,0]}},{"k":[18,1,0,28,0],"v":{"t":[0,0]}},{"k":[19,1,0,27,0],"v":{"t":[0,0]}},{"k":[20,1,0,26,0],"v":{"t":[0,0]}},{"k":[21,1,0,25,0],"v":{"t":[0,0]}},{"k":[22,1,0,24,0],"v":{"t":[0,0]}},{"k":[23,1,0,23,0],"v":{"t":[0,0]}},{"k":[26,1,0,20,0],"v":{"t":[0,0]}},{"k":[27,1,0,19,0],"v":{"t":[0,0]}},{"k":[28,1,0,18,0],"v":{"t":[0,0]}},{"k":[29,1,0,17,0],"v":{"t":[0,0]}},{"k":[30,1,0,16,0],"v":{"t":[0,0]}},{"k":[16,1,0,25,0],"v":{"t":[0,0]}},{"k":[17,1,0,24,0],"v":{"t":[0,0]}},{"k":[18,1,0,23,0],"v":{"t":[0,0]}},{"k":[19,1,0,22,0],"v":{"t":[0,0]}},{"k":[20,1,0,21,0],"v":{"t":[0,0]}},{"k":[21,1,0,20,0],"v":{"t":[0,0]}},{"k":[22,1,0,19,0],"v":{"t":[0,0]}},{"k":[23,1,0,18,0],"v":{"t":[0,0]}},{"k":[16,1,0,24,0],"v":{"t":[0,0]}},{"k":[17,1,0,23,0],"v":{"t":[0,0]}},{"k":[18,1,0,22,0],"v":{"t":[0,0]}},{"k":[19,1,0,21,0],"v":{"t":[0,0]}},{"k":[20,1,0,20,0],"v":{"t":[0,0]}},{"k":[21,1,0,19,0],"v":{"t":[0,0]}},{"k":[22,1,0,18,0],"v":{"t":[0,0]}},{"k":[23,1,0,17,0],"v":{"t":[0,0]}},{"k":[16,1,0,27,0],"v":{"t":[0,0]}},{"k":[17,1,0,26,0],"v":{"t":[0,0]}},{"k":[18,1,0,25,0],"v":{"t":[0,0]}},{"k":[19,1,0,24,0],"v":{"t":[0,0]}},{"k":[20,1,0,23,0],"v":{"t":[0,0]}},{"k":[21,1,0,22,0],"v":{"t":[0,0]}},{"k":[22,1,0,21,0],"v":{"t":[0,0]}},{"k":[23,1,0,20,0],"v":{"t":[0,0]}},{"k":[26,1,0,17,0],"v":{"t":[0,0]}},{"k":[27,1,0,16,0],"v":{"t":[0,0]}},{"k":[16,1,0,26,0],"v":{"t":[0,0]}},{"k":[17,1,0,25,0],"v":{"t":[0,0]}},{"k":[18,1,0,24,0],"v":{"t":[0,0]}},{"k":[19,1,0,23,0],"v":{"t":[0,0]}},{"k":[20,1,0,22,0],"v":{"t":[0,0]}},{"k":[21,1,0,21,0],"v":{"t":[0,0]}},{"k":[22,1,0,20,0],"v":{"t":[0,0]}},{"k":[23,1,0,19,0],"v":{"t":[0,0]}},{"k":[26,1,0,16,0],"v":{"t":[0,0]}},{"k":[23,1,0,30,0],"v":{"t":[0,0]}},{"k":[28,1,0,25,0],"v":{"t":[0,0]}},{"k":[29,1,0,24,0],"v":{"t":[0,0]}},{"k":[30,1,0,23,0],"v":{"t":[0,0]}},{"k":[31,1,0,22,0],"v":{"t":[0,0]}},{"k":[22,1,0,30,0],"v":{"t":[0,0]}},{"k":[23,1,0,29,0],"v":{"t":[0,0]}},{"k":[27,1,0,25,0],"v":{"t":[0,0]}},{"k":[28,1,0,24,0],"v":{"t":[0,0]}},{"k":[29,1,0,23,0],"v":{"t":[0,0]}},{"k":[30,1,0,22,0],"v":{"t":[0,0]}},{"k":[31,1,0,21,0],"v":{"t":[0,0]}},{"k":[26,1,0,29,0],"v":{"t":[0,0]}},{"k":[30,1,0,25,0],"v":{"t":[0,0]}},{"k":[31,1,0,24,0],"v":{"t":[0,0]}},{"k":[29,1,0,25,0],"v":{"t":[0,0]}},{"k":[30,1,0,24,0],"v":{"t":[0,0]}},{"k":[31,1,0,23,0],"v":{"t":[0,0]}},{"k":[19,1,0,30,0],"v":{"t":[0,0]}},{"k":[20,1,0,29,0],"v":{"t":[0,0]}},{"k":[21,1,0,28,0],"v":{"t":[0,0]}},{"k":[22,1,0,27,0],"v":{"t":[0,0]}},{"k":[23,1,0,26,0],"v":{"t":[0,0]}},{"k":[26,1,0,23,0],"v":{"t":[0,0]}},{"k":[27,1,0,22,0],"v":{"t":[0,0]}},{"k":[28,1,0,21,0],"v":{"t":[0,0]}},{"k":[29,1,0,20,0],"v":{"t":[0,0]}},{"k":[30,1,0,19,0],"v":{"t":[0,0]}},{"k":[31,1,0,18,0],"v":{"t":[0,0]}},{"k":[18,1,0,30,0],"v":{"t":[0,0]}},{"k":[19,1,0,29,0],"v":{"t":[0,0]}},{"k":[20,1,0,28,0],"v":{"t":[0,0]}},{"k":[21,1,0,27,0],"v":{"t":[0,0]}},{"k":[22,1,0,26,0],"v":{"t":[0,0]}},{"k":[23,1,0,25,0],"v":{"t":[0,0]}},{"k":[26,1,0,22,0],"v":{"t":[0,0]}},{"k":[27,1,0,21,0],"v":{"t":[0,0]}},{"k":[28,1,0,20,0],"v":{"t":[0,0]}},{"k":[29,1,0,19,0],"v":{"t":[0,0]}},{"k":[30,1,0,18,0],"v":{"t":[0,0]}},{"k":[31,1,0,17,0],"v":{"t":[0,0]}},{"k":[21,1,0,30,0],"v":{"t":[0,0]}},{"k":[22,1,0,29,0],"v":{"t":[0,0]}},{"k":[23,1,0,28,0],"v":{"t":[0,0]}},{"k":[26,1,0,25,0],"v":{"t":[0,0]}},{"k":[27,1,0,24,0],"v":{"t":[0,0]}},{"k":[28,1,0,23,0],"v":{"t":[0,0]}},{"k":[29,1,0,22,0],"v":{"t":[0,0]}},{"k":[30,1,0,21,0],"v":{"t":[0,0]}},{"k":[31,1,0,20,0],"v":{"t":[0,0]}},{"k":[20,1,0,30,0],"v":{"t":[0,0]}},{"k":[21,1,0,29,0],"v":{"t":[0,0]}},{"k":[22,1,0,28,0],"v":{"t":[0,0]}},{"k":[23,1,0,27,0],"v":{"t":[0,0]}},{"k":[26,1,0,24,0],"v":{"t":[0,0]}},{"k":[27,1,0,23,0],"v":{"t":[0,0]}},{"k":[28,1,0,22,0],"v":{"t":[0,0]}},{"k":[29,1,0,21,0],"v":{"t":[0,0]}},{"k":[30,1,0,20,0],"v":{"t":[0,0]}},{"k":[31,1,0,19,0],"v":{"t":[0,0]}}]},"moun":{"a":[],"o":[]},"objs":{"list":[]},"objs3d":{"a":[{"k":[16,1,0,29,0],"v":{"did":109}},{"k":[16,1,0,30,0],"v":{"did":109}}],"o":[[32,1,0,35,0],[13,1,0,30,0]]},"sprites":{"list":[{"k":[21,1,0,18,0],"v":{"k":4,"t":[7,7,1,1]}},{"k":[17,1,0,21,0],"v":{"k":4,"t":[0,4,2,3]}},{"k":[22,1,0,23,0],"v":{"k":4,"t":[7,8,1,1]}},{"k":[18,1,0,27,0],"v":{"k":4,"t":[7,8,1,1]}},{"k":[28,1,0,16,0],"v":{"k":4,"t":[7,6,1,1]}},{"k":[30,1,0,17,0],"v":{"k":4,"t":[7,8,1,1]}},{"k":[27,1,0,20,0],"v":{"k":4,"t":[4,1,1,1]}},{"k":[20,1,0,26,0],"v":{"k":4,"t":[2,4,1,1]}},{"k":[29,0,0,18,0],"v":{"k":4,"t":[4,1,1,1]}},{"k":[30,0,0,17,0],"v":{"k":4,"t":[4,1,1,1]}},{"k":[17,1,0,24,0],"v":{"k":4,"t":[4,1,1,1]}},{"k":[19,1,0,21,0],"v":{"k":4,"t":[7,8,1,1]}},{"k":[20,1,0,23,0],"v":{"k":4,"t":[7,7,1,1]}},{"k":[20,1,0,22,0],"v":{"k":4,"t":[7,7,1,1]}},{"k":[17,1,0,25,0],"v":{"k":4,"t":[7,7,1,1]}},{"k":[30,1,0,23,0],"v":{"k":4,"t":[7,6,1,1]}},{"k":[21,1,0,28,0],"v":{"k":4,"t":[4,1,1,1]}},{"k":[29,1,0,20,0],"v":{"k":4,"t":[6,6,1,1]}},{"k":[28,1,0,20,0],"v":{"k":4,"t":[7,6,1,1]}},{"k":[22,1,0,29,0],"v":{"k":4,"t":[7,7,1,1]}},{"k":[28,1,0,23,0],"v":{"k":4,"t":[4,1,1,1]}},{"k":[27,1,0,24,0],"v":{"k":4,"t":[7,6,1,1]}},{"k":[31,1,0,20,0],"v":{"k":4,"t":[6,6,1,1]}}],"overflow":[],"walls":[]}}