{"lands":{"autotiles":[{"k":[23,0,0,1,0],"v":{"id":2,"t":[0,0],"tid":318}},{"k":[24,0,0,0,0],"v":{"id":2,"t":[0,0],"tid":471}},{"k":[21,0,0,3,0],"v":{"id":2,"t":[0,0],"tid":324}},{"k":[22,0,0,2,0],"v":{"id":2,"t":[0,0],"tid":318}},{"k":[22,0,0,1,0],"v":{"id":2,"t":[0,0],"tid":318}},{"k":[23,0,0,0,0],"v":{"id":2,"t":[0,0],"tid":471}},{"k":[21,0,0,2,0],"v":{"id":2,"t":[0,0],"tid":318}},{"k":[20,0,0,3,0],"v":{"id":2,"t":[0,0],"tid":324}},{"k":[21,0,0,1,0],"v":{"id":2,"t":[0,0],"tid":318}},{"k":[22,0,0,0,0],"v":{"id":2,"t":[0,0],"tid":471}},{"k":[20,0,0,2,0],"v":{"id":2,"t":[0,0],"tid":318}},{"k":[19,0,0,3,0],"v":{"id":2,"t":[0,0],"tid":324}},{"k":[20,0,0,1,0],"v":{"id":2,"t":[0,0],"tid":318}},{"k":[21,0,0,0,0],"v":{"id":2,"t":[0,0],"tid":471}},{"k":[19,0,0,2,0],"v":{"id":2,"t":[0,0],"tid":318}},{"k":[18,0,0,3,0],"v":{"id":2,"t":[0,0],"tid":324}},{"k":[19,0,0,1,0],"v":{"id":2,"t":[0,0],"tid":318}},{"k":[20,0,0,0,0],"v":{"id":2,"t":[0,0],"tid":471}},{"k":[18,0,0,2,0],"v":{"id":2,"t":[0,0],"tid":318}},{"k":[17,0,0,3,0],"v":{"id":2,"t":[0,0],"tid":324}},{"k":[31,0,0,1,0],"v":{"id":2,"t":[0,0],"tid":318}},{"k":[30,0,0,2,0],"v":{"id":2,"t":[0,0],"tid":318}},{"k":[24,1,0,7,0],"v":{"id":1,"t":[1,0],"tid":584}},{"k":[25,1,0,6,0],"v":{"id":1,"t":[1,0],"tid":370}},{"k":[16,1,0,15,0],"v":{"id":1,"t":[1,0],"tid":318}},{"k":[17,1,0,14,0],"v":{"id":1,"t":[1,0],"tid":471}},{"k":[29,0,0,3,0],"v":{"id":2,"t":[0,0],"tid":318}},{"k":[28,0,0,4,0],"v":{"id":2,"t":[0,0],"tid":324}},{"k":[18,0,0,1,0],"v":{"id":2,"t":[0,0],"tid":318}},{"k":[19,0,0,0,0],"v":{"id":2,"t":[0,0],"tid":471}},{"k":[17,0,0,2,0],"v":{"id":2,"t":[0,0],"tid":318}},{"k":[16,0,0,3,0],"v":{"id":2,"t":[0,0],"tid":324}},{"k":[30,0,0,1,0],"v":{"id":2,"t":[0,0],"tid":318}},{"k":[31,0,0,0,0],"v":{"id":2,"t":[0,0],"tid":471}},{"k":[29,0,0,2,0],"v":{"id":2,"t":[0,0],"tid":318}},{"k":[24,1,0,6,0],"v":{"id":1,"t":[1,0],"tid":584}},{"k":[16,1,0,14,0],"v":{"id":1,"t":[1,0],"tid":471}},{"k":[28,0,0,3,0],"v":{"id":2,"t":[0,0],"tid":318}},{"k":[27,0,0,4,0],"v":{"id":2,"t":[0,0],"tid":324}},{"k":[17,0,0,1,0],"v":{"id":2,"t":[0,0],"tid":318}},{"k":[18,0,0,0,0],"v":{"id":2,"t":[0,0],"tid":471}},{"k":[16,0,0,2,0],"v":{"id":2,"t":[0,0],"tid":318}},{"k":[25,1,0,5,0],"v":{"id":1,"t":[1,0],"tid":370}},{"k":[29,0,0,1,0],"v":{"id":2,"t":[0,0],"tid":318}},{"k":[30,0,0,0,0],"v":{"id":2,"t":[0,0],"tid":471}},{"k":[28,0,0,2,0],"v":{"id":2,"t":[0,0],"tid":318}},{"k":[24,1,0,5,0],"v":{"id":1,"t":[1,0],"tid":584}},{"k":[27,0,0,3,0],"v":{"id":2,"t":[0,0],"tid":318}},{"k":[26,0,0,4,0],"v":{"id":2,"t":[0,0],"tid":570}},{"k":[16,0,0,1,0],"v":{"id":2,"t":[0,0],"tid":318}},{"k":[17,0,0,0,0],"v":{"id":2,"t":[0,0],"tid":471}},{"k":[25,1,0,4,0],"v":{"id":1,"t":[1,0],"tid":370}},{"k":[28,0,0,1,0],"v":{"id":2,"t":[0,0],"tid":318}},{"k":[29,0,0,0,0],"v":{"id":2,"t":[0,0],"tid":471}},{"k":[27,0,0,2,0],"v":{"id":2,"t":[0,0],"tid":318}},{"k":[26,0,0,3,0],"v":{"id":2,"t":[0,0],"tid":308}},{"k":[24,1,0,4,0],"v":{"id":1,"t":[1,0],"tid":584}},{"k":[25,1,0,3,0],"v":{"id":1,"t":[1,0],"tid":370}},{"k":[27,0,0,1,0],"v":{"id":2,"t":[0,0],"tid":318}},{"k":[28,0,0,0,0],"v":{"id":2,"t":[0,0],"tid":471}},{"k":[26,0,0,2,0],"v":{"id":2,"t":[0,0],"tid":318}},{"k":[25,0,0,3,0],"v":{"id":2,"t":[0,0],"tid":324}},{"k":[24,1,0,3,0],"v":{"id":1,"t":[1,0],"tid":584}},{"k":[25,1,0,2,0],"v":{"id":1,"t":[1,0],"tid":370}},{"k":[26,0,0,1,0],"v":{"id":2,"t":[0,0],"tid":318}},{"k":[27,0,0,0,0],"v":{"id":2,"t":[0,0],"tid":471}},{"k":[25,1,0,1,0],"v":{"id":1,"t":[1,0],"tid":370}},{"k":[24,0,0,3,0],"v":{"id":2,"t":[0,0],"tid":324}},{"k":[25,0,0,2,0],"v":{"id":2,"t":[0,0],"tid":318}},{"k":[24,1,0,2,0],"v":{"id":1,"t":[1,0],"tid":584}},{"k":[25,0,0,1,0],"v":{"id":2,"t":[0,0],"tid":318}},{"k":[26,0,0,0,0],"v":{"id":2,"t":[0,0],"tid":471}},{"k":[24,1,0,1,0],"v":{"id":1,"t":[1,0],"tid":584}},{"k":[25,1,0,0,0],"v":{"id":1,"t":[1,0],"tid":423}},{"k":[23,0,0,3,0],"v":{"id":2,"t":[0,0],"tid":324}},{"k":[24,0,0,2,0],"v":{"id":2,"t":[0,0],"tid":318}},{"k":[24,0,0,1,0],"v":{"id":2,"t":[0,0],"tid":318}},{"k":[25,0,0,0,0],"v":{"id":2,"t":[0,0],"tid":471}},{"k":[24,1,0,0,0],"v":{"id":1,"t":[1,0],"tid":225}},{"k":[22,0,0,3,0],"v":{"id":2,"t":[0,0],"tid":324}},{"k":[23,0,0,2,0],"v":{"id":2,"t":[0,0],"tid":318}},{"k":[24,1,0,15,0],"v":{"id":1,"t":[1,0],"tid":318}},{"k":[25,1,0,14,0],"v":{"id":1,"t":[1,0],"tid":370}},{"k":[24,1,0,14,0],"v":{"id":1,"t":[1,0],"tid":62}},{"k":[25,1,0,13,0],"v":{"id":1,"t":[1,0],"tid":370}},{"k":[23,1,0,15,0],"v":{"id":1,"t":[1,0],"tid":318}},{"k":[24,1,0,13,0],"v":{"id":1,"t":[1,0],"tid":584}},{"k":[25,1,0,12,0],"v":{"id":1,"t":[1,0],"tid":370}},{"k":[22,1,0,15,0],"v":{"id":1,"t":[1,0],"tid":318}},{"k":[23,1,0,14,0],"v":{"id":1,"t":[1,0],"tid":471}},{"k":[24,1,0,12,0],"v":{"id":1,"t":[1,0],"tid":584}},{"k":[25,1,0,11,0],"v":{"id":1,"t":[1,0],"tid":370}},{"k":[21,1,0,15,0],"v":{"id":1,"t":[1,0],"tid":318}},{"k":[22,1,0,14,0],"v":{"id":1,"t":[1,0],"tid":471}},{"k":[24,1,0,11,0],"v":{"id":1,"t":[1,0],"tid":584}},{"k":[25,1,0,10,0],"v":{"id":1,"t":[1,0],"tid":370}},{"k":[20,1,0,15,0],"v":{"id":1,"t":[1,0],"tid":318}},{"k":[21,1,0,14,0],"v":{"id":1,"t":[1,0],"tid":471}},{"k":[24,1,0,10,0],"v":{"id":1,"t":[1,0],"tid":584}},{"k":[25,1,0,9,0],"v":{"id":1,"t":[1,0],"tid":370}},{"k":[19,1,0,15,0],"v":{"id":1,"t":[1,0],"tid":318}},{"k":[20,1,0,14,0],"v":{"id":1,"t":[1,0],"tid":471}},{"k":[30,0,0,5,0],"v":{"id":2,"t":[0,0],"tid":618}},{"k":[31,0,0,4,0],"v":{"id":2,"t":[0,0],"tid":372}},{"k":[24,1,0,9,0],"v":{"id":1,"t":[1,0],"tid":584}},{"k":[25,1,0,8,0],"v":{"id":1,"t":[1,0],"tid":370}},{"k":[18,1,0,15,0],"v":{"id":1,"t":[1,0],"tid":318}},{"k":[19,1,0,14,0],"v":{"id":1,"t":[1,0],"tid":471}},{"k":[31,0,0,3,0],"v":{"id":2,"t":[0,0],"tid":316}},{"k":[30,0,0,4,0],"v":{"id":2,"t":[0,0],"tid":306}},{"k":[31,0,0,2,0],"v":{"id":2,"t":[0,0],"tid":318}},{"k":[24,1,0,8,0],"v":{"id":1,"t":[1,0],"tid":584}},{"k":[25,1,0,7,0],"v":{"id":1,"t":[1,0],"tid":370}},{"k":[17,1,0,15,0],"v":{"id":1,"t":[1,0],"tid":318}},{"k":[18,1,0,14,0],"v":{"id":1,"t":[1,0],"tid":471}},{"k":[30,0,0,3,0],"v":{"id":2,"t":[0,0],"tid":318}},{"k":[29,0,0,4,0],"v":{"id":2,"t":[0,0],"tid":324}},{"k":[25,1,0,15,0],"v":{"id":1,"t":[1,0],"tid":370}},{"k":[16,0,0,0,0],"v":{"id":2,"t":[0,0],"tid":471}}],"floors":[{"k":[20,1,0,13,0],"v":{"t":[0,0]}},{"k":[21,1,0,12,0],"v":{"t":[0,0]}},{"k":[22,1,0,11,0],"v":{"t":[0,0]}},{"k":[23,1,0,10,0],"v":{"t":[0,0]}},{"k":[26,1,0,7,0],"v":{"t":[0,0]}},{"k":[27,1,0,6,0],"v":{"t":[0,0]}},{"k":[28,1,0,5,0],"v":{"t":[0,0]}},{"k":[19,1,0,13,0],"v":{"t":[0,0]}},{"k":[20,1,0,12,0],"v":{"t":[0,0]}},{"k":[21,1,0,11,0],"v":{"t":[0,0]}},{"k":[22,1,0,10,0],"v":{"t":[0,0]}},{"k":[23,1,0,9,0],"v":{"t":[0,0]}},{"k":[26,1,0,6,0],"v":{"t":[0,0]}},{"k":[31,2,0,0,0],"v":{"t":[0,0]}},{"k":[27,1,0,5,0],"v":{"t":[0,0]}},{"k":[31,1,0,15,0],"v":{"t":[0,0]}},{"k":[30,1,0,15,0],"v":{"t":[0,0]}},{"k":[31,1,0,14,0],"v":{"t":[0,0]}},{"k":[29,1,0,15,0],"v":{"t":[0,0]}},{"k":[30,1,0,14,0],"v":{"t":[0,0]}},{"k":[31,1,0,13,0],"v":{"t":[0,0]}},{"k":[28,1,0,15,0],"v":{"t":[0,0]}},{"k":[29,1,0,14,0],"v":{"t":[0,0]}},{"k":[30,1,0,13,0],"v":{"t":[0,0]}},{"k":[31,1,0,12,0],"v":{"t":[0,0]}},{"k":[27,1,0,15,0],"v":{"t":[0,0]}},{"k":[28,1,0,14,0],"v":{"t":[0,0]}},{"k":[29,1,0,13,0],"v":{"t":[0,0]}},{"k":[30,1,0,12,0],"v":{"t":[0,0]}},{"k":[31,1,0,11,0],"v":{"t":[0,0]}},{"k":[26,1,0,15,0],"v":{"t":[0,0]}},{"k":[27,1,0,14,0],"v":{"t":[0,0]}},{"k":[28,1,0,13,0],"v":{"t":[0,0]}},{"k":[29,1,0,12,0],"v":{"t":[0,0]}},{"k":[30,1,0,11,0],"v":{"t":[0,0]}},{"k":[31,1,0,10,0],"v":{"t":[0,0]}},{"k":[26,1,0,14,0],"v":{"t":[0,0]}},{"k":[27,1,0,13,0],"v":{"t":[0,0]}},{"k":[28,1,0,12,0],"v":{"t":[0,0]}},{"k":[29,1,0,11,0],"v":{"t":[0,0]}},{"k":[30,1,0,10,0],"v":{"t":[0,0]}},{"k":[31,1,0,9,0],"v":{"t":[0,0]}},{"k":[16,1,0,7,0],"v":{"t":[0,0]}},{"k":[17,1,0,6,0],"v":{"t":[0,0]}},{"k":[18,1,0,5,0],"v":{"t":[0,0]}},{"k":[22,2,0,0,0],"v":{"t":[0,0]}},{"k":[19,1,0,4,0],"v":{"t":[0,0]}},{"k":[16,1,0,6,0],"v":{"t":[0,0]}},{"k":[17,1,0,5,0],"v":{"t":[0,0]}},{"k":[21,2,0,0,0],"v":{"t":[0,0]}},{"k":[18,1,0,4,0],"v":{"t":[0,0]}},{"k":[16,1,0,5,0],"v":{"t":[0,0]}},{"k":[20,2,0,0,0],"v":{"t":[0,0]}},{"k":[17,1,0,4,0],"v":{"t":[0,0]}},{"k":[19,2,0,0,0],"v":{"t":[0,0]}},{"k":[16,1,0,4,0],"v":{"t":[0,0]}},{"k":[18,2,0,0,0],"v":{"t":[0,0]}},{"k":[17,2,0,0,0],"v":{"t":[0,0]}},{"k":[16,2,0,0,0],"v":{"t":[0,0]}},{"k":[18,1,0,13,0],"v":{"t":[0,0]}},{"k":[19,1,0,12,0],"v":{"t":[0,0]}},{"k":[20,1,0,11,0],"v":{"t":[0,0]}},{"k":[21,1,0,10,0],"v":{"t":[0,0]}},{"k":[22,1,0,9,0],"v":{"t":[0,0]}},{"k":[23,1,0,8,0],"v":{"t":[0,0]}},{"k":[30,2,0,0,0],"v":{"t":[0,0]}},{"k":[26,1,0,5,0],"v":{"t":[0,0]}},{"k":[17,1,0,13,0],"v":{"t":[0,0]}},{"k":[18,1,0,12,0],"v":{"t":[0,0]}},{"k":[19,1,0,11,0],"v":{"t":[0,0]}},{"k":[20,1,0,10,0],"v":{"t":[0,0]}},{"k":[21,1,0,9,0],"v":{"t":[0,0]}},{"k":[22,1,0,8,0],"v":{"t":[0,0]}},{"k":[23,1,0,7,0],"v":{"t":[0,0]}},{"k":[29,2,0,0,0],"v":{"t":[0,0]}},{"k":[16,1,0,13,0],"v":{"t":[0,0]}},{"k":[17,1,0,12,0],"v":{"t":[0,0]}},{"k":[18,1,0,11,0],"v":{"t":[0,0]}},{"k":[19,1,0,10,0],"v":{"t":[0,0]}},{"k":[20,1,0,9,0],"v":{"t":[0,0]}},{"k":[21,1,0,8,0],"v":{"t":[0,0]}},{"k":[22,1,0,7,0],"v":{"t":[0,0]}},{"k":[23,1,0,6,0],"v":{"t":[0,0]}},{"k":[28,2,0,0,0],"v":{"t":[0,0]}},{"k":[16,1,0,12,0],"v":{"t":[0,0]}},{"k":[17,1,0,11,0],"v":{"t":[0,0]}},{"k":[18,1,0,10,0],"v":{"t":[0,0]}},{"k":[19,1,0,9,0],"v":{"t":[0,0]}},{"k":[20,1,0,8,0],"v":{"t":[0,0]}},{"k":[21,1,0,7,0],"v":{"t":[0,0]}},{"k":[22,1,0,6,0],"v":{"t":[0,0]}},{"k":[23,1,0,5,0],"v":{"t":[0,0]}},{"k":[27,2,0,0,0],"v":{"t":[0,0]}},{"k":[16,1,0,11,0],"v":{"t":[0,0]}},{"k":[17,1,0,10,0],"v":{"t":[0,0]}},{"k":[18,1,0,9,0],"v":{"t":[0,0]}},{"k":[19,1,0,8,0],"v":{"t":[0,0]}},{"k":[20,1,0,7,0],"v":{"t":[0,0]}},{"k":[21,1,0,6,0],"v":{"t":[0,0]}},{"k":[22,1,0,5,0],"v":{"t":[0,0]}},{"k":[26,2,0,0,0],"v":{"t":[0,0]}},{"k":[23,1,0,4,0],"v":{"t":[0,0]}},{"k":[16,1,0,10,0],"v":{"t":[0,0]}},{"k":[17,1,0,9,0],"v":{"t":[0,0]}},{"k":[18,1,0,8,0],"v":{"t":[0,0]}},{"k":[19,1,0,7,0],"v":{"t":[0,0]}},{"k":[20,1,0,6,0],"v":{"t":[0,0]}},{"k":[21,1,0,5,0],"v":{"t":[0,0]}},{"k":[22,1,0,4,0],"v":{"t":[0,0]}},{"k":[16,1,0,9,0],"v":{"t":[0,0]}},{"k":[17,1,0,8,0],"v":{"t":[0,0]}},{"k":[18,1,0,7,0],"v":{"t":[0,0]}},{"k":[19,1,0,6,0],"v":{"t":[0,0]}},{"k":[20,1,0,5,0],"v":{"t":[0,0]}},{"k":[21,1,0,4,0],"v":{"t":[0,0]}},{"k":[16,1,0,8,0],"v":{"t":[0,0]}},{"k":[17,1,0,7,0],"v":{"t":[0,0]}},{"k":[18,1,0,6,0],"v":{"t":[0,0]}},{"k":[19,1,0,5,0],"v":{"t":[0,0]}},{"k":[23,2,0,0,0],"v":{"t":[0,0]}},{"k":[20,1,0,4,0],"v":{"t":[0,0]}},{"k":[26,1,0,13,0],"v":{"t":[0,0]}},{"k":[27,1,0,12,0],"v":{"t":[0,0]}},{"k":[28,1,0,11,0],"v":{"t":[0,0]}},{"k":[29,1,0,10,0],"v":{"t":[0,0]}},{"k":[30,1,0,9,0],"v":{"t":[0,0]}},{"k":[31,1,0,8,0],"v":{"t":[0,0]}},{"k":[26,1,0,12,0],"v":{"t":[0,0]}},{"k":[27,1,0,11,0],"v":{"t":[0,0]}},{"k":[28,1,0,10,0],"v":{"t":[0,0]}},{"k":[29,1,0,9,0],"v":{"t":[0,0]}},{"k":[30,1,0,8,0],"v":{"t":[0,0]}},{"k":[31,1,0,7,0],"v":{"t":[0,0]}},{"k":[26,1,0,11,0],"v":{"t":[0,0]}},{"k":[27,1,0,10,0],"v":{"t":[0,0]}},{"k":[28,1,0,9,0],"v":{"t":[0,0]}},{"k":[29,1,0,8,0],"v":{"t":[0,0]}},{"k":[30,1,0,7,0],"v":{"t":[0,0]}},{"k":[31,1,0,6,0],"v":{"t":[0,0]}},{"k":[23,1,0,13,0],"v":{"t":[0,0]}},{"k":[26,1,0,10,0],"v":{"t":[0,0]}},{"k":[27,1,0,9,0],"v":{"t":[0,0]}},{"k":[28,1,0,8,0],"v":{"t":[0,0]}},{"k":[29,1,0,7,0],"v":{"t":[0,0]}},{"k":[30,1,0,6,0],"v":{"t":[0,0]}},{"k":[31,1,0,5,0],"v":{"t":[0,0]}},{"k":[22,1,0,13,0],"v":{"t":[0,0]}},{"k":[23,1,0,12,0],"v":{"t":[0,0]}},{"k":[26,1,0,9,0],"v":{"t":[0,0]}},{"k":[27,1,0,8,0],"v":{"t":[0,0]}},{"k":[28,1,0,7,0],"v":{"t":[0,0]}},{"k":[29,1,0,6,0],"v":{"t":[0,0]}},{"k":[30,1,0,5,0],"v":{"t":[0,0]}},{"k":[21,1,0,13,0],"v":{"t":[0,0]}},{"k":[22,1,0,12,0],"v":{"t":[0,0]}},{"k":[23,1,0,11,0],"v":{"t":[0,0]}},{"k":[26,1,0,8,0],"v":{"t":[0,0]}},{"k":[27,1,0,7,0],"v":{"t":[0,0]}},{"k":[28,1,0,6,0],"v":{"t":[0,0]}},{"k":[29,1,0,5,0],"v":{"t":[0,0]}}]},"moun":{"a":[{"k":[25,0,0,1,0],"v":{"b":true,"l":true,"sid":1,"t":true}},{"k":[26,0,0,0,0],"v":{"hs":2,"r":true,"sid":1}},{"k":[24,0,0,2,0],"v":{"b":true,"r":true,"sid":1,"t":true}},{"k":[22,0,0,4,0],"v":{"l":true,"r":true,"sid":1}},{"k":[25,0,0,0,0],"v":{"b":true,"l":true,"sid":1}},{"k":[24,0,0,1,0],"v":{"b":true,"r":true,"sid":1,"t":true}},{"k":[21,0,0,4,0],"v":{"l":true,"r":true,"sid":1}},{"k":[31,0,0,5,0],"v":{"l":true,"r":true,"sid":1}},{"k":[30,0,0,5,0],"v":{"l":true,"r":true,"sid":1}},{"k":[29,0,0,5,0],"v":{"l":true,"r":true,"sid":1}},{"k":[28,0,0,5,0],"v":{"l":true,"r":true,"sid":1}},{"k":[16,0,0,0,0],"v":{"hs":2,"l":true,"r":true,"sid":1}},{"k":[24,0,0,0,0],"v":{"b":true,"r":true,"sid":1}},{"k":[20,0,0,4,0],"v":{"l":true,"r":true,"sid":1}},{"k":[23,0,0,0,0],"v":{"hs":2,"l":true,"sid":1}},{"k":[19,0,0,4,0],"v":{"l":true,"r":true,"sid":1}},{"k":[22,0,0,0,0],"v":{"hs":2,"l":true,"r":true,"sid":1}},{"k":[18,0,0,4,0],"v":{"l":true,"r":true,"sid":1}},{"k":[27,0,0,5,0],"v":{"l":true,"r":true,"sid":1}},{"k":[21,0,0,0,0],"v":{"hs":2,"l":true,"r":true,"sid":1}},{"k":[17,0,0,4,0],"v":{"l":true,"r":true,"sid":1}},{"k":[31,0,0,0,0],"v":{"hs":2,"l":true,"r":true,"sid":1}},{"k":[26,0,0,5,0],"v":{"l":true,"r":true,"sid":1}},{"k":[20,0,0,0,0],"v":{"hs":2,"l":true,"r":true,"sid":1}},{"k":[16,0,0,4,0],"v":{"r":true,"sid":1}},{"k":[30,0,0,0,0],"v":{"hs":2,"l":true,"r":true,"sid":1}},{"k":[25,0,0,5,0],"v":{"r":true,"sid":1,"t":true}},{"k":[19,0,0,0,0],"v":{"hs":2,"l":true,"r":true,"sid":1}},{"k":[29,0,0,0,0],"v":{"hs":2,"l":true,"r":true,"sid":1}},{"k":[25,0,0,4,0],"v":{"b":true,"sid":1,"t":true}},{"k":[18,0,0,0,0],"v":{"hs":2,"l":true,"r":true,"sid":1}},{"k":[28,0,0,0,0],"v":{"hs":2,"l":true,"r":true,"sid":1}},{"k":[25,0,0,3,0],"v":{"b":true,"l":true,"sid":1,"t":true}},{"k":[17,0,0,0,0],"v":{"hs":2,"l":true,"r":true,"sid":1}},{"k":[27,0,0,0,0],"v":{"hs":2,"l":true,"r":true,"sid":1}},{"k":[25,0,0,2,0],"v":{"b":true,"l":true,"sid":1,"t":true}},{"k":[24,0,0,3,0],"v":{"r":true,"sid":1,"t":true}},{"k":[23,0,0,4,0],"v":{"l":true,"sid":1}}],"o":[]},"objs":{"list":[]},"objs3d":{"a":[],"o":[]},"sprites":{"list":[{"k":[29,1,0,6,0],"v":{"k":4,"t":[6,6,1,1]}},{"k":[18,1,0,5,0],"v":{"k":4,"t":[6,6,1,1]}},{"k":[22,1,0,11,0],"v":{"k":4,"t":[4,1,1,1]}},{"k":[31,1,0,15,0],"v":{"k":4,"t":[2,4,1,1]}},{"k":[28,1,0,14,0],"v":{"k":4,"t":[4,1,1,1]}},{"k":[27,1,0,14,0],"v":{"k":4,"t":[7,6,1,1]}},{"k":[19,1,0,12,0],"v":{"k":4,"t":[6,6,1,1]}},{"k":[20,1,0,10,0],"v":{"k":4,"t":[7,7,1,1]}},{"k":[22,1,0,8,0],"v":{"k":4,"t":[6,6,1,1]}},{"k":[20,1,0,9,0],"v":{"k":4,"t":[7,8,1,1]}},{"k":[19,1,0,10,0],"v":{"k":4,"t":[4,1,1,1]}},{"k":[16,1,0,12,0],"v":{"k":4,"t":[6,6,1,1]}},{"k":[22,1,0,5,0],"v":{"k":4,"t":[6,6,1,1]}},{"k":[19,1,0,7,0],"v":{"k":4,"t":[2,4,1,1]}},{"k":[17,1,0,8,0],"v":{"k":4,"t":[7,8,1,1]}},{"k":[20,1,0,4,0],"v":{"k":4,"t":[6,6,1,1]}},{"k":[28,1,0,11,0],"v":{"k":4,"t":[4,1,1,1]}},{"k":[30,1,0,9,0],"v":{"k":4,"t":[4,1,1,1]}},{"k":[27,1,0,9,0],"v":{"k":4,"t":[7,6,1,1]}}],"overflow":[],"walls":[]}}