{"lands":{"autotiles":[],"floors":[{"k":[44,1,0,49,0],"v":{"t":[0,0]}},{"k":[45,1,0,48,0],"v":{"t":[0,0]}},{"k":[43,1,0,49,0],"v":{"t":[0,0]}},{"k":[44,1,0,48,0],"v":{"t":[0,0]}},{"k":[42,1,0,49,0],"v":{"t":[0,0]}},{"k":[43,1,0,48,0],"v":{"t":[0,0]}},{"k":[41,1,0,49,0],"v":{"t":[0,0]}},{"k":[42,1,0,48,0],"v":{"t":[0,0]}},{"k":[40,1,0,49,0],"v":{"t":[0,0]}},{"k":[41,1,0,48,0],"v":{"t":[0,0]}},{"k":[39,1,0,49,0],"v":{"t":[0,0]}},{"k":[40,1,0,48,0],"v":{"t":[0,0]}},{"k":[38,1,0,49,0],"v":{"t":[0,0]}},{"k":[39,1,0,48,0],"v":{"t":[0,0]}},{"k":[37,1,0,49,0],"v":{"t":[0,0]}},{"k":[38,1,0,48,0],"v":{"t":[0,0]}},{"k":[36,1,0,49,0],"v":{"t":[0,0]}},{"k":[37,1,0,48,0],"v":{"t":[0,0]}},{"k":[35,1,0,49,0],"v":{"t":[0,0]}},{"k":[36,1,0,48,0],"v":{"t":[0,0]}},{"k":[34,1,0,49,0],"v":{"t":[0,0]}},{"k":[35,1,0,48,0],"v":{"t":[0,0]}},{"k":[33,1,0,49,0],"v":{"t":[0,0]}},{"k":[34,1,0,48,0],"v":{"t":[0,0]}},{"k":[32,1,0,49,0],"v":{"t":[0,0]}},{"k":[33,1,0,48,0],"v":{"t":[0,0]}},{"k":[47,1,0,49,0],"v":{"t":[0,0]}},{"k":[32,1,0,48,0],"v":{"t":[0,0]}},{"k":[46,1,0,49,0],"v":{"t":[0,0]}},{"k":[47,1,0,48,0],"v":{"t":[0,0]}},{"k":[45,1,0,49,0],"v":{"t":[0,0]}},{"k":[46,1,0,48,0],"v":{"t":[0,0]}}]},"moun":{"a":[{"k":[45,0,0,49,0],"v":{"l":true,"r":true,"sid":1,"t":true}},{"k":[46,0,0,48,0],"v":{"b":true,"l":true,"r":true,"sid":1}},{"k":[44,0,0,49,0],"v":{"l":true,"r":true,"sid":1,"t":true}},{"k":[45,0,0,48,0],"v":{"b":true,"l":true,"r":true,"sid":1}},{"k":[43,0,0,49,0],"v":{"l":true,"r":true,"sid":1,"t":true}},{"k":[44,0,0,48,0],"v":{"b":true,"l":true,"r":true,"sid":1}},{"k":[42,0,0,49,0],"v":{"l":true,"r":true,"sid":1,"t":true}},{"k":[43,0,0,48,0],"v":{"b":true,"l":true,"r":true,"sid":1}},{"k":[41,0,0,49,0],"v":{"l":true,"r":true,"sid":1,"t":true}},{"k":[42,0,0,48,0],"v":{"b":true,"l":true,"r":true,"sid":1}},{"k":[40,0,0,49,0],"v":{"l":true,"r":true,"sid":1,"t":true}},{"k":[41,0,0,48,0],"v":{"b":true,"l":true,"r":true,"sid":1}},{"k":[39,0,0,49,0],"v":{"l":true,"r":true,"sid":1,"t":true}},{"k":[40,0,0,48,0],"v":{"b":true,"l":true,"r":true,"sid":1}},{"k":[38,0,0,49,0],"v":{"l":true,"r":true,"sid":1,"t":true}},{"k":[39,0,0,48,0],"v":{"b":true,"l":true,"r":true,"sid":1}},{"k":[37,0,0,49,0],"v":{"l":true,"r":true,"sid":1,"t":true}},{"k":[38,0,0,48,0],"v":{"b":true,"l":true,"r":true,"sid":1}},{"k":[36,0,0,49,0],"v":{"l":true,"r":true,"sid":1,"t":true}},{"k":[37,0,0,48,0],"v":{"b":true,"l":true,"r":true,"sid":1}},{"k":[35,0,0,49,0],"v":{"l":true,"r":true,"sid":1,"t":true}},{"k":[36,0,0,48,0],"v":{"b":true,"l":true,"r":true,"sid":1}},{"k":[34,0,0,49,0],"v":{"l":true,"r":true,"sid":1,"t":true}},{"k":[35,0,0,48,0],"v":{"b":true,"l":true,"r":true,"sid":1}},{"k":[33,0,0,49,0],"v":{"l":true,"r":true,"sid":1,"t":true}},{"k":[34,0,0,48,0],"v":{"b":true,"l":true,"r":true,"sid":1}},{"k":[32,0,0,49,0],"v":{"l":true,"r":true,"sid":1,"t":true}},{"k":[33,0,0,48,0],"v":{"b":true,"l":true,"r":true,"sid":1}},{"k":[47,0,0,49,0],"v":{"l":true,"r":true,"sid":1,"t":true}},{"k":[32,0,0,48,0],"v":{"b":true,"l":true,"r":true,"sid":1}},{"k":[46,0,0,49,0],"v":{"l":true,"r":true,"sid":1,"t":true}},{"k":[47,0,0,48,0],"v":{"b":true,"l":true,"sid":1}}],"o":[]},"objs":{"list":[]},"objs3d":{"a":[],"o":[]},"sprites":{"list":[{"k":[32,1,0,49,0],"v":{"k":4,"t":[7,7,1,1]}},{"k":[46,1,0,49,0],"v":{"k":4,"t":[7,7,1,1]}},{"k":[38,1,0,48,0],"v":{"k":4,"t":[7,8,1,1]}},{"k":[36,1,0,49,0],"v":{"k":4,"t":[7,7,1,1]}},{"k":[42,1,0,49,0],"v":{"k":4,"t":[7,7,1,1]}},{"k":[36,1,0,48,0],"v":{"k":4,"t":[4,1,1,1]}},{"k":[35,1,0,48,0],"v":{"k":4,"t":[4,1,1,1]}}],"overflow":[],"walls":[]}}