{"lands":{"autotiles":[{"k":[47,1,0,45,0],"v":{"id":1,"t":[1,0],"tid":324}},{"k":[46,1,0,45,0],"v":{"id":1,"t":[1,0],"tid":324}},{"k":[47,1,0,44,0],"v":{"id":1,"t":[1,0],"tid":471}},{"k":[45,1,0,45,0],"v":{"id":1,"t":[1,0],"tid":324}},{"k":[46,1,0,44,0],"v":{"id":1,"t":[1,0],"tid":471}},{"k":[44,1,0,45,0],"v":{"id":1,"t":[1,0],"tid":324}},{"k":[45,1,0,44,0],"v":{"id":1,"t":[1,0],"tid":471}},{"k":[43,1,0,45,0],"v":{"id":1,"t":[1,0],"tid":324}},{"k":[44,1,0,44,0],"v":{"id":1,"t":[1,0],"tid":471}},{"k":[34,1,0,37,0],"v":{"id":1,"t":[1,0],"tid":324}},{"k":[35,1,0,36,0],"v":{"id":1,"t":[1,0],"tid":471}},{"k":[33,1,0,37,0],"v":{"id":1,"t":[1,0],"tid":324}},{"k":[34,1,0,36,0],"v":{"id":1,"t":[1,0],"tid":471}},{"k":[32,1,0,37,0],"v":{"id":1,"t":[1,0],"tid":324}},{"k":[33,1,0,36,0],"v":{"id":1,"t":[1,0],"tid":471}},{"k":[32,1,0,36,0],"v":{"id":1,"t":[1,0],"tid":471}},{"k":[34,1,0,45,0],"v":{"id":1,"t":[1,0],"tid":324}},{"k":[35,1,0,44,0],"v":{"id":1,"t":[1,0],"tid":471}},{"k":[33,1,0,45,0],"v":{"id":1,"t":[1,0],"tid":324}},{"k":[34,1,0,44,0],"v":{"id":1,"t":[1,0],"tid":471}},{"k":[32,1,0,45,0],"v":{"id":1,"t":[1,0],"tid":324}},{"k":[33,1,0,44,0],"v":{"id":1,"t":[1,0],"tid":471}},{"k":[32,1,0,44,0],"v":{"id":1,"t":[1,0],"tid":471}},{"k":[39,1,0,37,0],"v":{"id":1,"t":[1,0],"tid":372}},{"k":[38,1,0,37,0],"v":{"id":1,"t":[1,0],"tid":324}},{"k":[39,1,0,36,0],"v":{"id":1,"t":[1,0],"tid":423}},{"k":[37,1,0,37,0],"v":{"id":1,"t":[1,0],"tid":324}},{"k":[38,1,0,36,0],"v":{"id":1,"t":[1,0],"tid":471}},{"k":[36,1,0,37,0],"v":{"id":1,"t":[1,0],"tid":324}},{"k":[37,1,0,36,0],"v":{"id":1,"t":[1,0],"tid":471}},{"k":[35,1,0,37,0],"v":{"id":1,"t":[1,0],"tid":324}},{"k":[36,1,0,36,0],"v":{"id":1,"t":[1,0],"tid":471}},{"k":[42,1,0,45,0],"v":{"id":1,"t":[1,0],"tid":324}},{"k":[43,1,0,44,0],"v":{"id":1,"t":[1,0],"tid":471}},{"k":[41,1,0,45,0],"v":{"id":1,"t":[1,0],"tid":324}},{"k":[42,1,0,44,0],"v":{"id":1,"t":[1,0],"tid":471}},{"k":[40,1,0,45,0],"v":{"id":1,"t":[1,0],"tid":324}},{"k":[41,1,0,44,0],"v":{"id":1,"t":[1,0],"tid":471}},{"k":[39,1,0,45,0],"v":{"id":1,"t":[1,0],"tid":324}},{"k":[40,1,0,44,0],"v":{"id":1,"t":[1,0],"tid":471}},{"k":[38,1,0,45,0],"v":{"id":1,"t":[1,0],"tid":324}},{"k":[39,1,0,44,0],"v":{"id":1,"t":[1,0],"tid":471}},{"k":[37,1,0,45,0],"v":{"id":1,"t":[1,0],"tid":324}},{"k":[38,1,0,44,0],"v":{"id":1,"t":[1,0],"tid":471}},{"k":[36,1,0,45,0],"v":{"id":1,"t":[1,0],"tid":324}},{"k":[37,1,0,44,0],"v":{"id":1,"t":[1,0],"tid":471}},{"k":[35,1,0,45,0],"v":{"id":1,"t":[1,0],"tid":324}},{"k":[36,1,0,44,0],"v":{"id":1,"t":[1,0],"tid":471}}],"floors":[{"k":[32,1,0,39,0],"v":{"t":[0,0]}},{"k":[33,1,0,38,0],"v":{"t":[0,0]}},{"k":[36,1,0,35,0],"v":{"t":[0,0]}},{"k":[37,1,0,34,0],"v":{"t":[0,0]}},{"k":[38,1,0,33,0],"v":{"t":[0,0]}},{"k":[39,1,0,32,0],"v":{"t":[0,0]}},{"k":[32,1,0,38,0],"v":{"t":[0,0]}},{"k":[35,1,0,35,0],"v":{"t":[0,0]}},{"k":[36,1,0,34,0],"v":{"t":[0,0]}},{"k":[37,1,0,33,0],"v":{"t":[0,0]}},{"k":[38,1,0,32,0],"v":{"t":[0,0]}},{"k":[34,1,0,35,0],"v":{"t":[0,0]}},{"k":[35,1,0,34,0],"v":{"t":[0,0]}},{"k":[36,1,0,33,0],"v":{"t":[0,0]}},{"k":[37,1,0,32,0],"v":{"t":[0,0]}},{"k":[33,1,0,35,0],"v":{"t":[0,0]}},{"k":[34,1,0,34,0],"v":{"t":[0,0]}},{"k":[35,1,0,33,0],"v":{"t":[0,0]}},{"k":[36,1,0,32,0],"v":{"t":[0,0]}},{"k":[32,1,0,35,0],"v":{"t":[0,0]}},{"k":[33,1,0,34,0],"v":{"t":[0,0]}},{"k":[34,1,0,33,0],"v":{"t":[0,0]}},{"k":[35,1,0,32,0],"v":{"t":[0,0]}},{"k":[32,1,0,34,0],"v":{"t":[0,0]}},{"k":[33,1,0,33,0],"v":{"t":[0,0]}},{"k":[34,1,0,32,0],"v":{"t":[0,0]}},{"k":[32,1,0,33,0],"v":{"t":[0,0]}},{"k":[33,1,0,32,0],"v":{"t":[0,0]}},{"k":[32,1,0,32,0],"v":{"t":[0,0]}},{"k":[32,1,0,47,0],"v":{"t":[0,0]}},{"k":[33,1,0,46,0],"v":{"t":[0,0]}},{"k":[36,1,0,43,0],"v":{"t":[0,0]}},{"k":[37,1,0,42,0],"v":{"t":[0,0]}},{"k":[38,1,0,41,0],"v":{"t":[0,0]}},{"k":[39,1,0,40,0],"v":{"t":[0,0]}},{"k":[40,1,0,39,0],"v":{"t":[0,0]}},{"k":[41,1,0,38,0],"v":{"t":[0,0]}},{"k":[44,1,0,35,0],"v":{"t":[0,0]}},{"k":[45,1,0,34,0],"v":{"t":[0,0]}},{"k":[46,1,0,33,0],"v":{"t":[0,0]}},{"k":[47,1,0,32,0],"v":{"t":[0,0]}},{"k":[42,1,0,37,0],"v":{"t":[0,0]}},{"k":[43,1,0,36,0],"v":{"t":[0,0]}},{"k":[32,1,0,46,0],"v":{"t":[0,0]}},{"k":[35,1,0,43,0],"v":{"t":[0,0]}},{"k":[36,1,0,42,0],"v":{"t":[0,0]}},{"k":[37,1,0,41,0],"v":{"t":[0,0]}},{"k":[38,1,0,40,0],"v":{"t":[0,0]}},{"k":[39,1,0,39,0],"v":{"t":[0,0]}},{"k":[40,1,0,38,0],"v":{"t":[0,0]}},{"k":[43,1,0,35,0],"v":{"t":[0,0]}},{"k":[44,1,0,34,0],"v":{"t":[0,0]}},{"k":[45,1,0,33,0],"v":{"t":[0,0]}},{"k":[46,1,0,32,0],"v":{"t":[0,0]}},{"k":[41,1,0,37,0],"v":{"t":[0,0]}},{"k":[42,1,0,36,0],"v":{"t":[0,0]}},{"k":[34,1,0,43,0],"v":{"t":[0,0]}},{"k":[35,1,0,42,0],"v":{"t":[0,0]}},{"k":[36,1,0,41,0],"v":{"t":[0,0]}},{"k":[37,1,0,40,0],"v":{"t":[0,0]}},{"k":[38,1,0,39,0],"v":{"t":[0,0]}},{"k":[39,1,0,38,0],"v":{"t":[0,0]}},{"k":[42,1,0,35,0],"v":{"t":[0,0]}},{"k":[43,1,0,34,0],"v":{"t":[0,0]}},{"k":[44,1,0,33,0],"v":{"t":[0,0]}},{"k":[45,1,0,32,0],"v":{"t":[0,0]}},{"k":[40,1,0,37,0],"v":{"t":[0,0]}},{"k":[41,1,0,36,0],"v":{"t":[0,0]}},{"k":[33,1,0,43,0],"v":{"t":[0,0]}},{"k":[34,1,0,42,0],"v":{"t":[0,0]}},{"k":[35,1,0,41,0],"v":{"t":[0,0]}},{"k":[36,1,0,40,0],"v":{"t":[0,0]}},{"k":[37,1,0,39,0],"v":{"t":[0,0]}},{"k":[38,1,0,38,0],"v":{"t":[0,0]}},{"k":[41,1,0,35,0],"v":{"t":[0,0]}},{"k":[42,1,0,34,0],"v":{"t":[0,0]}},{"k":[43,1,0,33,0],"v":{"t":[0,0]}},{"k":[44,1,0,32,0],"v":{"t":[0,0]}},{"k":[40,1,0,36,0],"v":{"t":[0,0]}},{"k":[32,1,0,43,0],"v":{"t":[0,0]}},{"k":[33,1,0,42,0],"v":{"t":[0,0]}},{"k":[34,1,0,41,0],"v":{"t":[0,0]}},{"k":[35,1,0,40,0],"v":{"t":[0,0]}},{"k":[36,1,0,39,0],"v":{"t":[0,0]}},{"k":[37,1,0,38,0],"v":{"t":[0,0]}},{"k":[40,1,0,35,0],"v":{"t":[0,0]}},{"k":[41,1,0,34,0],"v":{"t":[0,0]}},{"k":[42,1,0,33,0],"v":{"t":[0,0]}},{"k":[43,1,0,32,0],"v":{"t":[0,0]}},{"k":[32,1,0,42,0],"v":{"t":[0,0]}},{"k":[33,1,0,41,0],"v":{"t":[0,0]}},{"k":[34,1,0,40,0],"v":{"t":[0,0]}},{"k":[35,1,0,39,0],"v":{"t":[0,0]}},{"k":[36,1,0,38,0],"v":{"t":[0,0]}},{"k":[39,1,0,35,0],"v":{"t":[0,0]}},{"k":[40,1,0,34,0],"v":{"t":[0,0]}},{"k":[41,1,0,33,0],"v":{"t":[0,0]}},{"k":[42,1,0,32,0],"v":{"t":[0,0]}},{"k":[32,1,0,41,0],"v":{"t":[0,0]}},{"k":[33,1,0,40,0],"v":{"t":[0,0]}},{"k":[34,1,0,39,0],"v":{"t":[0,0]}},{"k":[35,1,0,38,0],"v":{"t":[0,0]}},{"k":[38,1,0,35,0],"v":{"t":[0,0]}},{"k":[39,1,0,34,0],"v":{"t":[0,0]}},{"k":[40,1,0,33,0],"v":{"t":[0,0]}},{"k":[41,1,0,32,0],"v":{"t":[0,0]}},{"k":[32,1,0,40,0],"v":{"t":[0,0]}},{"k":[33,1,0,39,0],"v":{"t":[0,0]}},{"k":[34,1,0,38,0],"v":{"t":[0,0]}},{"k":[37,1,0,35,0],"v":{"t":[0,0]}},{"k":[38,1,0,34,0],"v":{"t":[0,0]}},{"k":[39,1,0,33,0],"v":{"t":[0,0]}},{"k":[40,1,0,32,0],"v":{"t":[0,0]}},{"k":[40,1,0,47,0],"v":{"t":[0,0]}},{"k":[41,1,0,46,0],"v":{"t":[0,0]}},{"k":[44,1,0,43,0],"v":{"t":[0,0]}},{"k":[45,1,0,42,0],"v":{"t":[0,0]}},{"k":[46,1,0,41,0],"v":{"t":[0,0]}},{"k":[47,1,0,40,0],"v":{"t":[0,0]}},{"k":[39,1,0,47,0],"v":{"t":[0,0]}},{"k":[40,1,0,46,0],"v":{"t":[0,0]}},{"k":[43,1,0,43,0],"v":{"t":[0,0]}},{"k":[44,1,0,42,0],"v":{"t":[0,0]}},{"k":[45,1,0,41,0],"v":{"t":[0,0]}},{"k":[46,1,0,40,0],"v":{"t":[0,0]}},{"k":[47,1,0,39,0],"v":{"t":[0,0]}},{"k":[38,1,0,47,0],"v":{"t":[0,0]}},{"k":[39,1,0,46,0],"v":{"t":[0,0]}},{"k":[42,1,0,43,0],"v":{"t":[0,0]}},{"k":[43,1,0,42,0],"v":{"t":[0,0]}},{"k":[44,1,0,41,0],"v":{"t":[0,0]}},{"k":[45,1,0,40,0],"v":{"t":[0,0]}},{"k":[46,1,0,39,0],"v":{"t":[0,0]}},{"k":[47,1,0,38,0],"v":{"t":[0,0]}},{"k":[37,1,0,47,0],"v":{"t":[0,0]}},{"k":[38,1,0,46,0],"v":{"t":[0,0]}},{"k":[41,1,0,43,0],"v":{"t":[0,0]}},{"k":[42,1,0,42,0],"v":{"t":[0,0]}},{"k":[43,1,0,41,0],"v":{"t":[0,0]}},{"k":[44,1,0,40,0],"v":{"t":[0,0]}},{"k":[45,1,0,39,0],"v":{"t":[0,0]}},{"k":[46,1,0,38,0],"v":{"t":[0,0]}},{"k":[47,1,0,37,0],"v":{"t":[0,0]}},{"k":[36,1,0,47,0],"v":{"t":[0,0]}},{"k":[37,1,0,46,0],"v":{"t":[0,0]}},{"k":[40,1,0,43,0],"v":{"t":[0,0]}},{"k":[41,1,0,42,0],"v":{"t":[0,0]}},{"k":[42,1,0,41,0],"v":{"t":[0,0]}},{"k":[43,1,0,40,0],"v":{"t":[0,0]}},{"k":[44,1,0,39,0],"v":{"t":[0,0]}},{"k":[45,1,0,38,0],"v":{"t":[0,0]}},{"k":[46,1,0,37,0],"v":{"t":[0,0]}},{"k":[47,1,0,36,0],"v":{"t":[0,0]}},{"k":[35,1,0,47,0],"v":{"t":[0,0]}},{"k":[36,1,0,46,0],"v":{"t":[0,0]}},{"k":[39,1,0,43,0],"v":{"t":[0,0]}},{"k":[40,1,0,42,0],"v":{"t":[0,0]}},{"k":[41,1,0,41,0],"v":{"t":[0,0]}},{"k":[42,1,0,40,0],"v":{"t":[0,0]}},{"k":[43,1,0,39,0],"v":{"t":[0,0]}},{"k":[44,1,0,38,0],"v":{"t":[0,0]}},{"k":[46,1,0,36,0],"v":{"t":[0,0]}},{"k":[47,1,0,35,0],"v":{"t":[0,0]}},{"k":[45,1,0,37,0],"v":{"t":[0,0]}},{"k":[34,1,0,47,0],"v":{"t":[0,0]}},{"k":[35,1,0,46,0],"v":{"t":[0,0]}},{"k":[38,1,0,43,0],"v":{"t":[0,0]}},{"k":[39,1,0,42,0],"v":{"t":[0,0]}},{"k":[40,1,0,41,0],"v":{"t":[0,0]}},{"k":[41,1,0,40,0],"v":{"t":[0,0]}},{"k":[42,1,0,39,0],"v":{"t":[0,0]}},{"k":[43,1,0,38,0],"v":{"t":[0,0]}},{"k":[46,1,0,35,0],"v":{"t":[0,0]}},{"k":[47,1,0,34,0],"v":{"t":[0,0]}},{"k":[44,1,0,37,0],"v":{"t":[0,0]}},{"k":[45,1,0,36,0],"v":{"t":[0,0]}},{"k":[33,1,0,47,0],"v":{"t":[0,0]}},{"k":[34,1,0,46,0],"v":{"t":[0,0]}},{"k":[37,1,0,43,0],"v":{"t":[0,0]}},{"k":[38,1,0,42,0],"v":{"t":[0,0]}},{"k":[39,1,0,41,0],"v":{"t":[0,0]}},{"k":[40,1,0,40,0],"v":{"t":[0,0]}},{"k":[41,1,0,39,0],"v":{"t":[0,0]}},{"k":[42,1,0,38,0],"v":{"t":[0,0]}},{"k":[45,1,0,35,0],"v":{"t":[0,0]}},{"k":[46,1,0,34,0],"v":{"t":[0,0]}},{"k":[47,1,0,33,0],"v":{"t":[0,0]}},{"k":[43,1,0,37,0],"v":{"t":[0,0]}},{"k":[44,1,0,36,0],"v":{"t":[0,0]}},{"k":[47,1,0,47,0],"v":{"t":[0,0]}},{"k":[46,1,0,47,0],"v":{"t":[0,0]}},{"k":[47,1,0,46,0],"v":{"t":[0,0]}},{"k":[45,1,0,47,0],"v":{"t":[0,0]}},{"k":[46,1,0,46,0],"v":{"t":[0,0]}},{"k":[44,1,0,47,0],"v":{"t":[0,0]}},{"k":[45,1,0,46,0],"v":{"t":[0,0]}},{"k":[43,1,0,47,0],"v":{"t":[0,0]}},{"k":[44,1,0,46,0],"v":{"t":[0,0]}},{"k":[47,1,0,43,0],"v":{"t":[0,0]}},{"k":[42,1,0,47,0],"v":{"t":[0,0]}},{"k":[43,1,0,46,0],"v":{"t":[0,0]}},{"k":[46,1,0,43,0],"v":{"t":[0,0]}},{"k":[47,1,0,42,0],"v":{"t":[0,0]}},{"k":[41,1,0,47,0],"v":{"t":[0,0]}},{"k":[42,1,0,46,0],"v":{"t":[0,0]}},{"k":[45,1,0,43,0],"v":{"t":[0,0]}},{"k":[46,1,0,42,0],"v":{"t":[0,0]}},{"k":[47,1,0,41,0],"v":{"t":[0,0]}}]},"moun":{"a":[],"o":[]},"objs":{"list":[{"k":[38,1,0,34,0],"v":{"events":[{"id":1,"name":"Hero action","p":[],"r":{"1":{"bh":true,"c":[]}},"sys":false}],"hId":-1,"id":15,"name":"OBJ0015","ooepf":false,"states":[{"cam":true,"climb":false,"dir":false,"f":2,"gid":55,"gk":4,"id":1,"move":true,"name":"Estado 1","omk":1,"pix":true,"pos":false,"stop":false,"sx":{"k":12,"v":1},"sy":{"k":12,"v":1},"sz":{"k":12,"v":1},"through":false,"x":0,"y":0}]}},{"k":[32,1,0,36,0],"v":{"events":[{"id":1,"name":"Hero action","p":[],"r":{"1":{"bh":true,"c":[{"command":[8,"",-1,0,0,1,"Porta trancada"],"kind":1}]}},"sys":false}],"hId":-1,"id":8,"name":"OBJ0004","ooepf":false,"states":[{"cam":true,"climb":false,"dir":false,"gid":-1,"gk":0,"id":1,"move":true,"name":"Estado 1","pix":true,"pos":false,"stop":false,"sx":{"k":12,"v":1},"sy":{"k":12,"v":1},"sz":{"k":12,"v":1},"through":false,"x":0,"y":0}]}}]},"objs3d":{"a":[{"k":[39,1,0,38,0],"v":{"did":18}},{"k":[38,1,0,38,0],"v":{"did":18}},{"k":[37,1,0,38,0],"v":{"did":18}},{"k":[36,1,0,38,0],"v":{"did":18}},{"k":[39,1,0,35,0],"v":{"did":18}},{"k":[35,1,0,38,0],"v":{"did":18}},{"k":[38,1,0,35,0],"v":{"did":18}},{"k":[40,1,0,38,0,12.5,6.25,180],"v":{"did":20}},{"k":[34,1,0,38,0],"v":{"did":18}},{"k":[37,1,0,35,0],"v":{"did":18}},{"k":[40,1,0,35,0,18.75,12.5,180],"v":{"did":20}},{"k":[35,1,0,34,0,50,50,90],"v":{"did":3}},{"k":[35,1,0,33,0,50,50,90],"v":{"did":3}},{"k":[40,1,0,37,0,50,50,90],"v":{"did":18}},{"k":[40,1,0,36,0,50,50,90],"v":{"did":18}},{"k":[40,1,0,34,0,50,50,90],"v":{"did":18}},{"k":[40,1,0,33,0,50,50,90],"v":{"did":18}},{"k":[40,1,0,32,0,50,50,90],"v":{"did":18}},{"k":[33,1,0,38,0],"v":{"did":18}},{"k":[36,1,0,35,0],"v":{"did":18}},{"k":[32,1,0,38,0],"v":{"did":18}},{"k":[35,1,0,35,0],"v":{"did":18}},{"k":[40,1,0,35,0,18.75,50,270],"v":{"did":20}},{"k":[32,1,0,35,0],"v":{"did":38}},{"k":[35,1,0,32,0],"v":{"did":109}}],"o":[]},"sprites":{"list":[{"k":[44,1,0,34,0],"v":{"k":4,"t":[7,8,1,1]}},{"k":[37,1,0,41,0],"v":{"k":4,"t":[7,8,1,1]}},{"k":[47,1,0,46,0],"v":{"k":4,"t":[7,7,1,1]}},{"k":[35,1,0,41,0],"v":{"k":4,"t":[6,6,1,1]}},{"k":[44,1,0,47,0],"v":{"k":4,"t":[7,8,1,1]}},{"k":[41,1,0,33,0],"v":{"k":4,"t":[6,6,1,1]}},{"k":[42,1,0,46,0],"v":{"k":4,"t":[7,7,1,1]}},{"k":[32,1,0,41,0],"v":{"k":4,"t":[7,8,1,1]}},{"k":[40,1,0,47,0],"v":{"k":4,"t":[7,7,1,1]}},{"k":[46,1,0,41,0],"v":{"k":4,"t":[4,1,1,1]}},{"k":[44,1,0,41,0],"v":{"k":4,"t":[6,6,1,1]}},{"k":[36,1,0,47,0],"v":{"k":4,"t":[7,7,1,1]}},{"k":[42,1,0,41,0],"v":{"k":4,"t":[4,1,1,1]}},{"k":[45,1,0,37,0],"v":{"k":4,"t":[2,4,1,1]}},{"k":[35,1,0,47,0],"v":{"k":4,"t":[7,7,1,1]}},{"k":[42,1,0,39,0],"v":{"k":4,"t":[2,4,1,1]}},{"k":[34,1,0,47,0],"v":{"k":4,"t":[7,8,1,1]}},{"k":[39,1,0,42,0],"v":{"k":4,"t":[4,1,1,1]}},{"k":[40,1,0,40,0],"v":{"k":4,"t":[6,6,1,1]}}],"overflow":[],"walls":[]}}