{"lands":{"autotiles":[{"k":[35,1,0,28,0],"v":{"id":1,"t":[1,0],"tid":324}},{"k":[36,1,0,27,0],"v":{"id":1,"t":[1,0],"tid":318}},{"k":[37,1,0,26,0],"v":{"id":1,"t":[1,0],"tid":471}},{"k":[34,1,0,28,0],"v":{"id":1,"t":[1,0],"tid":324}},{"k":[35,1,0,27,0],"v":{"id":1,"t":[1,0],"tid":318}},{"k":[36,1,0,26,0],"v":{"id":1,"t":[1,0],"tid":471}},{"k":[33,1,0,28,0],"v":{"id":1,"t":[1,0],"tid":324}},{"k":[34,1,0,27,0],"v":{"id":1,"t":[1,0],"tid":318}},{"k":[35,1,0,26,0],"v":{"id":1,"t":[1,0],"tid":471}},{"k":[32,1,0,28,0],"v":{"id":1,"t":[1,0],"tid":324}},{"k":[33,1,0,27,0],"v":{"id":1,"t":[1,0],"tid":318}},{"k":[34,1,0,26,0],"v":{"id":1,"t":[1,0],"tid":471}},{"k":[32,1,0,27,0],"v":{"id":1,"t":[1,0],"tid":318}},{"k":[33,1,0,26,0],"v":{"id":1,"t":[1,0],"tid":471}},{"k":[32,1,0,26,0],"v":{"id":1,"t":[1,0],"tid":471}},{"k":[42,1,0,28,0],"v":{"id":1,"t":[1,0],"tid":372}},{"k":[41,1,0,28,0],"v":{"id":1,"t":[1,0],"tid":324}},{"k":[42,1,0,27,0],"v":{"id":1,"t":[1,0],"tid":370}},{"k":[40,1,0,28,0],"v":{"id":1,"t":[1,0],"tid":324}},{"k":[41,1,0,27,0],"v":{"id":1,"t":[1,0],"tid":318}},{"k":[42,1,0,26,0],"v":{"id":1,"t":[1,0],"tid":423}},{"k":[39,1,0,28,0],"v":{"id":1,"t":[1,0],"tid":324}},{"k":[40,1,0,27,0],"v":{"id":1,"t":[1,0],"tid":318}},{"k":[41,1,0,26,0],"v":{"id":1,"t":[1,0],"tid":471}},{"k":[38,1,0,28,0],"v":{"id":1,"t":[1,0],"tid":324}},{"k":[39,1,0,27,0],"v":{"id":1,"t":[1,0],"tid":318}},{"k":[40,1,0,26,0],"v":{"id":1,"t":[1,0],"tid":471}},{"k":[37,1,0,28,0],"v":{"id":1,"t":[1,0],"tid":324}},{"k":[38,1,0,27,0],"v":{"id":1,"t":[1,0],"tid":318}},{"k":[39,1,0,26,0],"v":{"id":1,"t":[1,0],"tid":471}},{"k":[36,1,0,28,0],"v":{"id":1,"t":[1,0],"tid":324}},{"k":[37,1,0,27,0],"v":{"id":1,"t":[1,0],"tid":318}},{"k":[38,1,0,26,0],"v":{"id":1,"t":[1,0],"tid":471}}],"floors":[{"k":[32,1,0,23,0],"v":{"t":[0,0]}},{"k":[33,1,0,22,0],"v":{"t":[0,0]}},{"k":[34,1,0,21,0],"v":{"t":[0,0]}},{"k":[35,1,0,20,0],"v":{"t":[0,0]}},{"k":[36,1,0,19,0],"v":{"t":[0,0]}},{"k":[37,1,0,18,0],"v":{"t":[0,0]}},{"k":[38,1,0,17,0],"v":{"t":[0,0]}},{"k":[39,1,0,16,0],"v":{"t":[0,0]}},{"k":[32,1,0,22,0],"v":{"t":[0,0]}},{"k":[33,1,0,21,0],"v":{"t":[0,0]}},{"k":[34,1,0,20,0],"v":{"t":[0,0]}},{"k":[35,1,0,19,0],"v":{"t":[0,0]}},{"k":[36,1,0,18,0],"v":{"t":[0,0]}},{"k":[37,1,0,17,0],"v":{"t":[0,0]}},{"k":[38,1,0,16,0],"v":{"t":[0,0]}},{"k":[32,1,0,21,0],"v":{"t":[0,0]}},{"k":[33,1,0,20,0],"v":{"t":[0,0]}},{"k":[34,1,0,19,0],"v":{"t":[0,0]}},{"k":[35,1,0,18,0],"v":{"t":[0,0]}},{"k":[36,1,0,17,0],"v":{"t":[0,0]}},{"k":[37,1,0,16,0],"v":{"t":[0,0]}},{"k":[32,1,0,20,0],"v":{"t":[0,0]}},{"k":[33,1,0,19,0],"v":{"t":[0,0]}},{"k":[34,1,0,18,0],"v":{"t":[0,0]}},{"k":[35,1,0,17,0],"v":{"t":[0,0]}},{"k":[36,1,0,16,0],"v":{"t":[0,0]}},{"k":[32,1,0,19,0],"v":{"t":[0,0]}},{"k":[33,1,0,18,0],"v":{"t":[0,0]}},{"k":[34,1,0,17,0],"v":{"t":[0,0]}},{"k":[35,1,0,16,0],"v":{"t":[0,0]}},{"k":[32,1,0,18,0],"v":{"t":[0,0]}},{"k":[33,1,0,17,0],"v":{"t":[0,0]}},{"k":[34,1,0,16,0],"v":{"t":[0,0]}},{"k":[32,1,0,17,0],"v":{"t":[0,0]}},{"k":[33,1,0,16,0],"v":{"t":[0,0]}},{"k":[32,1,0,16,0],"v":{"t":[0,0]}},{"k":[32,1,0,31,0],"v":{"t":[0,0]}},{"k":[33,1,0,30,0],"v":{"t":[0,0]}},{"k":[34,1,0,29,0],"v":{"t":[0,0]}},{"k":[38,1,0,25,0],"v":{"t":[0,0]}},{"k":[39,1,0,24,0],"v":{"t":[0,0]}},{"k":[40,1,0,23,0],"v":{"t":[0,0]}},{"k":[41,1,0,22,0],"v":{"t":[0,0]}},{"k":[42,1,0,21,0],"v":{"t":[0,0]}},{"k":[43,1,0,20,0],"v":{"t":[0,0]}},{"k":[44,1,0,19,0],"v":{"t":[0,0]}},{"k":[45,1,0,18,0],"v":{"t":[0,0]}},{"k":[46,1,0,17,0],"v":{"t":[0,0]}},{"k":[47,1,0,16,0],"v":{"t":[0,0]}},{"k":[32,1,0,30,0],"v":{"t":[0,0]}},{"k":[33,1,0,29,0],"v":{"t":[0,0]}},{"k":[37,1,0,25,0],"v":{"t":[0,0]}},{"k":[38,1,0,24,0],"v":{"t":[0,0]}},{"k":[39,1,0,23,0],"v":{"t":[0,0]}},{"k":[40,1,0,22,0],"v":{"t":[0,0]}},{"k":[41,1,0,21,0],"v":{"t":[0,0]}},{"k":[42,1,0,20,0],"v":{"t":[0,0]}},{"k":[43,1,0,19,0],"v":{"t":[0,0]}},{"k":[44,1,0,18,0],"v":{"t":[0,0]}},{"k":[45,1,0,17,0],"v":{"t":[0,0]}},{"k":[46,1,0,16,0],"v":{"t":[0,0]}},{"k":[32,1,0,29,0],"v":{"t":[0,0]}},{"k":[36,1,0,25,0],"v":{"t":[0,0]}},{"k":[37,1,0,24,0],"v":{"t":[0,0]}},{"k":[38,1,0,23,0],"v":{"t":[0,0]}},{"k":[39,1,0,22,0],"v":{"t":[0,0]}},{"k":[40,1,0,21,0],"v":{"t":[0,0]}},{"k":[41,1,0,20,0],"v":{"t":[0,0]}},{"k":[42,1,0,19,0],"v":{"t":[0,0]}},{"k":[43,1,0,18,0],"v":{"t":[0,0]}},{"k":[44,1,0,17,0],"v":{"t":[0,0]}},{"k":[45,1,0,16,0],"v":{"t":[0,0]}},{"k":[35,1,0,25,0],"v":{"t":[0,0]}},{"k":[36,1,0,24,0],"v":{"t":[0,0]}},{"k":[37,1,0,23,0],"v":{"t":[0,0]}},{"k":[38,1,0,22,0],"v":{"t":[0,0]}},{"k":[39,1,0,21,0],"v":{"t":[0,0]}},{"k":[40,1,0,20,0],"v":{"t":[0,0]}},{"k":[41,1,0,19,0],"v":{"t":[0,0]}},{"k":[42,1,0,18,0],"v":{"t":[0,0]}},{"k":[43,1,0,17,0],"v":{"t":[0,0]}},{"k":[44,1,0,16,0],"v":{"t":[0,0]}},{"k":[34,1,0,25,0],"v":{"t":[0,0]}},{"k":[35,1,0,24,0],"v":{"t":[0,0]}},{"k":[36,1,0,23,0],"v":{"t":[0,0]}},{"k":[37,1,0,22,0],"v":{"t":[0,0]}},{"k":[38,1,0,21,0],"v":{"t":[0,0]}},{"k":[39,1,0,20,0],"v":{"t":[0,0]}},{"k":[40,1,0,19,0],"v":{"t":[0,0]}},{"k":[41,1,0,18,0],"v":{"t":[0,0]}},{"k":[42,1,0,17,0],"v":{"t":[0,0]}},{"k":[43,1,0,16,0],"v":{"t":[0,0]}},{"k":[33,1,0,25,0],"v":{"t":[0,0]}},{"k":[34,1,0,24,0],"v":{"t":[0,0]}},{"k":[35,1,0,23,0],"v":{"t":[0,0]}},{"k":[36,1,0,22,0],"v":{"t":[0,0]}},{"k":[37,1,0,21,0],"v":{"t":[0,0]}},{"k":[38,1,0,20,0],"v":{"t":[0,0]}},{"k":[39,1,0,19,0],"v":{"t":[0,0]}},{"k":[40,1,0,18,0],"v":{"t":[0,0]}},{"k":[41,1,0,17,0],"v":{"t":[0,0]}},{"k":[42,1,0,16,0],"v":{"t":[0,0]}},{"k":[32,1,0,25,0],"v":{"t":[0,0]}},{"k":[33,1,0,24,0],"v":{"t":[0,0]}},{"k":[34,1,0,23,0],"v":{"t":[0,0]}},{"k":[35,1,0,22,0],"v":{"t":[0,0]}},{"k":[36,1,0,21,0],"v":{"t":[0,0]}},{"k":[37,1,0,20,0],"v":{"t":[0,0]}},{"k":[38,1,0,19,0],"v":{"t":[0,0]}},{"k":[39,1,0,18,0],"v":{"t":[0,0]}},{"k":[40,1,0,17,0],"v":{"t":[0,0]}},{"k":[41,1,0,16,0],"v":{"t":[0,0]}},{"k":[32,1,0,24,0],"v":{"t":[0,0]}},{"k":[33,1,0,23,0],"v":{"t":[0,0]}},{"k":[34,1,0,22,0],"v":{"t":[0,0]}},{"k":[35,1,0,21,0],"v":{"t":[0,0]}},{"k":[36,1,0,20,0],"v":{"t":[0,0]}},{"k":[37,1,0,19,0],"v":{"t":[0,0]}},{"k":[38,1,0,18,0],"v":{"t":[0,0]}},{"k":[39,1,0,17,0],"v":{"t":[0,0]}},{"k":[40,1,0,16,0],"v":{"t":[0,0]}},{"k":[40,1,0,31,0],"v":{"t":[0,0]}},{"k":[41,1,0,30,0],"v":{"t":[0,0]}},{"k":[42,1,0,29,0],"v":{"t":[0,0]}},{"k":[46,1,0,25,0],"v":{"t":[0,0]}},{"k":[47,1,0,24,0],"v":{"t":[0,0]}},{"k":[43,1,0,28,0],"v":{"t":[0,0]}},{"k":[44,1,0,27,0],"v":{"t":[0,0]}},{"k":[45,1,0,26,0],"v":{"t":[0,0]}},{"k":[39,1,0,31,0],"v":{"t":[0,0]}},{"k":[40,1,0,30,0],"v":{"t":[0,0]}},{"k":[41,1,0,29,0],"v":{"t":[0,0]}},{"k":[45,1,0,25,0],"v":{"t":[0,0]}},{"k":[46,1,0,24,0],"v":{"t":[0,0]}},{"k":[47,1,0,23,0],"v":{"t":[0,0]}},{"k":[43,1,0,27,0],"v":{"t":[0,0]}},{"k":[44,1,0,26,0],"v":{"t":[0,0]}},{"k":[38,1,0,31,0],"v":{"t":[0,0]}},{"k":[39,1,0,30,0],"v":{"t":[0,0]}},{"k":[40,1,0,29,0],"v":{"t":[0,0]}},{"k":[44,1,0,25,0],"v":{"t":[0,0]}},{"k":[45,1,0,24,0],"v":{"t":[0,0]}},{"k":[46,1,0,23,0],"v":{"t":[0,0]}},{"k":[47,1,0,22,0],"v":{"t":[0,0]}},{"k":[43,1,0,26,0],"v":{"t":[0,0]}},{"k":[37,1,0,31,0],"v":{"t":[0,0]}},{"k":[38,1,0,30,0],"v":{"t":[0,0]}},{"k":[39,1,0,29,0],"v":{"t":[0,0]}},{"k":[43,1,0,25,0],"v":{"t":[0,0]}},{"k":[44,1,0,24,0],"v":{"t":[0,0]}},{"k":[45,1,0,23,0],"v":{"t":[0,0]}},{"k":[46,1,0,22,0],"v":{"t":[0,0]}},{"k":[47,1,0,21,0],"v":{"t":[0,0]}},{"k":[36,1,0,31,0],"v":{"t":[0,0]}},{"k":[37,1,0,30,0],"v":{"t":[0,0]}},{"k":[38,1,0,29,0],"v":{"t":[0,0]}},{"k":[42,1,0,25,0],"v":{"t":[0,0]}},{"k":[43,1,0,24,0],"v":{"t":[0,0]}},{"k":[44,1,0,23,0],"v":{"t":[0,0]}},{"k":[45,1,0,22,0],"v":{"t":[0,0]}},{"k":[46,1,0,21,0],"v":{"t":[0,0]}},{"k":[47,1,0,20,0],"v":{"t":[0,0]}},{"k":[35,1,0,31,0],"v":{"t":[0,0]}},{"k":[36,1,0,30,0],"v":{"t":[0,0]}},{"k":[37,1,0,29,0],"v":{"t":[0,0]}},{"k":[41,1,0,25,0],"v":{"t":[0,0]}},{"k":[42,1,0,24,0],"v":{"t":[0,0]}},{"k":[43,1,0,23,0],"v":{"t":[0,0]}},{"k":[44,1,0,22,0],"v":{"t":[0,0]}},{"k":[45,1,0,21,0],"v":{"t":[0,0]}},{"k":[46,1,0,20,0],"v":{"t":[0,0]}},{"k":[47,1,0,19,0],"v":{"t":[0,0]}},{"k":[34,1,0,31,0],"v":{"t":[0,0]}},{"k":[35,1,0,30,0],"v":{"t":[0,0]}},{"k":[36,1,0,29,0],"v":{"t":[0,0]}},{"k":[40,1,0,25,0],"v":{"t":[0,0]}},{"k":[41,1,0,24,0],"v":{"t":[0,0]}},{"k":[42,1,0,23,0],"v":{"t":[0,0]}},{"k":[43,1,0,22,0],"v":{"t":[0,0]}},{"k":[44,1,0,21,0],"v":{"t":[0,0]}},{"k":[45,1,0,20,0],"v":{"t":[0,0]}},{"k":[46,1,0,19,0],"v":{"t":[0,0]}},{"k":[47,1,0,18,0],"v":{"t":[0,0]}},{"k":[33,1,0,31,0],"v":{"t":[0,0]}},{"k":[34,1,0,30,0],"v":{"t":[0,0]}},{"k":[35,1,0,29,0],"v":{"t":[0,0]}},{"k":[39,1,0,25,0],"v":{"t":[0,0]}},{"k":[40,1,0,24,0],"v":{"t":[0,0]}},{"k":[41,1,0,23,0],"v":{"t":[0,0]}},{"k":[42,1,0,22,0],"v":{"t":[0,0]}},{"k":[43,1,0,21,0],"v":{"t":[0,0]}},{"k":[44,1,0,20,0],"v":{"t":[0,0]}},{"k":[45,1,0,19,0],"v":{"t":[0,0]}},{"k":[46,1,0,18,0],"v":{"t":[0,0]}},{"k":[47,1,0,17,0],"v":{"t":[0,0]}},{"k":[47,1,0,31,0],"v":{"t":[0,0]}},{"k":[46,1,0,31,0],"v":{"t":[0,0]}},{"k":[47,1,0,30,0],"v":{"t":[0,0]}},{"k":[45,1,0,31,0],"v":{"t":[0,0]}},{"k":[46,1,0,30,0],"v":{"t":[0,0]}},{"k":[47,1,0,29,0],"v":{"t":[0,0]}},{"k":[44,1,0,31,0],"v":{"t":[0,0]}},{"k":[45,1,0,30,0],"v":{"t":[0,0]}},{"k":[46,1,0,29,0],"v":{"t":[0,0]}},{"k":[47,1,0,28,0],"v":{"t":[0,0]}},{"k":[43,1,0,31,0],"v":{"t":[0,0]}},{"k":[44,1,0,30,0],"v":{"t":[0,0]}},{"k":[45,1,0,29,0],"v":{"t":[0,0]}},{"k":[46,1,0,28,0],"v":{"t":[0,0]}},{"k":[47,1,0,27,0],"v":{"t":[0,0]}},{"k":[42,1,0,31,0],"v":{"t":[0,0]}},{"k":[43,1,0,30,0],"v":{"t":[0,0]}},{"k":[44,1,0,29,0],"v":{"t":[0,0]}},{"k":[46,1,0,27,0],"v":{"t":[0,0]}},{"k":[47,1,0,26,0],"v":{"t":[0,0]}},{"k":[45,1,0,28,0],"v":{"t":[0,0]}},{"k":[41,1,0,31,0],"v":{"t":[0,0]}},{"k":[42,1,0,30,0],"v":{"t":[0,0]}},{"k":[43,1,0,29,0],"v":{"t":[0,0]}},{"k":[46,1,0,26,0],"v":{"t":[0,0]}},{"k":[47,1,0,25,0],"v":{"t":[0,0]}},{"k":[44,1,0,28,0],"v":{"t":[0,0]}},{"k":[45,1,0,27,0],"v":{"t":[0,0]}}]},"moun":{"a":[],"o":[]},"objs":{"list":[{"k":[40,1,0,26,0],"v":{"events":[{"id":1,"name":"Hero action","p":[],"r":{"1":{"bh":true,"c":[{"command":[8,"",-1,0,0,1,"Porta trancada"],"kind":1}]}},"sys":false}],"hId":-1,"id":11,"name":"OBJ0004","ooepf":false,"states":[{"cam":true,"climb":false,"dir":false,"gid":-1,"gk":0,"id":1,"move":true,"name":"Estado 1","pix":true,"pos":false,"stop":false,"sx":{"k":12,"v":1},"sy":{"k":12,"v":1},"sz":{"k":12,"v":1},"through":false,"x":0,"y":0}]}},{"k":[39,1,0,26,0],"v":{"events":[{"id":1,"name":"Hero action","p":[],"r":{"1":{"bh":true,"c":[{"command":[8,"",-1,0,0,1,"Porta trancada"],"kind":1}]}},"sys":false}],"hId":-1,"id":10,"name":"OBJ0004","ooepf":false,"states":[{"cam":true,"climb":false,"dir":false,"gid":-1,"gk":0,"id":1,"move":true,"name":"Estado 1","pix":true,"pos":false,"stop":false,"sx":{"k":12,"v":1},"sy":{"k":12,"v":1},"sz":{"k":12,"v":1},"through":false,"x":0,"y":0}]}},{"k":[38,1,0,26,0],"v":{"events":[{"id":1,"name":"Hero action","p":[],"r":{"1":{"bh":true,"c":[{"command":[8,"",-1,0,0,1,"Porta trancada"],"kind":1}]}},"sys":false}],"hId":-1,"id":12,"name":"OBJ0004","ooepf":false,"states":[{"cam":true,"climb":false,"dir":false,"gid":-1,"gk":0,"id":1,"move":true,"name":"Estado 1","pix":true,"pos":false,"stop":false,"sx":{"k":12,"v":1},"sy":{"k":12,"v":1},"sz":{"k":12,"v":1},"through":false,"x":0,"y":0}]}}]},"objs3d":{"a":[{"k":[36,1,0,31,0],"v":{"did":18}},{"k":[35,1,0,31,0],"v":{"did":18}},{"k":[40,1,0,25,0],"v":{"did":42}},{"k":[34,1,0,31,0],"v":{"did":20}},{"k":[40,1,0,31,0,12.5,50,270],"v":{"did":20}},{"k":[39,1,0,31,0],"v":{"did":18}},{"k":[38,1,0,31,0],"v":{"did":18}},{"k":[37,1,0,31,0],"v":{"did":18}}],"o":[[32,1,0,35,0],[35,1,0,32,0],[40,1,0,32,0]]},"sprites":{"list":[{"k":[47,1,0,20,0],"v":{"k":4,"t":[7,8,1,1]}},{"k":[34,1,0,18,0],"v":{"k":4,"t":[2,4,1,1]}},{"k":[32,1,0,18,0],"v":{"k":4,"t":[4,1,1,1]}},{"k":[47,1,0,31,0],"v":{"k":4,"t":[7,8,1,1]}},{"k":[45,1,0,16,0],"v":{"k":4,"t":[2,4,1,1]}},{"k":[45,1,0,31,0],"v":{"k":4,"t":[2,4,1,1]}},{"k":[43,1,0,18,0],"v":{"k":4,"t":[6,6,1,1]}},{"k":[47,1,0,28,0],"v":{"k":4,"t":[6,6,1,1]}},{"k":[33,1,0,24,0],"v":{"k":4,"t":[7,6,1,1]}},{"k":[36,1,0,20,0],"v":{"k":4,"t":[7,8,1,1]}},{"k":[38,1,0,18,0],"v":{"k":4,"t":[6,6,1,1]}},{"k":[34,1,0,21,0],"v":{"k":4,"t":[7,6,1,1]}},{"k":[46,1,0,24,0],"v":{"k":4,"t":[2,4,1,1]}},{"k":[32,1,0,21,0],"v":{"k":4,"t":[4,1,1,1]}},{"k":[44,1,0,24,0],"v":{"k":4,"t":[7,8,1,1]}}],"overflow":[],"walls":[]}}