{"lands":{"autotiles":[{"k":[32,0,0,0,0],"v":{"id":2,"t":[0,0],"tid":471}},{"k":[39,0,0,1,0],"v":{"id":2,"t":[0,0],"tid":318}},{"k":[40,0,0,0,0],"v":{"id":2,"t":[0,0],"tid":471}},{"k":[38,0,0,2,0],"v":{"id":2,"t":[0,0],"tid":318}},{"k":[37,0,0,3,0],"v":{"id":2,"t":[0,0],"tid":318}},{"k":[34,0,0,6,0],"v":{"id":2,"t":[0,0],"tid":618}},{"k":[35,0,0,5,0],"v":{"id":2,"t":[0,0],"tid":324}},{"k":[36,0,0,4,0],"v":{"id":2,"t":[0,0],"tid":318}},{"k":[38,0,0,1,0],"v":{"id":2,"t":[0,0],"tid":318}},{"k":[39,0,0,0,0],"v":{"id":2,"t":[0,0],"tid":471}},{"k":[37,0,0,2,0],"v":{"id":2,"t":[0,0],"tid":318}},{"k":[36,0,0,3,0],"v":{"id":2,"t":[0,0],"tid":318}},{"k":[35,0,0,4,0],"v":{"id":2,"t":[0,0],"tid":318}},{"k":[34,0,0,5,0],"v":{"id":2,"t":[0,0],"tid":306}},{"k":[37,0,0,1,0],"v":{"id":2,"t":[0,0],"tid":318}},{"k":[38,0,0,0,0],"v":{"id":2,"t":[0,0],"tid":471}},{"k":[33,0,0,5,0],"v":{"id":2,"t":[0,0],"tid":570}},{"k":[36,0,0,2,0],"v":{"id":2,"t":[0,0],"tid":318}},{"k":[35,0,0,3,0],"v":{"id":2,"t":[0,0],"tid":318}},{"k":[34,0,0,4,0],"v":{"id":2,"t":[0,0],"tid":318}},{"k":[36,0,0,1,0],"v":{"id":2,"t":[0,0],"tid":318}},{"k":[37,0,0,0,0],"v":{"id":2,"t":[0,0],"tid":471}},{"k":[34,0,0,3,0],"v":{"id":2,"t":[0,0],"tid":318}},{"k":[33,0,0,4,0],"v":{"id":2,"t":[0,0],"tid":308}},{"k":[35,0,0,2,0],"v":{"id":2,"t":[0,0],"tid":318}},{"k":[35,0,0,1,0],"v":{"id":2,"t":[0,0],"tid":318}},{"k":[36,0,0,0,0],"v":{"id":2,"t":[0,0],"tid":471}},{"k":[34,0,0,2,0],"v":{"id":2,"t":[0,0],"tid":318}},{"k":[33,0,0,3,0],"v":{"id":2,"t":[0,0],"tid":318}},{"k":[32,0,0,4,0],"v":{"id":2,"t":[0,0],"tid":324}},{"k":[34,0,0,1,0],"v":{"id":2,"t":[0,0],"tid":318}},{"k":[35,0,0,0,0],"v":{"id":2,"t":[0,0],"tid":471}},{"k":[33,0,0,2,0],"v":{"id":2,"t":[0,0],"tid":318}},{"k":[32,0,0,3,0],"v":{"id":2,"t":[0,0],"tid":318}},{"k":[33,0,0,1,0],"v":{"id":2,"t":[0,0],"tid":318}},{"k":[34,0,0,0,0],"v":{"id":2,"t":[0,0],"tid":471}},{"k":[32,0,0,2,0],"v":{"id":2,"t":[0,0],"tid":318}},{"k":[32,0,0,1,0],"v":{"id":2,"t":[0,0],"tid":318}},{"k":[33,0,0,0,0],"v":{"id":2,"t":[0,0],"tid":471}},{"k":[47,0,0,1,0],"v":{"id":2,"t":[0,0],"tid":318}},{"k":[46,0,0,2,0],"v":{"id":2,"t":[0,0],"tid":318}},{"k":[45,0,0,3,0],"v":{"id":2,"t":[0,0],"tid":318}},{"k":[44,0,0,4,0],"v":{"id":2,"t":[0,0],"tid":318}},{"k":[43,0,0,5,0],"v":{"id":2,"t":[0,0],"tid":318}},{"k":[41,0,0,7,0],"v":{"id":2,"t":[0,0],"tid":570}},{"k":[42,0,0,6,0],"v":{"id":2,"t":[0,0],"tid":318}},{"k":[47,0,0,0,0],"v":{"id":2,"t":[0,0],"tid":471}},{"k":[46,0,0,1,0],"v":{"id":2,"t":[0,0],"tid":318}},{"k":[45,0,0,2,0],"v":{"id":2,"t":[0,0],"tid":318}},{"k":[44,0,0,3,0],"v":{"id":2,"t":[0,0],"tid":318}},{"k":[43,0,0,4,0],"v":{"id":2,"t":[0,0],"tid":318}},{"k":[42,0,0,5,0],"v":{"id":2,"t":[0,0],"tid":318}},{"k":[41,0,0,6,0],"v":{"id":2,"t":[0,0],"tid":308}},{"k":[46,0,0,0,0],"v":{"id":2,"t":[0,0],"tid":471}},{"k":[44,0,0,2,0],"v":{"id":2,"t":[0,0],"tid":318}},{"k":[45,0,0,1,0],"v":{"id":2,"t":[0,0],"tid":318}},{"k":[41,0,0,5,0],"v":{"id":2,"t":[0,0],"tid":318}},{"k":[42,0,0,4,0],"v":{"id":2,"t":[0,0],"tid":318}},{"k":[43,0,0,3,0],"v":{"id":2,"t":[0,0],"tid":318}},{"k":[40,0,0,6,0],"v":{"id":2,"t":[0,0],"tid":324}},{"k":[44,0,0,1,0],"v":{"id":2,"t":[0,0],"tid":318}},{"k":[45,0,0,0,0],"v":{"id":2,"t":[0,0],"tid":471}},{"k":[43,0,0,2,0],"v":{"id":2,"t":[0,0],"tid":318}},{"k":[36,0,0,9,0],"v":{"id":2,"t":[0,0],"tid":618}},{"k":[42,0,0,3,0],"v":{"id":2,"t":[0,0],"tid":318}},{"k":[41,0,0,4,0],"v":{"id":2,"t":[0,0],"tid":318}},{"k":[40,0,0,5,0],"v":{"id":2,"t":[0,0],"tid":318}},{"k":[39,0,0,6,0],"v":{"id":2,"t":[0,0],"tid":570}},{"k":[43,0,0,1,0],"v":{"id":2,"t":[0,0],"tid":318}},{"k":[44,0,0,0,0],"v":{"id":2,"t":[0,0],"tid":471}},{"k":[42,0,0,2,0],"v":{"id":2,"t":[0,0],"tid":318}},{"k":[36,0,0,8,0],"v":{"id":2,"t":[0,0],"tid":413}},{"k":[39,0,0,5,0],"v":{"id":2,"t":[0,0],"tid":308}},{"k":[41,0,0,3,0],"v":{"id":2,"t":[0,0],"tid":318}},{"k":[40,0,0,4,0],"v":{"id":2,"t":[0,0],"tid":318}},{"k":[42,0,0,1,0],"v":{"id":2,"t":[0,0],"tid":318}},{"k":[43,0,0,0,0],"v":{"id":2,"t":[0,0],"tid":471}},{"k":[40,0,0,3,0],"v":{"id":2,"t":[0,0],"tid":318}},{"k":[41,0,0,2,0],"v":{"id":2,"t":[0,0],"tid":318}},{"k":[39,0,0,4,0],"v":{"id":2,"t":[0,0],"tid":318}},{"k":[35,0,0,8,0],"v":{"id":2,"t":[0,0],"tid":520}},{"k":[38,0,0,5,0],"v":{"id":2,"t":[0,0],"tid":324}},{"k":[41,0,0,1,0],"v":{"id":2,"t":[0,0],"tid":318}},{"k":[42,0,0,0,0],"v":{"id":2,"t":[0,0],"tid":471}},{"k":[40,0,0,2,0],"v":{"id":2,"t":[0,0],"tid":318}},{"k":[39,0,0,3,0],"v":{"id":2,"t":[0,0],"tid":318}},{"k":[38,0,0,4,0],"v":{"id":2,"t":[0,0],"tid":318}},{"k":[35,0,0,7,0],"v":{"id":2,"t":[0,0],"tid":177}},{"k":[36,0,0,6,0],"v":{"id":2,"t":[0,0],"tid":618}},{"k":[37,0,0,5,0],"v":{"id":2,"t":[0,0],"tid":324}},{"k":[40,0,0,1,0],"v":{"id":2,"t":[0,0],"tid":318}},{"k":[41,0,0,0,0],"v":{"id":2,"t":[0,0],"tid":471}},{"k":[39,0,0,2,0],"v":{"id":2,"t":[0,0],"tid":318}},{"k":[38,0,0,3,0],"v":{"id":2,"t":[0,0],"tid":318}},{"k":[37,0,0,4,0],"v":{"id":2,"t":[0,0],"tid":318}},{"k":[36,0,0,5,0],"v":{"id":2,"t":[0,0],"tid":306}},{"k":[47,0,0,8,0],"v":{"id":2,"t":[0,0],"tid":570}},{"k":[47,0,0,7,0],"v":{"id":2,"t":[0,0],"tid":308}},{"k":[47,0,0,6,0],"v":{"id":2,"t":[0,0],"tid":318}},{"k":[45,0,0,8,0],"v":{"id":2,"t":[0,0],"tid":618}},{"k":[46,0,0,7,0],"v":{"id":2,"t":[0,0],"tid":324}},{"k":[47,0,0,5,0],"v":{"id":2,"t":[0,0],"tid":318}},{"k":[46,0,0,6,0],"v":{"id":2,"t":[0,0],"tid":318}},{"k":[45,0,0,7,0],"v":{"id":2,"t":[0,0],"tid":306}},{"k":[47,0,0,4,0],"v":{"id":2,"t":[0,0],"tid":318}},{"k":[46,0,0,5,0],"v":{"id":2,"t":[0,0],"tid":318}},{"k":[45,0,0,6,0],"v":{"id":2,"t":[0,0],"tid":318}},{"k":[44,0,0,7,0],"v":{"id":2,"t":[0,0],"tid":324}},{"k":[47,0,0,3,0],"v":{"id":2,"t":[0,0],"tid":318}},{"k":[46,0,0,4,0],"v":{"id":2,"t":[0,0],"tid":318}},{"k":[45,0,0,5,0],"v":{"id":2,"t":[0,0],"tid":318}},{"k":[44,0,0,6,0],"v":{"id":2,"t":[0,0],"tid":318}},{"k":[43,0,0,7,0],"v":{"id":2,"t":[0,0],"tid":324}},{"k":[47,0,0,2,0],"v":{"id":2,"t":[0,0],"tid":318}},{"k":[46,0,0,3,0],"v":{"id":2,"t":[0,0],"tid":318}},{"k":[45,0,0,4,0],"v":{"id":2,"t":[0,0],"tid":318}},{"k":[44,0,0,5,0],"v":{"id":2,"t":[0,0],"tid":318}},{"k":[42,0,0,7,0],"v":{"id":2,"t":[0,0],"tid":324}},{"k":[43,0,0,6,0],"v":{"id":2,"t":[0,0],"tid":318}}],"floors":[{"k":[32,2,0,0,0],"v":{"t":[0,0]}},{"k":[32,1,0,15,0],"v":{"t":[0,0]}},{"k":[33,1,0,14,0],"v":{"t":[0,0]}},{"k":[34,1,0,13,0],"v":{"t":[0,0]}},{"k":[35,1,0,12,0],"v":{"t":[0,0]}},{"k":[36,1,0,11,0],"v":{"t":[0,0]}},{"k":[37,1,0,10,0],"v":{"t":[0,0]}},{"k":[38,1,0,9,0],"v":{"t":[0,0]}},{"k":[39,1,0,8,0],"v":{"t":[0,0]}},{"k":[46,2,0,0,0],"v":{"t":[0,0]}},{"k":[40,1,0,7,0],"v":{"t":[0,0]}},{"k":[32,1,0,14,0],"v":{"t":[0,0]}},{"k":[33,1,0,13,0],"v":{"t":[0,0]}},{"k":[34,1,0,12,0],"v":{"t":[0,0]}},{"k":[35,1,0,11,0],"v":{"t":[0,0]}},{"k":[36,1,0,10,0],"v":{"t":[0,0]}},{"k":[37,1,0,9,0],"v":{"t":[0,0]}},{"k":[38,1,0,8,0],"v":{"t":[0,0]}},{"k":[45,2,0,0,0],"v":{"t":[0,0]}},{"k":[39,1,0,7,0],"v":{"t":[0,0]}},{"k":[32,1,0,13,0],"v":{"t":[0,0]}},{"k":[33,1,0,12,0],"v":{"t":[0,0]}},{"k":[34,1,0,11,0],"v":{"t":[0,0]}},{"k":[35,1,0,10,0],"v":{"t":[0,0]}},{"k":[36,1,0,9,0],"v":{"t":[0,0]}},{"k":[37,1,0,8,0],"v":{"t":[0,0]}},{"k":[38,1,0,7,0],"v":{"t":[0,0]}},{"k":[44,2,0,0,0],"v":{"t":[0,0]}},{"k":[32,1,0,12,0],"v":{"t":[0,0]}},{"k":[33,1,0,11,0],"v":{"t":[0,0]}},{"k":[34,1,0,10,0],"v":{"t":[0,0]}},{"k":[35,1,0,9,0],"v":{"t":[0,0]}},{"k":[36,1,0,8,0],"v":{"t":[0,0]}},{"k":[37,1,0,7,0],"v":{"t":[0,0]}},{"k":[43,2,0,0,0],"v":{"t":[0,0]}},{"k":[38,1,0,6,0],"v":{"t":[0,0]}},{"k":[32,1,0,11,0],"v":{"t":[0,0]}},{"k":[33,1,0,10,0],"v":{"t":[0,0]}},{"k":[34,1,0,9,0],"v":{"t":[0,0]}},{"k":[35,1,0,8,0],"v":{"t":[0,0]}},{"k":[36,1,0,7,0],"v":{"t":[0,0]}},{"k":[42,2,0,0,0],"v":{"t":[0,0]}},{"k":[37,1,0,6,0],"v":{"t":[0,0]}},{"k":[32,1,0,10,0],"v":{"t":[0,0]}},{"k":[33,1,0,9,0],"v":{"t":[0,0]}},{"k":[34,1,0,8,0],"v":{"t":[0,0]}},{"k":[35,1,0,7,0],"v":{"t":[0,0]}},{"k":[41,2,0,0,0],"v":{"t":[0,0]}},{"k":[36,1,0,6,0],"v":{"t":[0,0]}},{"k":[32,1,0,9,0],"v":{"t":[0,0]}},{"k":[33,1,0,8,0],"v":{"t":[0,0]}},{"k":[34,1,0,7,0],"v":{"t":[0,0]}},{"k":[40,2,0,0,0],"v":{"t":[0,0]}},{"k":[35,1,0,6,0],"v":{"t":[0,0]}},{"k":[32,1,0,8,0],"v":{"t":[0,0]}},{"k":[33,1,0,7,0],"v":{"t":[0,0]}},{"k":[39,2,0,0,0],"v":{"t":[0,0]}},{"k":[34,1,0,6,0],"v":{"t":[0,0]}},{"k":[40,1,0,15,0],"v":{"t":[0,0]}},{"k":[41,1,0,14,0],"v":{"t":[0,0]}},{"k":[42,1,0,13,0],"v":{"t":[0,0]}},{"k":[43,1,0,12,0],"v":{"t":[0,0]}},{"k":[44,1,0,11,0],"v":{"t":[0,0]}},{"k":[45,1,0,10,0],"v":{"t":[0,0]}},{"k":[46,1,0,9,0],"v":{"t":[0,0]}},{"k":[39,1,0,15,0],"v":{"t":[0,0]}},{"k":[40,1,0,14,0],"v":{"t":[0,0]}},{"k":[41,1,0,13,0],"v":{"t":[0,0]}},{"k":[42,1,0,12,0],"v":{"t":[0,0]}},{"k":[43,1,0,11,0],"v":{"t":[0,0]}},{"k":[44,1,0,10,0],"v":{"t":[0,0]}},{"k":[45,1,0,9,0],"v":{"t":[0,0]}},{"k":[46,1,0,8,0],"v":{"t":[0,0]}},{"k":[38,1,0,15,0],"v":{"t":[0,0]}},{"k":[39,1,0,14,0],"v":{"t":[0,0]}},{"k":[40,1,0,13,0],"v":{"t":[0,0]}},{"k":[41,1,0,12,0],"v":{"t":[0,0]}},{"k":[42,1,0,11,0],"v":{"t":[0,0]}},{"k":[43,1,0,10,0],"v":{"t":[0,0]}},{"k":[44,1,0,9,0],"v":{"t":[0,0]}},{"k":[45,1,0,8,0],"v":{"t":[0,0]}},{"k":[37,1,0,15,0],"v":{"t":[0,0]}},{"k":[38,1,0,14,0],"v":{"t":[0,0]}},{"k":[39,1,0,13,0],"v":{"t":[0,0]}},{"k":[40,1,0,12,0],"v":{"t":[0,0]}},{"k":[41,1,0,11,0],"v":{"t":[0,0]}},{"k":[42,1,0,10,0],"v":{"t":[0,0]}},{"k":[43,1,0,9,0],"v":{"t":[0,0]}},{"k":[44,1,0,8,0],"v":{"t":[0,0]}},{"k":[36,1,0,15,0],"v":{"t":[0,0]}},{"k":[37,1,0,14,0],"v":{"t":[0,0]}},{"k":[38,1,0,13,0],"v":{"t":[0,0]}},{"k":[39,1,0,12,0],"v":{"t":[0,0]}},{"k":[40,1,0,11,0],"v":{"t":[0,0]}},{"k":[41,1,0,10,0],"v":{"t":[0,0]}},{"k":[42,1,0,9,0],"v":{"t":[0,0]}},{"k":[43,1,0,8,0],"v":{"t":[0,0]}},{"k":[35,1,0,15,0],"v":{"t":[0,0]}},{"k":[36,1,0,14,0],"v":{"t":[0,0]}},{"k":[37,1,0,13,0],"v":{"t":[0,0]}},{"k":[38,1,0,12,0],"v":{"t":[0,0]}},{"k":[39,1,0,11,0],"v":{"t":[0,0]}},{"k":[40,1,0,10,0],"v":{"t":[0,0]}},{"k":[41,1,0,9,0],"v":{"t":[0,0]}},{"k":[42,1,0,8,0],"v":{"t":[0,0]}},{"k":[43,1,0,7,0],"v":{"t":[0,0]}},{"k":[34,1,0,15,0],"v":{"t":[0,0]}},{"k":[35,1,0,14,0],"v":{"t":[0,0]}},{"k":[36,1,0,13,0],"v":{"t":[0,0]}},{"k":[37,1,0,12,0],"v":{"t":[0,0]}},{"k":[38,1,0,11,0],"v":{"t":[0,0]}},{"k":[39,1,0,10,0],"v":{"t":[0,0]}},{"k":[40,1,0,9,0],"v":{"t":[0,0]}},{"k":[41,1,0,8,0],"v":{"t":[0,0]}},{"k":[42,1,0,7,0],"v":{"t":[0,0]}},{"k":[33,1,0,15,0],"v":{"t":[0,0]}},{"k":[34,1,0,14,0],"v":{"t":[0,0]}},{"k":[35,1,0,13,0],"v":{"t":[0,0]}},{"k":[36,1,0,12,0],"v":{"t":[0,0]}},{"k":[37,1,0,11,0],"v":{"t":[0,0]}},{"k":[38,1,0,10,0],"v":{"t":[0,0]}},{"k":[39,1,0,9,0],"v":{"t":[0,0]}},{"k":[40,1,0,8,0],"v":{"t":[0,0]}},{"k":[47,2,0,0,0],"v":{"t":[0,0]}},{"k":[41,1,0,7,0],"v":{"t":[0,0]}},{"k":[47,1,0,15,0],"v":{"t":[0,0]}},{"k":[46,1,0,15,0],"v":{"t":[0,0]}},{"k":[47,1,0,14,0],"v":{"t":[0,0]}},{"k":[45,1,0,15,0],"v":{"t":[0,0]}},{"k":[46,1,0,14,0],"v":{"t":[0,0]}},{"k":[47,1,0,13,0],"v":{"t":[0,0]}},{"k":[44,1,0,15,0],"v":{"t":[0,0]}},{"k":[45,1,0,14,0],"v":{"t":[0,0]}},{"k":[46,1,0,13,0],"v":{"t":[0,0]}},{"k":[47,1,0,12,0],"v":{"t":[0,0]}},{"k":[43,1,0,15,0],"v":{"t":[0,0]}},{"k":[44,1,0,14,0],"v":{"t":[0,0]}},{"k":[45,1,0,13,0],"v":{"t":[0,0]}},{"k":[46,1,0,12,0],"v":{"t":[0,0]}},{"k":[47,1,0,11,0],"v":{"t":[0,0]}},{"k":[42,1,0,15,0],"v":{"t":[0,0]}},{"k":[43,1,0,14,0],"v":{"t":[0,0]}},{"k":[44,1,0,13,0],"v":{"t":[0,0]}},{"k":[45,1,0,12,0],"v":{"t":[0,0]}},{"k":[46,1,0,11,0],"v":{"t":[0,0]}},{"k":[47,1,0,10,0],"v":{"t":[0,0]}},{"k":[41,1,0,15,0],"v":{"t":[0,0]}},{"k":[42,1,0,14,0],"v":{"t":[0,0]}},{"k":[43,1,0,13,0],"v":{"t":[0,0]}},{"k":[44,1,0,12,0],"v":{"t":[0,0]}},{"k":[45,1,0,11,0],"v":{"t":[0,0]}},{"k":[46,1,0,10,0],"v":{"t":[0,0]}},{"k":[47,1,0,9,0],"v":{"t":[0,0]}},{"k":[32,1,0,7,0],"v":{"t":[0,0]}},{"k":[33,1,0,6,0],"v":{"t":[0,0]}},{"k":[38,2,0,0,0],"v":{"t":[0,0]}},{"k":[32,1,0,6,0],"v":{"t":[0,0]}},{"k":[37,2,0,0,0],"v":{"t":[0,0]}},{"k":[33,1,0,5,0],"v":{"t":[0,0]}},{"k":[36,2,0,0,0],"v":{"t":[0,0]}},{"k":[32,1,0,5,0],"v":{"t":[0,0]}},{"k":[35,2,0,0,0],"v":{"t":[0,0]}},{"k":[34,2,0,0,0],"v":{"t":[0,0]}},{"k":[33,2,0,0,0],"v":{"t":[0,0]}}]},"moun":{"a":[{"k":[36,0,0,0,0],"v":{"hs":2,"l":true,"r":true,"sid":1}},{"k":[35,0,0,0,0],"v":{"hs":2,"l":true,"r":true,"sid":1}},{"k":[34,0,0,0,0],"v":{"hs":2,"l":true,"r":true,"sid":1}},{"k":[33,0,0,0,0],"v":{"hs":2,"l":true,"r":true,"sid":1}},{"k":[41,0,0,7,0],"v":{"l":true,"r":true,"sid":1}},{"k":[47,0,0,0,0],"v":{"hs":2,"l":true,"r":true,"sid":1}},{"k":[40,0,0,7,0],"v":{"l":true,"r":true,"sid":1}},{"k":[46,0,0,0,0],"v":{"hs":2,"l":true,"r":true,"sid":1}},{"k":[39,0,0,7,0],"v":{"r":true,"sid":1}},{"k":[45,0,0,0,0],"v":{"hs":2,"l":true,"r":true,"sid":1}},{"k":[44,0,0,0,0],"v":{"hs":2,"l":true,"r":true,"sid":1}},{"k":[38,0,0,6,0],"v":{"l":true,"sid":1}},{"k":[43,0,0,0,0],"v":{"hs":2,"l":true,"r":true,"sid":1}},{"k":[37,0,0,6,0],"v":{"l":true,"r":true,"sid":1}},{"k":[42,0,0,0,0],"v":{"hs":2,"l":true,"r":true,"sid":1}},{"k":[36,0,0,6,0],"v":{"l":true,"r":true,"sid":1}},{"k":[41,0,0,0,0],"v":{"hs":2,"l":true,"r":true,"sid":1}},{"k":[35,0,0,6,0],"v":{"l":true,"r":true,"sid":1}},{"k":[47,0,0,9,0],"v":{"r":true,"sid":1}},{"k":[46,0,0,8,0],"v":{"l":true,"sid":1}},{"k":[45,0,0,8,0],"v":{"l":true,"r":true,"sid":1}},{"k":[44,0,0,8,0],"v":{"r":true,"sid":1}},{"k":[43,0,0,7,0],"v":{"l":true,"sid":1}},{"k":[42,0,0,7,0],"v":{"l":true,"r":true,"sid":1}},{"k":[32,0,0,0,0],"v":{"hs":2,"l":true,"r":true,"sid":1}},{"k":[40,0,0,0,0],"v":{"hs":2,"l":true,"r":true,"sid":1}},{"k":[34,0,0,6,0],"v":{"r":true,"sid":1}},{"k":[39,0,0,0,0],"v":{"hs":2,"l":true,"r":true,"sid":1}},{"k":[38,0,0,0,0],"v":{"hs":2,"l":true,"r":true,"sid":1}},{"k":[33,0,0,5,0],"v":{"l":true,"sid":1}},{"k":[37,0,0,0,0],"v":{"hs":2,"l":true,"r":true,"sid":1}},{"k":[32,0,0,5,0],"v":{"l":true,"r":true,"sid":1}}],"o":[]},"objs":{"list":[]},"objs3d":{"a":[],"o":[]},"sprites":{"list":[{"k":[39,1,0,13,0],"v":{"k":4,"t":[4,1,1,1]}},{"k":[37,1,0,15,0],"v":{"k":4,"t":[6,6,1,1]}},{"k":[43,1,0,8,0],"v":{"k":4,"t":[6,6,1,1]}},{"k":[40,1,0,10,0],"v":{"k":4,"t":[6,6,1,1]}},{"k":[37,1,0,11,0],"v":{"k":4,"t":[4,1,1,1]}},{"k":[41,1,0,7,0],"v":{"k":4,"t":[4,1,1,1]}},{"k":[35,1,0,12,0],"v":{"k":4,"t":[7,8,1,1]}},{"k":[33,1,0,14,0],"v":{"k":4,"t":[6,6,1,1]}},{"k":[37,1,0,7,0],"v":{"k":4,"t":[7,8,1,1]}},{"k":[45,1,0,14,0],"v":{"k":4,"t":[6,6,1,1]}},{"k":[32,1,0,11,0],"v":{"k":4,"t":[6,6,1,1]}},{"k":[44,1,0,12,0],"v":{"k":4,"t":[7,8,1,1]}},{"k":[47,1,0,9,0],"v":{"k":4,"t":[6,6,1,1]}},{"k":[41,1,0,14,0],"v":{"k":4,"t":[6,6,1,1]}},{"k":[45,1,0,8,0],"v":{"k":4,"t":[6,6,1,1]}},{"k":[32,1,0,6,0],"v":{"k":4,"t":[2,4,1,1]}}],"overflow":[],"walls":[]}}