{"lands":{"autotiles":[{"k":[49,1,0,45,0],"v":{"id":1,"t":[1,0],"tid":372}},{"k":[48,1,0,45,0],"v":{"id":1,"t":[1,0],"tid":324}},{"k":[49,1,0,44,0],"v":{"id":1,"t":[1,0],"tid":423}},{"k":[48,1,0,44,0],"v":{"id":1,"t":[1,0],"tid":471}}],"floors":[{"k":[49,1,0,43,0],"v":{"t":[0,0]}},{"k":[48,1,0,43,0],"v":{"t":[0,0]}},{"k":[49,1,0,42,0],"v":{"t":[0,0]}},{"k":[48,1,0,42,0],"v":{"t":[0,0]}},{"k":[49,1,0,41,0],"v":{"t":[0,0]}},{"k":[48,1,0,41,0],"v":{"t":[0,0]}},{"k":[49,1,0,40,0],"v":{"t":[0,0]}},{"k":[48,1,0,40,0],"v":{"t":[0,0]}},{"k":[49,1,0,39,0],"v":{"t":[0,0]}},{"k":[48,1,0,39,0],"v":{"t":[0,0]}},{"k":[49,1,0,38,0],"v":{"t":[0,0]}},{"k":[48,1,0,38,0],"v":{"t":[0,0]}},{"k":[49,1,0,37,0],"v":{"t":[0,0]}},{"k":[48,1,0,37,0],"v":{"t":[0,0]}},{"k":[49,1,0,36,0],"v":{"t":[0,0]}},{"k":[48,1,0,36,0],"v":{"t":[0,0]}},{"k":[49,1,0,35,0],"v":{"t":[0,0]}},{"k":[48,1,0,35,0],"v":{"t":[0,0]}},{"k":[49,1,0,34,0],"v":{"t":[0,0]}},{"k":[48,1,0,34,0],"v":{"t":[0,0]}},{"k":[49,1,0,33,0],"v":{"t":[0,0]}},{"k":[48,1,0,33,0],"v":{"t":[0,0]}},{"k":[49,1,0,32,0],"v":{"t":[0,0]}},{"k":[49,1,0,47,0],"v":{"t":[0,0]}},{"k":[48,1,0,32,0],"v":{"t":[0,0]}},{"k":[48,1,0,47,0],"v":{"t":[0,0]}},{"k":[49,1,0,46,0],"v":{"t":[0,0]}},{"k":[48,1,0,46,0],"v":{"t":[0,0]}}]},"moun":{"a":[{"k":[49,0,0,34,0],"v":{"b":true,"sid":1,"t":true}},{"k":[49,0,0,41,0],"v":{"b":true,"sid":1,"t":true}},{"k":[49,0,0,33,0],"v":{"b":true,"sid":1,"t":true}},{"k":[49,0,0,40,0],"v":{"b":true,"sid":1,"t":true}},{"k":[49,0,0,32,0],"v":{"b":true,"sid":1,"t":true}},{"k":[49,0,0,47,0],"v":{"b":true,"sid":1,"t":true}},{"k":[49,0,0,39,0],"v":{"b":true,"sid":1,"t":true}},{"k":[49,0,0,46,0],"v":{"b":true,"sid":1,"t":true}},{"k":[49,0,0,38,0],"v":{"b":true,"sid":1,"t":true}},{"k":[49,0,0,45,0],"v":{"b":true,"sid":1,"t":true}},{"k":[49,0,0,37,0],"v":{"b":true,"sid":1,"t":true}},{"k":[49,0,0,44,0],"v":{"b":true,"sid":1,"t":true}},{"k":[49,0,0,36,0],"v":{"b":true,"sid":1,"t":true}},{"k":[49,0,0,43,0],"v":{"b":true,"sid":1,"t":true}},{"k":[49,0,0,35,0],"v":{"b":true,"sid":1,"t":true}},{"k":[49,0,0,42,0],"v":{"b":true,"sid":1,"t":true}}],"o":[]},"objs":{"list":[{"k":[49,1,0,45,0],"v":{"events":[{"id":1,"name":"Hero action","p":[],"r":{"1":{"bh":true,"c":[{"command":[7,0,0,5,25,0,0,49,0,0,0],"kind":20}]}},"sys":false}],"hId":-1,"id":2,"name":"OBJ0001","ooepf":false,"states":[{"cam":true,"climb":false,"dir":false,"gid":-1,"gk":0,"id":1,"move":true,"name":"Estado 1","pix":true,"pos":false,"stop":false,"sx":{"k":12,"v":1},"sy":{"k":12,"v":1},"sz":{"k":12,"v":1},"through":false,"x":0,"y":0}]}},{"k":[49,1,0,44,0],"v":{"events":[{"id":1,"name":"Hero action","p":[],"r":{"1":{"bh":true,"c":[{"command":[7,0,0,5,25,0,0,49,0,0,0],"kind":20}]}},"sys":false}],"hId":-1,"id":1,"name":"OBJ0001","ooepf":false,"states":[{"cam":true,"climb":false,"dir":false,"gid":-1,"gk":0,"id":1,"move":true,"name":"Estado 1","pix":true,"pos":false,"stop":false,"sx":{"k":12,"v":1},"sy":{"k":12,"v":1},"sz":{"k":12,"v":1},"through":false,"x":0,"y":0}]}}]},"objs3d":{"a":[],"o":[]},"sprites":{"list":[{"k":[48,1,0,34,0],"v":{"k":4,"t":[4,1,1,1]}},{"k":[48,1,0,39,0],"v":{"k":4,"t":[7,8,1,1]}},{"k":[48,1,0,36,0],"v":{"k":4,"t":[6,6,1,1]}}],"overflow":[],"walls":[]}}