{"lands":{"autotiles":[{"k":[48,0,0,0,0],"v":{"id":2,"t":[0,0],"tid":471}},{"k":[49,0,0,7,0],"v":{"id":2,"t":[0,0],"tid":370}},{"k":[48,0,0,8,0],"v":{"id":2,"t":[0,0],"tid":306}},{"k":[49,0,0,6,0],"v":{"id":2,"t":[0,0],"tid":370}},{"k":[48,0,0,7,0],"v":{"id":2,"t":[0,0],"tid":318}},{"k":[49,0,0,5,0],"v":{"id":2,"t":[0,0],"tid":370}},{"k":[48,0,0,6,0],"v":{"id":2,"t":[0,0],"tid":318}},{"k":[49,0,0,4,0],"v":{"id":2,"t":[0,0],"tid":370}},{"k":[48,0,0,5,0],"v":{"id":2,"t":[0,0],"tid":318}},{"k":[49,0,0,3,0],"v":{"id":2,"t":[0,0],"tid":370}},{"k":[48,0,0,4,0],"v":{"id":2,"t":[0,0],"tid":318}},{"k":[49,0,0,2,0],"v":{"id":2,"t":[0,0],"tid":370}},{"k":[48,0,0,3,0],"v":{"id":2,"t":[0,0],"tid":318}},{"k":[49,0,0,1,0],"v":{"id":2,"t":[0,0],"tid":370}},{"k":[48,0,0,2,0],"v":{"id":2,"t":[0,0],"tid":318}},{"k":[49,0,0,0,0],"v":{"id":2,"t":[0,0],"tid":423}},{"k":[48,0,0,1,0],"v":{"id":2,"t":[0,0],"tid":318}},{"k":[48,0,0,10,0],"v":{"id":2,"t":[0,0],"tid":618}},{"k":[48,0,0,9,0],"v":{"id":2,"t":[0,0],"tid":636}},{"k":[49,0,0,8,0],"v":{"id":2,"t":[0,0],"tid":372}}],"floors":[{"k":[49,2,0,0,0],"v":{"t":[0,0]}},{"k":[48,2,0,0,0],"v":{"t":[0,0]}},{"k":[49,1,0,15,0],"v":{"t":[0,0]}},{"k":[48,1,0,15,0],"v":{"t":[0,0]}},{"k":[49,1,0,14,0],"v":{"t":[0,0]}},{"k":[48,1,0,14,0],"v":{"t":[0,0]}},{"k":[49,1,0,13,0],"v":{"t":[0,0]}},{"k":[48,1,0,13,0],"v":{"t":[0,0]}},{"k":[49,1,0,12,0],"v":{"t":[0,0]}},{"k":[48,1,0,12,0],"v":{"t":[0,0]}},{"k":[49,1,0,11,0],"v":{"t":[0,0]}},{"k":[48,1,0,11,0],"v":{"t":[0,0]}},{"k":[49,1,0,10,0],"v":{"t":[0,0]}},{"k":[48,1,0,10,0],"v":{"t":[0,0]}},{"k":[49,1,0,9,0],"v":{"t":[0,0]}},{"k":[48,1,0,9,0],"v":{"t":[0,0]}}]},"moun":{"a":[{"k":[49,0,0,0,0],"v":{"hs":2,"l":true,"sid":1}},{"k":[49,0,0,15,0],"v":{"b":true,"sid":1,"t":true}},{"k":[48,0,0,0,0],"v":{"hs":2,"l":true,"r":true,"sid":1}},{"k":[49,0,0,14,0],"v":{"b":true,"sid":1,"t":true}},{"k":[49,0,0,13,0],"v":{"b":true,"sid":1,"t":true}},{"k":[49,0,0,12,0],"v":{"b":true,"sid":1,"t":true}},{"k":[49,0,0,11,0],"v":{"b":true,"sid":1,"t":true}},{"k":[49,0,0,10,0],"v":{"b":true,"sid":1,"t":true}},{"k":[49,0,0,9,0],"v":{"b":true,"l":true,"sid":1}},{"k":[48,0,0,9,0],"v":{"l":true,"r":true,"sid":1}}],"o":[]},"objs":{"list":[]},"objs3d":{"a":[],"o":[]},"sprites":{"list":[{"k":[48,1,0,15,0],"v":{"k":4,"t":[6,6,1,1]}},{"k":[48,1,0,12,0],"v":{"k":4,"t":[7,8,1,1]}}],"overflow":[],"walls":[]}}