{"bgs":{"id":-1,"ie":false,"is":false,"name":"<None>","v":{"k":3,"v":100}},"d":0,"h":16,"id":4,"isi":false,"isky":false,"l":50,"music":{"id":-1,"ie":false,"is":false,"name":"<None>","v":{"k":3,"v":100}},"names":{"1":"vila"},"of3d":[{"k":[1,0,4],"v":[[10,1,0,33,0,50,50,90],[10,1,0,32,0,50,50,90],[10,1,0,34,0,50,12.5,90]]},{"k":[1,0,3],"v":[[10,1,0,32,0,50,50,90],[10,1,0,31,0,50,50,90]]},{"k":[5,0,4],"v":[[40,1,0,37,0,50,50,90],[40,1,0,36,0,50,50,90],[40,1,0,35,0,50,50,90],[40,1,0,34,0,50,50,90],[40,1,0,33,0,50,50,90],[40,1,0,32,0,50,50,90],[40,1,0,38,0,12.5,6.25,180]]},{"k":[4,0,4],"v":[[40,1,0,37,0,50,50,90],[40,1,0,36,0,50,50,90],[40,1,0,35,0,50,50,90],[40,1,0,34,0,50,50,90],[40,1,0,33,0,50,50,90],[40,1,0,32,0,50,50,90],[40,1,0,38,0,12.5,6.25,180]]},{"k":[5,0,3],"v":[[40,1,0,31,0,12.5,50,270],[40,1,0,32,0,50,50,90]]},{"k":[4,0,3],"v":[[40,1,0,31,0,12.5,50,270],[40,1,0,32,0,50,50,90]]}],"ofmoun":[],"ofsprites":[],"sbid":{"k":7,"v":1},"so":{"events":[{"id":1,"name":"Time","p":[{"id":1,"name":"Interval","v":{"k":2,"v":null}},{"id":2,"name":"Repeat","v":{"k":10,"v":false}}],"r":{"1":{"bh":true,"c":[]}},"sys":true}],"hId":-1,"id":1,"name":"","ooepf":false,"states":[{"cam":false,"climb":false,"dir":false,"gid":-1,"gk":0,"id":1,"move":false,"name":"Estado 1","pix":false,"pos":false,"stop":false,"sx":{"k":12,"v":1},"sy":{"k":12,"v":1},"sz":{"k":12,"v":1},"through":false,"x":0,"y":0}]},"tileset":5,"w":50}