{"objs":[{"id":1,"name":"OBJ0001","p":[49,1,0,44]},{"id":2,"name":"OBJ0001","p":[49,1,0,45]},{"id":3,"name":"OBJ0003","p":[26,1,0,43]},{"id":4,"name":"OBJ0004","p":[12,1,0,31]},{"id":5,"name":"OBJ0004","p":[13,1,0,31]},{"id":6,"name":"OBJ0004","p":[11,1,0,31]},{"id":7,"name":"OBJ0004","p":[31,1,0,36]},{"id":8,"name":"OBJ0004","p":[32,1,0,36]},{"id":9,"name":"OBJ0004","p":[30,1,0,36]},{"id":10,"name":"OBJ0004","p":[39,1,0,26]},{"id":11,"name":"OBJ0004","p":[40,1,0,26]},{"id":12,"name":"OBJ0004","p":[38,1,0,26]},{"id":13,"name":"OBJ0013","p":[24,1,0,49]},{"id":14,"name":"OBJ0013","p":[25,1,0,49]},{"id":15,"name":"OBJ0015","p":[38,1,0,34]},{"id":16,"name":"OBJ0016","p":[0,1,0,44]},{"id":17,"name":"OBJ0016","p":[0,1,0,45]}]}