{"lands":{"autotiles":[],"floors":[{"k":[1,0,6.25,17,0],"v":{"t":[3,1]}},{"k":[4,0,0,19,0],"v":{"t":[3,0]}},{"k":[4,0,0,18,0],"v":{"t":[3,0]}},{"k":[3,0,0,19,0],"v":{"t":[3,0]}},{"k":[4,0,0,17,0],"v":{"t":[3,0]}},{"k":[3,0,0,18,0],"v":{"t":[3,0]}},{"k":[2,0,0,19,0],"v":{"t":[3,0]}},{"k":[4,0,0,16,0],"v":{"t":[3,0]}},{"k":[3,0,0,17,0],"v":{"t":[3,0]}},{"k":[2,0,0,18,0],"v":{"t":[3,0]}},{"k":[1,0,0,19,0],"v":{"t":[3,0]}},{"k":[3,0,0,16,0],"v":{"t":[3,0]}},{"k":[2,0,0,17,0],"v":{"t":[3,0]}},{"k":[1,0,0,18,0],"v":{"t":[3,0]}},{"k":[0,0,0,19,0],"v":{"t":[3,0]}},{"k":[2,0,0,16,0],"v":{"t":[3,0]}},{"k":[1,0,0,17,0],"v":{"t":[3,0]}},{"k":[0,0,0,18,0],"v":{"t":[3,0]}},{"k":[1,0,0,16,0],"v":{"t":[3,0]}},{"k":[0,0,0,17,0],"v":{"t":[3,0]}},{"k":[0,0,0,16,0],"v":{"t":[3,0]}},{"k":[3,0,6.25,16,0],"v":{"t":[1,1]}}]},"moun":{"a":[],"o":[]},"objs":{"list":[{"k":[3,0,0,19,0],"v":{"events":[{"id":1,"name":"Hero action","p":[],"r":{"1":{"bh":true,"c":[{"children":[{"command":[7,0,0,7,24,0,0,1,0,0,0],"kind":20}],"command":[0,0,4,4,0,10,1],"kind":8},{"command":[],"kind":10},{"command":[8,"Alaric",1,1,1,1,"Eu tenho que ver até onde essa caverna vai."],"kind":1}]}},"sys":false}],"hId":-1,"id":2,"name":"OBJ0001","ooepf":false,"p":[{"id":1,"iv":{"k":10,"v":false},"name":"Lamivudina"}],"states":[{"cam":true,"climb":false,"dir":false,"gid":-1,"gk":0,"id":1,"move":true,"name":"Estado 1","pix":true,"pos":false,"stop":false,"sx":{"k":12,"v":1},"sy":{"k":12,"v":1},"sz":{"k":12,"v":1},"through":false,"x":0,"y":0}]}},{"k":[2,0,0,19,0],"v":{"events":[{"id":1,"name":"Hero action","p":[],"r":{"1":{"bh":true,"c":[{"children":[{"command":[7,0,0,7,24,0,0,1,0,0,0],"kind":20}],"command":[0,0,4,4,0,10,1],"kind":8},{"command":[],"kind":10},{"command":[8,"Alaric",1,1,1,1,"Eu tenho que ver até onde essa caverna vai."],"kind":1}]}},"sys":false}],"hId":-1,"id":1,"name":"OBJ0001","ooepf":false,"p":[{"id":1,"iv":{"k":10,"v":false},"name":"Lamivudina"}],"states":[{"cam":true,"climb":false,"dir":false,"gid":-1,"gk":0,"id":1,"move":true,"name":"Estado 1","pix":true,"pos":false,"stop":false,"sx":{"k":12,"v":1},"sy":{"k":12,"v":1},"sz":{"k":12,"v":1},"through":false,"x":0,"y":0}]}},{"k":[1,0,0,19,0],"v":{"events":[{"id":1,"name":"Hero action","p":[],"r":{"1":{"bh":true,"c":[{"children":[{"command":[7,0,0,7,24,0,0,1,0,0,0],"kind":20}],"command":[0,0,4,4,0,10,1],"kind":8},{"command":[],"kind":10},{"command":[8,"Alaric",1,1,1,1,"Eu tenho que ver até onde essa caverna vai."],"kind":1}]}},"sys":false}],"hId":-1,"id":4,"name":"OBJ0001","ooepf":false,"p":[{"id":1,"iv":{"k":10,"v":false},"name":"Lamivudina"}],"states":[{"cam":true,"climb":false,"dir":false,"gid":-1,"gk":0,"id":1,"move":true,"name":"Estado 1","pix":true,"pos":false,"stop":false,"sx":{"k":12,"v":1},"sy":{"k":12,"v":1},"sz":{"k":12,"v":1},"through":false,"x":0,"y":0}]}}]},"objs3d":{"a":[],"o":[]},"sprites":{"list":[{"k":[2,0,0,19,0,43.75,93.75,0],"v":{"f":false,"k":5,"t":[3,2,3,2]}}],"overflow":[],"walls":[{"k":[4,0,0,19,0,100,50,90],"v":{"k":0,"w":17}},{"k":[0,0,0,19,0,0,50,90],"v":{"k":0,"w":17}},{"k":[4,0,0,18,0,100,50,90],"v":{"k":1,"w":17}},{"k":[0,0,0,18,0,0,50,90],"v":{"k":1,"w":17}},{"k":[4,0,0,19,0,50,100,0],"v":{"k":2,"w":17}},{"k":[4,0,0,17,0,100,50,90],"v":{"k":1,"w":17}},{"k":[0,0,0,17,0,0,50,90],"v":{"k":1,"w":17}},{"k":[3,0,0,19,0,50,100,0],"v":{"k":1,"w":17}},{"k":[4,0,0,16,0,100,50,90],"v":{"k":1,"w":17}},{"k":[0,0,0,16,0,0,50,90],"v":{"k":1,"w":17}},{"k":[2,0,0,19,0,50,100,0],"v":{"k":1,"w":17}},{"k":[1,0,0,19,0,50,100,0],"v":{"k":1,"w":17}},{"k":[0,0,0,19,0,50,100,0],"v":{"k":0,"w":17}}]}}