{"lands":{"autotiles":[],"floors":[{"k":[4,0,0,11,0],"v":{"t":[3,0]}},{"k":[3,0,0,12,0],"v":{"t":[3,0]}},{"k":[2,0,0,13,0],"v":{"t":[3,0]}},{"k":[1,0,0,14,0],"v":{"t":[3,0]}},{"k":[0,0,0,15,0],"v":{"t":[3,0]}},{"k":[1,0,6.25,7,0],"v":{"t":[3,1]}},{"k":[4,0,0,10,0],"v":{"t":[3,0]}},{"k":[3,0,0,11,0],"v":{"t":[3,0]}},{"k":[2,0,0,12,0],"v":{"t":[3,0]}},{"k":[1,0,0,13,0],"v":{"t":[3,0]}},{"k":[0,0,0,14,0],"v":{"t":[3,0]}},{"k":[4,0,0,9,0],"v":{"t":[3,0]}},{"k":[3,0,0,10,0],"v":{"t":[3,0]}},{"k":[2,0,0,11,0],"v":{"t":[3,0]}},{"k":[1,0,0,12,0],"v":{"t":[3,0]}},{"k":[0,0,0,13,0],"v":{"t":[3,0]}},{"k":[4,0,6.25,2,0],"v":{"t":[3,1]}},{"k":[2,0,6.25,4,0],"v":{"t":[1,1]}},{"k":[4,0,0,8,0],"v":{"t":[3,0]}},{"k":[3,0,0,9,0],"v":{"t":[3,0]}},{"k":[2,0,0,10,0],"v":{"t":[3,0]}},{"k":[1,0,0,11,0],"v":{"t":[3,0]}},{"k":[0,0,0,12,0],"v":{"t":[3,0]}},{"k":[4,0,0,7,0],"v":{"t":[3,0]}},{"k":[3,0,0,8,0],"v":{"t":[3,0]}},{"k":[2,0,0,9,0],"v":{"t":[3,0]}},{"k":[1,0,0,10,0],"v":{"t":[3,0]}},{"k":[0,0,0,11,0],"v":{"t":[3,0]}},{"k":[3,0,0,7,0],"v":{"t":[3,0]}},{"k":[2,0,0,8,0],"v":{"t":[3,0]}},{"k":[1,0,0,9,0],"v":{"t":[3,0]}},{"k":[4,0,0,6,0],"v":{"t":[3,0]}},{"k":[0,0,0,10,0],"v":{"t":[3,0]}},{"k":[2,0,6.25,1,0],"v":{"t":[1,1]}},{"k":[2,0,0,7,0],"v":{"t":[3,0]}},{"k":[1,0,0,8,0],"v":{"t":[3,0]}},{"k":[3,0,0,6,0],"v":{"t":[3,0]}},{"k":[0,0,0,9,0],"v":{"t":[3,0]}},{"k":[4,0,0,5,0],"v":{"t":[3,0]}},{"k":[4,0,6.25,14,0],"v":{"t":[1,1]}},{"k":[2,0,6.25,12,0],"v":{"t":[3,1]}},{"k":[4,0,0,15,0],"v":{"t":[3,0]}},{"k":[3,0,6.25,9,0],"v":{"t":[3,1]}},{"k":[0,0,6.25,12,0],"v":{"t":[3,1]}},{"k":[1,0,6.25,11,0],"v":{"t":[1,1]}},{"k":[4,0,0,14,0],"v":{"t":[3,0]}},{"k":[3,0,0,15,0],"v":{"t":[3,0]}},{"k":[4,0,6.25,7,0],"v":{"t":[3,1]}},{"k":[4,0,0,13,0],"v":{"t":[3,0]}},{"k":[3,0,0,14,0],"v":{"t":[3,0]}},{"k":[2,0,0,15,0],"v":{"t":[3,0]}},{"k":[4,0,6.25,15,0],"v":{"t":[3,1]}},{"k":[0,0,0,0,0],"v":{"t":[3,0]}},{"k":[0,0,6.25,2,0],"v":{"t":[3,1]}},{"k":[1,0,0,7,0],"v":{"t":[3,0]}},{"k":[2,0,0,6,0],"v":{"t":[3,0]}},{"k":[0,0,0,8,0],"v":{"t":[3,0]}},{"k":[3,0,0,5,0],"v":{"t":[3,0]}},{"k":[4,0,0,4,0],"v":{"t":[3,0]}},{"k":[0,0,0,7,0],"v":{"t":[3,0]}},{"k":[1,0,0,6,0],"v":{"t":[3,0]}},{"k":[2,0,0,5,0],"v":{"t":[3,0]}},{"k":[3,0,0,4,0],"v":{"t":[3,0]}},{"k":[4,0,0,3,0],"v":{"t":[3,0]}},{"k":[0,0,0,6,0],"v":{"t":[3,0]}},{"k":[1,0,0,5,0],"v":{"t":[3,0]}},{"k":[2,0,0,4,0],"v":{"t":[3,0]}},{"k":[3,0,0,3,0],"v":{"t":[3,0]}},{"k":[4,0,0,2,0],"v":{"t":[3,0]}},{"k":[0,0,0,5,0],"v":{"t":[3,0]}},{"k":[1,0,0,4,0],"v":{"t":[3,0]}},{"k":[2,0,0,3,0],"v":{"t":[3,0]}},{"k":[3,0,0,2,0],"v":{"t":[3,0]}},{"k":[4,0,0,1,0],"v":{"t":[3,0]}},{"k":[0,0,0,4,0],"v":{"t":[3,0]}},{"k":[1,0,0,3,0],"v":{"t":[3,0]}},{"k":[2,0,0,2,0],"v":{"t":[3,0]}},{"k":[3,0,0,1,0],"v":{"t":[3,0]}},{"k":[4,0,0,0,0],"v":{"t":[3,0]}},{"k":[1,0,0,2,0],"v":{"t":[3,0]}},{"k":[0,0,0,3,0],"v":{"t":[3,0]}},{"k":[2,0,0,1,0],"v":{"t":[3,0]}},{"k":[3,0,0,0,0],"v":{"t":[3,0]}},{"k":[1,0,0,1,0],"v":{"t":[3,0]}},{"k":[0,0,0,2,0],"v":{"t":[3,0]}},{"k":[2,0,0,0,0],"v":{"t":[3,0]}},{"k":[0,0,0,1,0],"v":{"t":[3,0]}},{"k":[1,0,0,0,0],"v":{"t":[3,0]}},{"k":[4,0,0,12,0],"v":{"t":[3,0]}},{"k":[3,0,0,13,0],"v":{"t":[3,0]}},{"k":[2,0,0,14,0],"v":{"t":[3,0]}},{"k":[1,0,0,15,0],"v":{"t":[3,0]}}]},"moun":{"a":[],"o":[]},"objs":{"list":[]},"objs3d":{"a":[],"o":[]},"sprites":{"list":[{"k":[4,0,0,10,0],"v":{"k":4,"t":[2,5,1,2]}},{"k":[0,0,0,14,0],"v":{"k":4,"t":[3,6,1,1]}},{"k":[2,0,0,0,0,50,6.25,0],"v":{"k":5,"t":[6,12,2,2]}},{"k":[0,3,0,5,0],"v":{"k":4,"t":[3,5,1,1]}},{"k":[0,0,0,5,0],"v":{"k":4,"t":[2,5,1,2]}},{"k":[0,2,0,15,0],"v":{"k":4,"t":[4,5,1,2]}},{"k":[4,2,0,10,0],"v":{"k":4,"t":[4,5,1,2]}}],"overflow":[],"walls":[{"k":[0,0,0,8,0,0,50,90],"v":{"k":1,"w":17}},{"k":[0,0,0,7,0,0,50,90],"v":{"k":1,"w":17}},{"k":[0,0,0,6,0,0,50,90],"v":{"k":1,"w":17}},{"k":[0,0,0,5,0,0,50,90],"v":{"k":1,"w":17}},{"k":[0,0,0,4,0,0,50,90],"v":{"k":1,"w":17}},{"k":[4,0,0,0,0,100,50,90],"v":{"k":2,"w":17}},{"k":[0,0,0,3,0,0,50,90],"v":{"k":1,"w":17}},{"k":[0,0,0,2,0,0,50,90],"v":{"k":1,"w":17}},{"k":[0,0,0,1,0,0,50,90],"v":{"k":1,"w":17}},{"k":[4,0,0,15,0,100,50,90],"v":{"k":1,"w":17}},{"k":[4,0,0,14,0,100,50,90],"v":{"k":1,"w":17}},{"k":[0,0,0,15,0,0,50,90],"v":{"k":1,"w":17}},{"k":[4,0,0,13,0,100,50,90],"v":{"k":1,"w":17}},{"k":[0,0,0,14,0,0,50,90],"v":{"k":1,"w":17}},{"k":[4,0,0,12,0,100,50,90],"v":{"k":1,"w":17}},{"k":[0,0,0,13,0,0,50,90],"v":{"k":1,"w":17}},{"k":[4,0,0,11,0,100,50,90],"v":{"k":1,"w":17}},{"k":[0,0,0,12,0,0,50,90],"v":{"k":1,"w":17}},{"k":[4,0,0,10,0,100,50,90],"v":{"k":1,"w":17}},{"k":[4,0,0,8,0,100,50,90],"v":{"k":1,"w":17}},{"k":[0,0,0,11,0,0,50,90],"v":{"k":1,"w":17}},{"k":[4,0,0,7,0,100,50,90],"v":{"k":1,"w":17}},{"k":[4,0,0,9,0,100,50,90],"v":{"k":1,"w":17}},{"k":[0,0,0,10,0,0,50,90],"v":{"k":1,"w":17}},{"k":[4,0,0,6,0,100,50,90],"v":{"k":1,"w":17}},{"k":[0,0,0,9,0,0,50,90],"v":{"k":1,"w":17}},{"k":[2,0,0,0,0,50,0,0],"v":{"k":1,"w":17}},{"k":[4,0,0,5,0,100,50,90],"v":{"k":1,"w":17}},{"k":[1,0,0,0,0,50,0,0],"v":{"k":1,"w":17}},{"k":[4,0,0,4,0,100,50,90],"v":{"k":1,"w":17}},{"k":[0,0,0,0,0,50,0,0],"v":{"k":0,"w":17}},{"k":[4,0,0,3,0,100,50,90],"v":{"k":1,"w":17}},{"k":[4,0,0,2,0,100,50,90],"v":{"k":1,"w":17}},{"k":[4,0,0,1,0,100,50,90],"v":{"k":1,"w":17}},{"k":[0,0,0,0,0,0,50,90],"v":{"k":2,"w":17}},{"k":[4,0,0,0,0,50,0,0],"v":{"k":2,"w":17}},{"k":[3,0,0,0,0,50,0,0],"v":{"k":1,"w":17}}]}}