{"lands":{"autotiles":[],"floors":[{"k":[3,0,0,31,0],"v":{"t":[0,0]}},{"k":[4,0,0,30,0],"v":{"t":[0,0]}},{"k":[5,0,0,29,0],"v":{"t":[0,0]}},{"k":[6,0,0,28,0],"v":{"t":[0,0]}},{"k":[7,0,0,27,0],"v":{"t":[0,0]}},{"k":[8,0,0,26,0],"v":{"t":[0,0]}},{"k":[9,0,0,25,0],"v":{"t":[0,0]}},{"k":[10,0,0,24,0],"v":{"t":[0,0]}},{"k":[11,0,0,23,0],"v":{"t":[0,0]}},{"k":[12,0,0,22,0],"v":{"t":[0,0]}},{"k":[13,0,0,21,0],"v":{"t":[0,0]}},{"k":[14,0,0,20,0],"v":{"t":[0,0]}},{"k":[15,0,0,19,0],"v":{"t":[0,0]}},{"k":[2,0,0,31,0],"v":{"t":[0,0]}},{"k":[3,0,0,30,0],"v":{"t":[0,0]}},{"k":[4,0,0,29,0],"v":{"t":[0,0]}},{"k":[5,0,0,28,0],"v":{"t":[0,0]}},{"k":[6,0,0,27,0],"v":{"t":[0,0]}},{"k":[7,0,0,26,0],"v":{"t":[0,0]}},{"k":[8,0,0,25,0],"v":{"t":[0,0]}},{"k":[9,0,0,24,0],"v":{"t":[0,0]}},{"k":[10,0,0,23,0],"v":{"t":[0,0]}},{"k":[11,0,0,22,0],"v":{"t":[0,0]}},{"k":[12,0,0,21,0],"v":{"t":[0,0]}},{"k":[13,0,0,20,0],"v":{"t":[0,0]}},{"k":[14,0,0,19,0],"v":{"t":[0,0]}},{"k":[15,0,0,18,0],"v":{"t":[0,0]}},{"k":[15,0,0,31,0],"v":{"t":[0,0]}},{"k":[14,0,0,31,0],"v":{"t":[0,0]}},{"k":[15,0,0,30,0],"v":{"t":[0,0]}},{"k":[13,0,0,31,0],"v":{"t":[0,0]}},{"k":[14,0,0,30,0],"v":{"t":[0,0]}},{"k":[15,0,0,29,0],"v":{"t":[0,0]}},{"k":[12,0,0,31,0],"v":{"t":[0,0]}},{"k":[13,0,0,30,0],"v":{"t":[0,0]}},{"k":[14,0,0,29,0],"v":{"t":[0,0]}},{"k":[15,0,0,28,0],"v":{"t":[0,0]}},{"k":[11,0,0,31,0],"v":{"t":[0,0]}},{"k":[12,0,0,30,0],"v":{"t":[0,0]}},{"k":[13,0,0,29,0],"v":{"t":[0,0]}},{"k":[14,0,0,28,0],"v":{"t":[0,0]}},{"k":[15,0,0,27,0],"v":{"t":[0,0]}},{"k":[10,0,0,31,0],"v":{"t":[0,0]}},{"k":[11,0,0,30,0],"v":{"t":[0,0]}},{"k":[12,0,0,29,0],"v":{"t":[0,0]}},{"k":[13,0,0,28,0],"v":{"t":[0,0]}},{"k":[14,0,0,27,0],"v":{"t":[0,0]}},{"k":[15,0,0,26,0],"v":{"t":[0,0]}},{"k":[0,0,0,16,0],"v":{"t":[0,0]}},{"k":[0,0,0,24,0],"v":{"t":[0,0]}},{"k":[1,0,0,23,0],"v":{"t":[0,0]}},{"k":[2,0,0,22,0],"v":{"t":[0,0]}},{"k":[3,0,0,21,0],"v":{"t":[0,0]}},{"k":[4,0,0,20,0],"v":{"t":[0,0]}},{"k":[5,0,0,19,0],"v":{"t":[0,0]}},{"k":[6,0,0,18,0],"v":{"t":[0,0]}},{"k":[7,0,0,17,0],"v":{"t":[0,0]}},{"k":[8,0,0,16,0],"v":{"t":[0,0]}},{"k":[0,0,0,23,0],"v":{"t":[0,0]}},{"k":[1,0,0,22,0],"v":{"t":[0,0]}},{"k":[2,0,0,21,0],"v":{"t":[0,0]}},{"k":[3,0,0,20,0],"v":{"t":[0,0]}},{"k":[4,0,0,19,0],"v":{"t":[0,0]}},{"k":[5,0,0,18,0],"v":{"t":[0,0]}},{"k":[6,0,0,17,0],"v":{"t":[0,0]}},{"k":[7,0,0,16,0],"v":{"t":[0,0]}},{"k":[0,0,0,22,0],"v":{"t":[0,0]}},{"k":[1,0,0,21,0],"v":{"t":[0,0]}},{"k":[2,0,0,20,0],"v":{"t":[0,0]}},{"k":[3,0,0,19,0],"v":{"t":[0,0]}},{"k":[4,0,0,18,0],"v":{"t":[0,0]}},{"k":[5,0,0,17,0],"v":{"t":[0,0]}},{"k":[6,0,0,16,0],"v":{"t":[0,0]}},{"k":[0,0,0,21,0],"v":{"t":[0,0]}},{"k":[1,0,0,20,0],"v":{"t":[0,0]}},{"k":[2,0,0,19,0],"v":{"t":[0,0]}},{"k":[3,0,0,18,0],"v":{"t":[0,0]}},{"k":[4,0,0,17,0],"v":{"t":[0,0]}},{"k":[5,0,0,16,0],"v":{"t":[0,0]}},{"k":[0,0,0,20,0],"v":{"t":[0,0]}},{"k":[1,0,0,19,0],"v":{"t":[0,0]}},{"k":[2,0,0,18,0],"v":{"t":[0,0]}},{"k":[3,0,0,17,0],"v":{"t":[0,0]}},{"k":[4,0,0,16,0],"v":{"t":[0,0]}},{"k":[0,0,0,19,0],"v":{"t":[0,0]}},{"k":[1,0,0,18,0],"v":{"t":[0,0]}},{"k":[2,0,0,17,0],"v":{"t":[0,0]}},{"k":[3,0,0,16,0],"v":{"t":[0,0]}},{"k":[0,0,0,18,0],"v":{"t":[0,0]}},{"k":[1,0,0,17,0],"v":{"t":[0,0]}},{"k":[2,0,0,16,0],"v":{"t":[0,0]}},{"k":[0,0,0,17,0],"v":{"t":[0,0]}},{"k":[1,0,0,16,0],"v":{"t":[0,0]}},{"k":[1,0,0,31,0],"v":{"t":[0,0]}},{"k":[2,0,0,30,0],"v":{"t":[0,0]}},{"k":[3,0,0,29,0],"v":{"t":[0,0]}},{"k":[4,0,0,28,0],"v":{"t":[0,0]}},{"k":[5,0,0,27,0],"v":{"t":[0,0]}},{"k":[6,0,0,26,0],"v":{"t":[0,0]}},{"k":[7,0,0,25,0],"v":{"t":[0,0]}},{"k":[8,0,0,24,0],"v":{"t":[0,0]}},{"k":[9,0,0,23,0],"v":{"t":[0,0]}},{"k":[10,0,0,22,0],"v":{"t":[0,0]}},{"k":[11,0,0,21,0],"v":{"t":[0,0]}},{"k":[12,0,0,20,0],"v":{"t":[0,0]}},{"k":[13,0,0,19,0],"v":{"t":[0,0]}},{"k":[14,0,0,18,0],"v":{"t":[0,0]}},{"k":[15,0,0,17,0],"v":{"t":[0,0]}},{"k":[0,0,0,31,0],"v":{"t":[0,0]}},{"k":[1,0,0,30,0],"v":{"t":[0,0]}},{"k":[2,0,0,29,0],"v":{"t":[0,0]}},{"k":[3,0,0,28,0],"v":{"t":[0,0]}},{"k":[4,0,0,27,0],"v":{"t":[0,0]}},{"k":[5,0,0,26,0],"v":{"t":[0,0]}},{"k":[6,0,0,25,0],"v":{"t":[0,0]}},{"k":[7,0,0,24,0],"v":{"t":[0,0]}},{"k":[8,0,0,23,0],"v":{"t":[0,0]}},{"k":[9,0,0,22,0],"v":{"t":[0,0]}},{"k":[10,0,0,21,0],"v":{"t":[0,0]}},{"k":[11,0,0,20,0],"v":{"t":[0,0]}},{"k":[12,0,0,19,0],"v":{"t":[0,0]}},{"k":[13,0,0,18,0],"v":{"t":[0,0]}},{"k":[14,0,0,17,0],"v":{"t":[0,0]}},{"k":[15,0,0,16,0],"v":{"t":[0,0]}},{"k":[0,0,0,30,0],"v":{"t":[0,0]}},{"k":[1,0,0,29,0],"v":{"t":[0,0]}},{"k":[2,0,0,28,0],"v":{"t":[0,0]}},{"k":[3,0,0,27,0],"v":{"t":[0,0]}},{"k":[4,0,0,26,0],"v":{"t":[0,0]}},{"k":[5,0,0,25,0],"v":{"t":[0,0]}},{"k":[6,0,0,24,0],"v":{"t":[0,0]}},{"k":[7,0,0,23,0],"v":{"t":[0,0]}},{"k":[8,0,0,22,0],"v":{"t":[0,0]}},{"k":[9,0,0,21,0],"v":{"t":[0,0]}},{"k":[10,0,0,20,0],"v":{"t":[0,0]}},{"k":[11,0,0,19,0],"v":{"t":[0,0]}},{"k":[12,0,0,18,0],"v":{"t":[0,0]}},{"k":[13,0,0,17,0],"v":{"t":[0,0]}},{"k":[14,0,0,16,0],"v":{"t":[0,0]}},{"k":[0,0,0,29,0],"v":{"t":[0,0]}},{"k":[1,0,0,28,0],"v":{"t":[0,0]}},{"k":[2,0,0,27,0],"v":{"t":[0,0]}},{"k":[3,0,0,26,0],"v":{"t":[0,0]}},{"k":[4,0,0,25,0],"v":{"t":[0,0]}},{"k":[5,0,0,24,0],"v":{"t":[0,0]}},{"k":[6,0,0,23,0],"v":{"t":[0,0]}},{"k":[7,0,0,22,0],"v":{"t":[0,0]}},{"k":[8,0,0,21,0],"v":{"t":[0,0]}},{"k":[9,0,0,20,0],"v":{"t":[0,0]}},{"k":[10,0,0,19,0],"v":{"t":[0,0]}},{"k":[11,0,0,18,0],"v":{"t":[0,0]}},{"k":[12,0,0,17,0],"v":{"t":[0,0]}},{"k":[13,0,0,16,0],"v":{"t":[0,0]}},{"k":[0,0,0,28,0],"v":{"t":[0,0]}},{"k":[1,0,0,27,0],"v":{"t":[0,0]}},{"k":[2,0,0,26,0],"v":{"t":[0,0]}},{"k":[3,0,0,25,0],"v":{"t":[0,0]}},{"k":[4,0,0,24,0],"v":{"t":[0,0]}},{"k":[5,0,0,23,0],"v":{"t":[0,0]}},{"k":[6,0,0,22,0],"v":{"t":[0,0]}},{"k":[7,0,0,21,0],"v":{"t":[0,0]}},{"k":[8,0,0,20,0],"v":{"t":[0,0]}},{"k":[9,0,0,19,0],"v":{"t":[0,0]}},{"k":[10,0,0,18,0],"v":{"t":[0,0]}},{"k":[11,0,0,17,0],"v":{"t":[0,0]}},{"k":[12,0,0,16,0],"v":{"t":[0,0]}},{"k":[0,0,0,27,0],"v":{"t":[0,0]}},{"k":[1,0,0,26,0],"v":{"t":[0,0]}},{"k":[2,0,0,25,0],"v":{"t":[0,0]}},{"k":[3,0,0,24,0],"v":{"t":[0,0]}},{"k":[4,0,0,23,0],"v":{"t":[0,0]}},{"k":[5,0,0,22,0],"v":{"t":[0,0]}},{"k":[6,0,0,21,0],"v":{"t":[0,0]}},{"k":[7,0,0,20,0],"v":{"t":[0,0]}},{"k":[8,0,0,19,0],"v":{"t":[0,0]}},{"k":[9,0,0,18,0],"v":{"t":[0,0]}},{"k":[10,0,0,17,0],"v":{"t":[0,0]}},{"k":[11,0,0,16,0],"v":{"t":[0,0]}},{"k":[0,0,0,26,0],"v":{"t":[0,0]}},{"k":[1,0,0,25,0],"v":{"t":[0,0]}},{"k":[2,0,0,24,0],"v":{"t":[0,0]}},{"k":[3,0,0,23,0],"v":{"t":[0,0]}},{"k":[4,0,0,22,0],"v":{"t":[0,0]}},{"k":[5,0,0,21,0],"v":{"t":[0,0]}},{"k":[6,0,0,20,0],"v":{"t":[0,0]}},{"k":[7,0,0,19,0],"v":{"t":[0,0]}},{"k":[8,0,0,18,0],"v":{"t":[0,0]}},{"k":[9,0,0,17,0],"v":{"t":[0,0]}},{"k":[10,0,0,16,0],"v":{"t":[0,0]}},{"k":[0,0,0,25,0],"v":{"t":[0,0]}},{"k":[1,0,0,24,0],"v":{"t":[0,0]}},{"k":[2,0,0,23,0],"v":{"t":[0,0]}},{"k":[3,0,0,22,0],"v":{"t":[0,0]}},{"k":[4,0,0,21,0],"v":{"t":[0,0]}},{"k":[5,0,0,20,0],"v":{"t":[0,0]}},{"k":[6,0,0,19,0],"v":{"t":[0,0]}},{"k":[7,0,0,18,0],"v":{"t":[0,0]}},{"k":[8,0,0,17,0],"v":{"t":[0,0]}},{"k":[9,0,0,16,0],"v":{"t":[0,0]}},{"k":[9,0,0,31,0],"v":{"t":[0,0]}},{"k":[10,0,0,30,0],"v":{"t":[0,0]}},{"k":[11,0,0,29,0],"v":{"t":[0,0]}},{"k":[12,0,0,28,0],"v":{"t":[0,0]}},{"k":[13,0,0,27,0],"v":{"t":[0,0]}},{"k":[14,0,0,26,0],"v":{"t":[0,0]}},{"k":[15,0,0,25,0],"v":{"t":[0,0]}},{"k":[8,0,0,31,0],"v":{"t":[0,0]}},{"k":[9,0,0,30,0],"v":{"t":[0,0]}},{"k":[10,0,0,29,0],"v":{"t":[0,0]}},{"k":[11,0,0,28,0],"v":{"t":[0,0]}},{"k":[12,0,0,27,0],"v":{"t":[0,0]}},{"k":[13,0,0,26,0],"v":{"t":[0,0]}},{"k":[14,0,0,25,0],"v":{"t":[0,0]}},{"k":[15,0,0,24,0],"v":{"t":[0,0]}},{"k":[7,0,0,31,0],"v":{"t":[0,0]}},{"k":[8,0,0,30,0],"v":{"t":[0,0]}},{"k":[9,0,0,29,0],"v":{"t":[0,0]}},{"k":[10,0,0,28,0],"v":{"t":[0,0]}},{"k":[11,0,0,27,0],"v":{"t":[0,0]}},{"k":[12,0,0,26,0],"v":{"t":[0,0]}},{"k":[13,0,0,25,0],"v":{"t":[0,0]}},{"k":[14,0,0,24,0],"v":{"t":[0,0]}},{"k":[15,0,0,23,0],"v":{"t":[0,0]}},{"k":[6,0,0,31,0],"v":{"t":[0,0]}},{"k":[7,0,0,30,0],"v":{"t":[0,0]}},{"k":[8,0,0,29,0],"v":{"t":[0,0]}},{"k":[9,0,0,28,0],"v":{"t":[0,0]}},{"k":[10,0,0,27,0],"v":{"t":[0,0]}},{"k":[11,0,0,26,0],"v":{"t":[0,0]}},{"k":[12,0,0,25,0],"v":{"t":[0,0]}},{"k":[13,0,0,24,0],"v":{"t":[0,0]}},{"k":[14,0,0,23,0],"v":{"t":[0,0]}},{"k":[15,0,0,22,0],"v":{"t":[0,0]}},{"k":[5,0,0,31,0],"v":{"t":[0,0]}},{"k":[6,0,0,30,0],"v":{"t":[0,0]}},{"k":[7,0,0,29,0],"v":{"t":[0,0]}},{"k":[8,0,0,28,0],"v":{"t":[0,0]}},{"k":[9,0,0,27,0],"v":{"t":[0,0]}},{"k":[10,0,0,26,0],"v":{"t":[0,0]}},{"k":[11,0,0,25,0],"v":{"t":[0,0]}},{"k":[12,0,0,24,0],"v":{"t":[0,0]}},{"k":[13,0,0,23,0],"v":{"t":[0,0]}},{"k":[14,0,0,22,0],"v":{"t":[0,0]}},{"k":[15,0,0,21,0],"v":{"t":[0,0]}},{"k":[4,0,0,31,0],"v":{"t":[0,0]}},{"k":[5,0,0,30,0],"v":{"t":[0,0]}},{"k":[6,0,0,29,0],"v":{"t":[0,0]}},{"k":[7,0,0,28,0],"v":{"t":[0,0]}},{"k":[8,0,0,27,0],"v":{"t":[0,0]}},{"k":[9,0,0,26,0],"v":{"t":[0,0]}},{"k":[10,0,0,25,0],"v":{"t":[0,0]}},{"k":[11,0,0,24,0],"v":{"t":[0,0]}},{"k":[12,0,0,23,0],"v":{"t":[0,0]}},{"k":[13,0,0,22,0],"v":{"t":[0,0]}},{"k":[14,0,0,21,0],"v":{"t":[0,0]}},{"k":[15,0,0,20,0],"v":{"t":[0,0]}}]},"moun":{"a":[],"o":[]},"objs":{"list":[]},"objs3d":{"a":[{"k":[15,0,0,28,0,50,50,90],"v":{"did":18}},{"k":[15,0,0,27,0,50,50,90],"v":{"did":18}},{"k":[12,0,0,22,0],"v":{"did":107}},{"k":[15,0,0,26,0,50,50,90],"v":{"did":18}},{"k":[12,0,0,21,0],"v":{"did":55}},{"k":[15,0,0,25,0,50,50,90],"v":{"did":18}},{"k":[15,0,0,24,0,50,50,90],"v":{"did":18}},{"k":[13,0,0,31,0],"v":{"did":108}},{"k":[12,0,0,31,0],"v":{"did":108}},{"k":[12,0,0,30,0],"v":{"did":108}},{"k":[15,0,0,20,0,50,50,90],"v":{"did":18}},{"k":[12,0,0,29,0],"v":{"did":55}},{"k":[15,0,0,19,0,50,50,90],"v":{"did":18}},{"k":[8,0,0,17,0],"v":{"did":112}},{"k":[0,0,0,17,0],"v":{"did":112}},{"k":[0,0,0,16,0,50,50,90],"v":{"did":112}}],"o":[[21,0,0,17,0],[0,0,0,9,0,50,50,90],[15,0,0,32,0]]},"sprites":{"list":[{"k":[7,0,0,17,0],"v":{"k":4,"t":[7,2,1,1]}},{"k":[6,0,0,29,0],"v":{"k":4,"t":[7,2,1,1]}},{"k":[5,0,0,30,0],"v":{"k":4,"t":[7,2,1,1]}},{"k":[7,0,0,16,0],"v":{"k":4,"t":[6,6,1,1]}},{"k":[4,0,0,30,0],"v":{"k":4,"t":[7,2,1,1]}},{"k":[9,0,0,25,0],"v":{"k":4,"t":[6,6,1,1]}},{"k":[3,0,0,31,0],"v":{"k":4,"t":[6,6,1,1]}},{"k":[7,0,0,27,0],"v":{"k":4,"t":[4,4,1,1]}},{"k":[2,0,0,20,0],"v":{"k":4,"t":[6,6,1,1]}},{"k":[5,0,0,17,0],"v":{"k":4,"t":[6,6,1,1]}},{"k":[5,0,0,28,0],"v":{"k":4,"t":[0,4,2,3]}},{"k":[1,0,0,20,0],"v":{"k":4,"t":[6,6,1,1]}},{"k":[4,0,0,16,0],"v":{"k":4,"t":[6,6,1,1]}},{"k":[1,0,0,31,0],"v":{"k":4,"t":[7,2,1,1]}},{"k":[8,0,0,24,0],"v":{"k":4,"t":[6,6,1,1]}},{"k":[9,0,0,23,0],"v":{"k":4,"t":[4,4,1,1]}},{"k":[7,0,0,24,0],"v":{"k":4,"t":[7,2,1,1]}},{"k":[1,0,0,30,0],"v":{"k":4,"t":[7,2,1,1]}},{"k":[6,0,0,25,0],"v":{"k":4,"t":[6,6,1,1]}},{"k":[10,0,0,20,0],"v":{"k":4,"t":[0,2,2,2]}},{"k":[1,0,0,28,0],"v":{"k":4,"t":[6,6,1,1]}},{"k":[4,0,0,25,0],"v":{"k":4,"t":[6,6,1,1]}},{"k":[6,0,0,23,0],"v":{"k":4,"t":[0,2,2,2]}},{"k":[13,0,0,16,0],"v":{"k":4,"t":[6,6,1,1]}},{"k":[7,0,0,21,0],"v":{"k":4,"t":[6,6,1,1]}},{"k":[1,0,0,27,0],"v":{"k":4,"t":[0,4,2,3]}},{"k":[2,0,0,24,0],"v":{"k":4,"t":[7,2,1,1]}},{"k":[9,0,0,17,0],"v":{"k":4,"t":[6,6,1,1]}},{"k":[4,0,0,21,0],"v":{"k":4,"t":[7,2,1,1]}},{"k":[9,0,0,16,0],"v":{"k":4,"t":[6,6,1,1]}},{"k":[9,0,0,31,0],"v":{"k":4,"t":[0,2,2,2]}},{"k":[13,0,0,25,0],"v":{"k":4,"t":[7,7,1,1]}},{"k":[12,0,0,26,0],"v":{"k":4,"t":[7,7,1,1]}},{"k":[8,0,0,29,0],"v":{"k":4,"t":[6,6,1,1]}}],"overflow":[[6,0,0,32,0]],"walls":[{"k":[13,0,0,18,0,50,0,0],"v":{"k":1,"w":18}},{"k":[12,0,0,18,0,50,0,0],"v":{"k":1,"w":18}},{"k":[11,0,0,18,0,50,0,0],"v":{"k":1,"w":18}},{"k":[10,0,0,18,0,50,0,0],"v":{"k":1,"w":18}},{"k":[9,0,0,18,0,50,0,0],"v":{"k":1,"w":18}},{"k":[0,0,0,18,0,50,0,0],"v":{"k":3,"w":18}},{"k":[8,0,0,18,0,50,0,0],"v":{"k":1,"w":18}},{"k":[1,0,0,17,0,0,50,90],"v":{"k":0,"w":18}},{"k":[7,0,0,18,0,50,0,0],"v":{"k":1,"w":18}},{"k":[1,0,0,16,0,0,50,90],"v":{"k":1,"w":18}},{"k":[6,0,0,18,0,50,0,0],"v":{"k":1,"w":18}},{"k":[5,0,0,18,0,50,0,0],"v":{"k":1,"w":18}},{"k":[4,0,0,18,0,50,0,0],"v":{"k":1,"w":18}},{"k":[3,0,0,18,0,50,0,0],"v":{"k":1,"w":18}},{"k":[2,0,0,18,0,50,0,0],"v":{"k":1,"w":18}},{"k":[1,0,0,18,0,50,0,0],"v":{"k":0,"w":18}},{"k":[15,0,0,18,0,50,0,0],"v":{"k":2,"w":18}},{"k":[14,0,0,18,0,50,0,0],"v":{"k":1,"w":18}}]}}