{"lands":{"autotiles":[],"floors":[{"k":[0,0,0,0,0],"v":{"t":[0,0]}},{"k":[0,0,0,8,0],"v":{"t":[0,0]}},{"k":[1,0,0,7,0],"v":{"t":[0,0]}},{"k":[2,0,0,6,0],"v":{"t":[0,0]}},{"k":[3,0,0,5,0],"v":{"t":[0,0]}},{"k":[4,0,0,4,0],"v":{"t":[0,0]}},{"k":[5,0,0,3,0],"v":{"t":[0,0]}},{"k":[6,0,0,2,0],"v":{"t":[0,0]}},{"k":[7,0,0,1,0],"v":{"t":[0,0]}},{"k":[8,0,0,0,0],"v":{"t":[0,0]}},{"k":[0,0,0,7,0],"v":{"t":[0,0]}},{"k":[1,0,0,6,0],"v":{"t":[0,0]}},{"k":[2,0,0,5,0],"v":{"t":[0,0]}},{"k":[3,0,0,4,0],"v":{"t":[0,0]}},{"k":[4,0,0,3,0],"v":{"t":[0,0]}},{"k":[5,0,0,2,0],"v":{"t":[0,0]}},{"k":[6,0,0,1,0],"v":{"t":[0,0]}},{"k":[7,0,0,0,0],"v":{"t":[0,0]}},{"k":[0,0,0,6,0],"v":{"t":[0,0]}},{"k":[1,0,0,5,0],"v":{"t":[0,0]}},{"k":[2,0,0,4,0],"v":{"t":[0,0]}},{"k":[3,0,0,3,0],"v":{"t":[0,0]}},{"k":[4,0,0,2,0],"v":{"t":[0,0]}},{"k":[5,0,0,1,0],"v":{"t":[0,0]}},{"k":[6,0,0,0,0],"v":{"t":[0,0]}},{"k":[0,0,0,5,0],"v":{"t":[0,0]}},{"k":[1,0,0,4,0],"v":{"t":[0,0]}},{"k":[2,0,0,3,0],"v":{"t":[0,0]}},{"k":[3,0,0,2,0],"v":{"t":[0,0]}},{"k":[4,0,0,1,0],"v":{"t":[0,0]}},{"k":[5,0,0,0,0],"v":{"t":[0,0]}},{"k":[0,0,0,4,0],"v":{"t":[0,0]}},{"k":[1,0,0,3,0],"v":{"t":[0,0]}},{"k":[2,0,0,2,0],"v":{"t":[0,0]}},{"k":[3,0,0,1,0],"v":{"t":[0,0]}},{"k":[4,0,0,0,0],"v":{"t":[0,0]}},{"k":[0,0,0,3,0],"v":{"t":[0,0]}},{"k":[1,0,0,2,0],"v":{"t":[0,0]}},{"k":[2,0,0,1,0],"v":{"t":[0,0]}},{"k":[3,0,0,0,0],"v":{"t":[0,0]}},{"k":[0,0,0,2,0],"v":{"t":[0,0]}},{"k":[1,0,0,1,0],"v":{"t":[0,0]}},{"k":[2,0,0,0,0],"v":{"t":[0,0]}},{"k":[0,0,0,1,0],"v":{"t":[0,0]}},{"k":[1,0,0,0,0],"v":{"t":[0,0]}},{"k":[1,0,0,15,0],"v":{"t":[0,0]}},{"k":[2,0,0,14,0],"v":{"t":[0,0]}},{"k":[3,0,0,13,0],"v":{"t":[0,0]}},{"k":[4,0,0,12,0],"v":{"t":[0,0]}},{"k":[5,0,0,11,0],"v":{"t":[0,0]}},{"k":[6,0,0,10,0],"v":{"t":[0,0]}},{"k":[7,0,0,9,0],"v":{"t":[0,0]}},{"k":[8,0,0,8,0],"v":{"t":[0,0]}},{"k":[9,0,0,7,0],"v":{"t":[0,0]}},{"k":[10,0,0,6,0],"v":{"t":[0,0]}},{"k":[11,0,0,5,0],"v":{"t":[0,0]}},{"k":[12,0,0,4,0],"v":{"t":[0,0]}},{"k":[13,0,0,3,0],"v":{"t":[0,0]}},{"k":[14,0,0,2,0],"v":{"t":[0,0]}},{"k":[15,0,0,1,0],"v":{"t":[0,0]}},{"k":[0,0,0,15,0],"v":{"t":[0,0]}},{"k":[1,0,0,14,0],"v":{"t":[0,0]}},{"k":[2,0,0,13,0],"v":{"t":[0,0]}},{"k":[3,0,0,12,0],"v":{"t":[0,0]}},{"k":[4,0,0,11,0],"v":{"t":[0,0]}},{"k":[5,0,0,10,0],"v":{"t":[0,0]}},{"k":[6,0,0,9,0],"v":{"t":[0,0]}},{"k":[7,0,0,8,0],"v":{"t":[0,0]}},{"k":[8,0,0,7,0],"v":{"t":[0,0]}},{"k":[9,0,0,6,0],"v":{"t":[0,0]}},{"k":[10,0,0,5,0],"v":{"t":[0,0]}},{"k":[11,0,0,4,0],"v":{"t":[0,0]}},{"k":[12,0,0,3,0],"v":{"t":[0,0]}},{"k":[13,0,0,2,0],"v":{"t":[0,0]}},{"k":[14,0,0,1,0],"v":{"t":[0,0]}},{"k":[15,0,0,0,0],"v":{"t":[0,0]}},{"k":[0,0,0,14,0],"v":{"t":[0,0]}},{"k":[1,0,0,13,0],"v":{"t":[0,0]}},{"k":[2,0,0,12,0],"v":{"t":[0,0]}},{"k":[3,0,0,11,0],"v":{"t":[0,0]}},{"k":[4,0,0,10,0],"v":{"t":[0,0]}},{"k":[5,0,0,9,0],"v":{"t":[0,0]}},{"k":[6,0,0,8,0],"v":{"t":[0,0]}},{"k":[7,0,0,7,0],"v":{"t":[0,0]}},{"k":[8,0,0,6,0],"v":{"t":[0,0]}},{"k":[9,0,0,5,0],"v":{"t":[0,0]}},{"k":[10,0,0,4,0],"v":{"t":[0,0]}},{"k":[11,0,0,3,0],"v":{"t":[0,0]}},{"k":[12,0,0,2,0],"v":{"t":[0,0]}},{"k":[13,0,0,1,0],"v":{"t":[0,0]}},{"k":[14,0,0,0,0],"v":{"t":[0,0]}},{"k":[0,0,0,13,0],"v":{"t":[0,0]}},{"k":[1,0,0,12,0],"v":{"t":[0,0]}},{"k":[2,0,0,11,0],"v":{"t":[0,0]}},{"k":[3,0,0,10,0],"v":{"t":[0,0]}},{"k":[4,0,0,9,0],"v":{"t":[0,0]}},{"k":[5,0,0,8,0],"v":{"t":[0,0]}},{"k":[6,0,0,7,0],"v":{"t":[0,0]}},{"k":[7,0,0,6,0],"v":{"t":[0,0]}},{"k":[8,0,0,5,0],"v":{"t":[0,0]}},{"k":[9,0,0,4,0],"v":{"t":[0,0]}},{"k":[10,0,0,3,0],"v":{"t":[0,0]}},{"k":[11,0,0,2,0],"v":{"t":[0,0]}},{"k":[12,0,0,1,0],"v":{"t":[0,0]}},{"k":[13,0,0,0,0],"v":{"t":[0,0]}},{"k":[0,0,0,12,0],"v":{"t":[0,0]}},{"k":[1,0,0,11,0],"v":{"t":[0,0]}},{"k":[2,0,0,10,0],"v":{"t":[0,0]}},{"k":[3,0,0,9,0],"v":{"t":[0,0]}},{"k":[4,0,0,8,0],"v":{"t":[0,0]}},{"k":[5,0,0,7,0],"v":{"t":[0,0]}},{"k":[6,0,0,6,0],"v":{"t":[0,0]}},{"k":[7,0,0,5,0],"v":{"t":[0,0]}},{"k":[8,0,0,4,0],"v":{"t":[0,0]}},{"k":[9,0,0,3,0],"v":{"t":[0,0]}},{"k":[10,0,0,2,0],"v":{"t":[0,0]}},{"k":[11,0,0,1,0],"v":{"t":[0,0]}},{"k":[12,0,0,0,0],"v":{"t":[0,0]}},{"k":[0,0,0,11,0],"v":{"t":[0,0]}},{"k":[1,0,0,10,0],"v":{"t":[0,0]}},{"k":[2,0,0,9,0],"v":{"t":[0,0]}},{"k":[3,0,0,8,0],"v":{"t":[0,0]}},{"k":[4,0,0,7,0],"v":{"t":[0,0]}},{"k":[5,0,0,6,0],"v":{"t":[0,0]}},{"k":[6,0,0,5,0],"v":{"t":[0,0]}},{"k":[7,0,0,4,0],"v":{"t":[0,0]}},{"k":[8,0,0,3,0],"v":{"t":[0,0]}},{"k":[9,0,0,2,0],"v":{"t":[0,0]}},{"k":[10,0,0,1,0],"v":{"t":[0,0]}},{"k":[11,0,0,0,0],"v":{"t":[0,0]}},{"k":[0,0,0,10,0],"v":{"t":[0,0]}},{"k":[1,0,0,9,0],"v":{"t":[0,0]}},{"k":[2,0,0,8,0],"v":{"t":[0,0]}},{"k":[3,0,0,7,0],"v":{"t":[0,0]}},{"k":[4,0,0,6,0],"v":{"t":[0,0]}},{"k":[5,0,0,5,0],"v":{"t":[0,0]}},{"k":[6,0,0,4,0],"v":{"t":[0,0]}},{"k":[7,0,0,3,0],"v":{"t":[0,0]}},{"k":[8,0,0,2,0],"v":{"t":[0,0]}},{"k":[9,0,0,1,0],"v":{"t":[0,0]}},{"k":[10,0,0,0,0],"v":{"t":[0,0]}},{"k":[0,0,0,9,0],"v":{"t":[0,0]}},{"k":[1,0,0,8,0],"v":{"t":[0,0]}},{"k":[2,0,0,7,0],"v":{"t":[0,0]}},{"k":[3,0,0,6,0],"v":{"t":[0,0]}},{"k":[4,0,0,5,0],"v":{"t":[0,0]}},{"k":[5,0,0,4,0],"v":{"t":[0,0]}},{"k":[6,0,0,3,0],"v":{"t":[0,0]}},{"k":[7,0,0,2,0],"v":{"t":[0,0]}},{"k":[8,0,0,1,0],"v":{"t":[0,0]}},{"k":[9,0,0,0,0],"v":{"t":[0,0]}},{"k":[9,0,0,15,0],"v":{"t":[0,0]}},{"k":[10,0,0,14,0],"v":{"t":[0,0]}},{"k":[11,0,0,13,0],"v":{"t":[0,0]}},{"k":[12,0,0,12,0],"v":{"t":[0,0]}},{"k":[13,0,0,11,0],"v":{"t":[0,0]}},{"k":[14,0,0,10,0],"v":{"t":[0,0]}},{"k":[15,0,0,9,0],"v":{"t":[0,0]}},{"k":[8,0,0,15,0],"v":{"t":[0,0]}},{"k":[9,0,0,14,0],"v":{"t":[0,0]}},{"k":[10,0,0,13,0],"v":{"t":[0,0]}},{"k":[11,0,0,12,0],"v":{"t":[0,0]}},{"k":[12,0,0,11,0],"v":{"t":[0,0]}},{"k":[13,0,0,10,0],"v":{"t":[0,0]}},{"k":[14,0,0,9,0],"v":{"t":[0,0]}},{"k":[15,0,0,8,0],"v":{"t":[0,0]}},{"k":[7,0,0,15,0],"v":{"t":[0,0]}},{"k":[8,0,0,14,0],"v":{"t":[0,0]}},{"k":[9,0,0,13,0],"v":{"t":[0,0]}},{"k":[10,0,0,12,0],"v":{"t":[0,0]}},{"k":[11,0,0,11,0],"v":{"t":[0,0]}},{"k":[12,0,0,10,0],"v":{"t":[0,0]}},{"k":[13,0,0,9,0],"v":{"t":[0,0]}},{"k":[14,0,0,8,0],"v":{"t":[0,0]}},{"k":[15,0,0,7,0],"v":{"t":[0,0]}},{"k":[6,0,0,15,0],"v":{"t":[0,0]}},{"k":[7,0,0,14,0],"v":{"t":[0,0]}},{"k":[8,0,0,13,0],"v":{"t":[0,0]}},{"k":[9,0,0,12,0],"v":{"t":[0,0]}},{"k":[10,0,0,11,0],"v":{"t":[0,0]}},{"k":[11,0,0,10,0],"v":{"t":[0,0]}},{"k":[12,0,0,9,0],"v":{"t":[0,0]}},{"k":[13,0,0,8,0],"v":{"t":[0,0]}},{"k":[14,0,0,7,0],"v":{"t":[0,0]}},{"k":[15,0,0,6,0],"v":{"t":[0,0]}},{"k":[5,0,0,15,0],"v":{"t":[0,0]}},{"k":[6,0,0,14,0],"v":{"t":[0,0]}},{"k":[7,0,0,13,0],"v":{"t":[0,0]}},{"k":[8,0,0,12,0],"v":{"t":[0,0]}},{"k":[9,0,0,11,0],"v":{"t":[0,0]}},{"k":[10,0,0,10,0],"v":{"t":[0,0]}},{"k":[11,0,0,9,0],"v":{"t":[0,0]}},{"k":[12,0,0,8,0],"v":{"t":[0,0]}},{"k":[13,0,0,7,0],"v":{"t":[0,0]}},{"k":[14,0,0,6,0],"v":{"t":[0,0]}},{"k":[15,0,0,5,0],"v":{"t":[0,0]}},{"k":[4,0,0,15,0],"v":{"t":[0,0]}},{"k":[5,0,0,14,0],"v":{"t":[0,0]}},{"k":[6,0,0,13,0],"v":{"t":[0,0]}},{"k":[7,0,0,12,0],"v":{"t":[0,0]}},{"k":[8,0,0,11,0],"v":{"t":[0,0]}},{"k":[9,0,0,10,0],"v":{"t":[0,0]}},{"k":[10,0,0,9,0],"v":{"t":[0,0]}},{"k":[11,0,0,8,0],"v":{"t":[0,0]}},{"k":[12,0,0,7,0],"v":{"t":[0,0]}},{"k":[13,0,0,6,0],"v":{"t":[0,0]}},{"k":[14,0,0,5,0],"v":{"t":[0,0]}},{"k":[15,0,0,4,0],"v":{"t":[0,0]}},{"k":[3,0,0,15,0],"v":{"t":[0,0]}},{"k":[4,0,0,14,0],"v":{"t":[0,0]}},{"k":[5,0,0,13,0],"v":{"t":[0,0]}},{"k":[6,0,0,12,0],"v":{"t":[0,0]}},{"k":[7,0,0,11,0],"v":{"t":[0,0]}},{"k":[8,0,0,10,0],"v":{"t":[0,0]}},{"k":[9,0,0,9,0],"v":{"t":[0,0]}},{"k":[10,0,0,8,0],"v":{"t":[0,0]}},{"k":[11,0,0,7,0],"v":{"t":[0,0]}},{"k":[12,0,0,6,0],"v":{"t":[0,0]}},{"k":[13,0,0,5,0],"v":{"t":[0,0]}},{"k":[14,0,0,4,0],"v":{"t":[0,0]}},{"k":[15,0,0,3,0],"v":{"t":[0,0]}},{"k":[2,0,0,15,0],"v":{"t":[0,0]}},{"k":[3,0,0,14,0],"v":{"t":[0,0]}},{"k":[4,0,0,13,0],"v":{"t":[0,0]}},{"k":[5,0,0,12,0],"v":{"t":[0,0]}},{"k":[6,0,0,11,0],"v":{"t":[0,0]}},{"k":[7,0,0,10,0],"v":{"t":[0,0]}},{"k":[8,0,0,9,0],"v":{"t":[0,0]}},{"k":[9,0,0,8,0],"v":{"t":[0,0]}},{"k":[10,0,0,7,0],"v":{"t":[0,0]}},{"k":[11,0,0,6,0],"v":{"t":[0,0]}},{"k":[12,0,0,5,0],"v":{"t":[0,0]}},{"k":[13,0,0,4,0],"v":{"t":[0,0]}},{"k":[14,0,0,3,0],"v":{"t":[0,0]}},{"k":[15,0,0,2,0],"v":{"t":[0,0]}},{"k":[15,0,0,15,0],"v":{"t":[0,0]}},{"k":[14,0,0,15,0],"v":{"t":[0,0]}},{"k":[15,0,0,14,0],"v":{"t":[0,0]}},{"k":[13,0,0,15,0],"v":{"t":[0,0]}},{"k":[14,0,0,14,0],"v":{"t":[0,0]}},{"k":[15,0,0,13,0],"v":{"t":[0,0]}},{"k":[12,0,0,15,0],"v":{"t":[0,0]}},{"k":[13,0,0,14,0],"v":{"t":[0,0]}},{"k":[14,0,0,13,0],"v":{"t":[0,0]}},{"k":[15,0,0,12,0],"v":{"t":[0,0]}},{"k":[11,0,0,15,0],"v":{"t":[0,0]}},{"k":[12,0,0,14,0],"v":{"t":[0,0]}},{"k":[13,0,0,13,0],"v":{"t":[0,0]}},{"k":[14,0,0,12,0],"v":{"t":[0,0]}},{"k":[15,0,0,11,0],"v":{"t":[0,0]}},{"k":[10,0,0,15,0],"v":{"t":[0,0]}},{"k":[11,0,0,14,0],"v":{"t":[0,0]}},{"k":[12,0,0,13,0],"v":{"t":[0,0]}},{"k":[13,0,0,12,0],"v":{"t":[0,0]}},{"k":[14,0,0,11,0],"v":{"t":[0,0]}},{"k":[15,0,0,10,0],"v":{"t":[0,0]}}]},"moun":{"a":[],"o":[]},"objs":{"list":[{"k":[2,0,0,12,0],"v":{"events":[{"id":1,"name":"Hero action","p":[],"r":{"1":{"bh":true,"c":[{"command":[8,"Luva de pedreiro",4,1,0,1,"[c][i][b]eu sou receba[/b][/i][/c]\n[c][i][b]RECEBA[/b][/i][/c]"],"kind":1},{"command":[3,30,12,5,1,12,2],"kind":55},{"command":[1,0,0,7,41,3,2,2],"kind":15},{"children":[],"command":[],"kind":16},{"children":[{"command":[8,"Luva de pedreiro",4,1,0,1,"[b][i]RECEBAAAAAAA[/i][/b]"],"kind":1}],"command":[],"kind":17},{"command":[],"kind":10}]}},"sys":false}],"hId":-1,"id":8,"name":"OBJ0008","ooepf":false,"states":[{"cam":true,"climb":false,"dir":false,"gid":70,"gk":4,"id":1,"move":true,"name":"Estado 1","pix":true,"pos":false,"stop":false,"sx":{"k":12,"v":1},"sy":{"k":12,"v":1},"sz":{"k":12,"v":1},"through":false,"x":0,"y":0}]}},{"k":[15,0,0,2,0],"v":{"events":[{"id":1,"name":"Hero action","p":[],"r":{"1":{"bh":true,"c":[]}},"sys":false}],"hId":-1,"id":1,"name":"OBJ0006","ooepf":false,"states":[{"cam":true,"climb":false,"dir":false,"gid":24,"gk":4,"id":1,"move":true,"name":"Estado 1","pix":true,"pos":false,"stop":false,"sx":{"k":12,"v":1},"sy":{"k":12,"v":1},"sz":{"k":12,"v":1},"through":false,"x":0,"y":0}]}}]},"objs3d":{"a":[{"k":[0,0,0,0,0],"v":{"did":112}},{"k":[0,0,0,9,0,50,50,90],"v":{"did":112}},{"k":[8,0,0,0,0],"v":{"did":112}}],"o":[[21,0,0,17,0],[21,0,0,0,0],[8,0,0,17,0],[0,0,0,17,0],[20,3,0,1,0,50,50,180],[0,0,0,16,0,50,50,90]]},"sprites":{"list":[{"k":[12,0,0,3,0],"v":{"k":4,"t":[2,3,2,1]}},{"k":[11,0,0,4,0],"v":{"k":4,"t":[2,3,2,1]}},{"k":[10,0,0,5,0],"v":{"k":4,"t":[2,3,2,1]}},{"k":[9,0,0,6,0],"v":{"k":4,"t":[2,3,2,1]}},{"k":[8,0,0,7,0],"v":{"k":4,"t":[2,3,2,1]}},{"k":[1,0,0,14,0],"v":{"k":4,"t":[7,2,1,1]}},{"k":[7,0,0,7,0],"v":{"k":4,"t":[2,3,2,1]}},{"k":[9,0,0,5,0],"v":{"k":4,"t":[2,3,2,1]}},{"k":[11,0,0,3,0],"v":{"k":4,"t":[2,3,2,1]}},{"k":[10,0,0,4,0],"v":{"k":4,"t":[2,3,2,1]}},{"k":[8,0,0,6,0],"v":{"k":4,"t":[2,3,2,1]}},{"k":[4,0,0,10,0],"v":{"k":4,"t":[6,6,1,1]}},{"k":[3,0,0,11,0],"v":{"k":4,"t":[6,6,1,1]}},{"k":[6,0,0,7,0],"v":{"k":4,"t":[2,3,2,1]}},{"k":[7,0,0,6,0],"v":{"k":4,"t":[2,3,2,1]}},{"k":[8,0,0,5,0],"v":{"k":4,"t":[2,3,2,1]}},{"k":[9,0,0,4,0],"v":{"k":4,"t":[2,3,2,1]}},{"k":[10,0,0,3,0],"v":{"k":4,"t":[2,3,2,1]}},{"k":[3,0,0,10,0],"v":{"k":4,"t":[6,6,1,1]}},{"k":[2,0,0,11,0],"v":{"k":4,"t":[6,6,1,1]}},{"k":[7,0,0,5,0],"v":{"k":4,"t":[2,3,2,1]}},{"k":[5,0,0,7,0],"v":{"k":4,"t":[2,3,2,1]}},{"k":[6,0,0,6,0],"v":{"k":4,"t":[2,3,2,1]}},{"k":[8,0,0,4,0],"v":{"k":4,"t":[2,3,2,1]}},{"k":[9,0,0,3,0],"v":{"k":4,"t":[2,3,2,1]}},{"k":[1,0,0,11,0],"v":{"k":4,"t":[6,6,1,1]}},{"k":[7,0,0,4,0],"v":{"k":4,"t":[2,3,2,1]}},{"k":[3,0,0,8,0],"v":{"k":4,"t":[2,3,2,1]}},{"k":[5,0,0,6,0],"v":{"k":4,"t":[2,3,2,1]}},{"k":[6,0,0,5,0],"v":{"k":4,"t":[2,3,2,1]}},{"k":[8,0,0,3,0],"v":{"k":4,"t":[2,3,2,1]}},{"k":[5,0,0,5,0],"v":{"k":4,"t":[2,3,2,1]}},{"k":[3,0,0,7,0],"v":{"k":4,"t":[2,3,2,1]}},{"k":[2,0,0,8,0],"v":{"k":4,"t":[2,3,2,1]}},{"k":[8,0,0,2,0],"v":{"k":4,"t":[2,3,2,1]}},{"k":[6,0,0,3,0],"v":{"k":4,"t":[2,3,2,1]}},{"k":[3,0,0,6,0],"v":{"k":4,"t":[2,3,2,1]}},{"k":[4,0,0,5,0],"v":{"k":4,"t":[2,3,2,1]}},{"k":[11,0,0,13,0],"v":{"k":4,"t":[6,6,1,1]}},{"k":[14,0,0,10,0],"v":{"k":4,"t":[2,3,2,1]}},{"k":[9,0,0,14,0],"v":{"k":4,"t":[6,6,1,1]}},{"k":[15,0,0,8,0],"v":{"k":4,"t":[6,6,1,1]}},{"k":[11,0,0,11,0],"v":{"k":4,"t":[6,6,1,1]}},{"k":[10,0,0,11,0],"v":{"k":4,"t":[6,6,1,1]}},{"k":[7,0,0,14,0],"v":{"k":4,"t":[0,2,2,2]}},{"k":[11,0,0,9,0],"v":{"k":4,"t":[6,6,1,1]}},{"k":[6,0,0,14,0],"v":{"k":4,"t":[6,6,1,1]}},{"k":[13,0,0,7,0],"v":{"k":4,"t":[6,6,1,1]}},{"k":[15,0,0,5,0],"v":{"k":4,"t":[6,6,1,1]}},{"k":[7,0,0,12,0],"v":{"k":4,"t":[7,2,1,1]}},{"k":[5,0,0,13,0],"v":{"k":4,"t":[6,6,1,1]}},{"k":[13,0,0,5,0],"v":{"k":4,"t":[2,3,2,1]}},{"k":[14,0,0,4,0],"v":{"k":4,"t":[6,6,1,1]}},{"k":[15,0,0,15,0],"v":{"k":4,"t":[6,6,1,1]}},{"k":[12,0,0,5,0],"v":{"k":4,"t":[2,3,2,1]}},{"k":[3,0,0,14,0],"v":{"k":4,"t":[7,2,1,1]}},{"k":[5,0,0,12,0],"v":{"k":4,"t":[6,6,1,1]}},{"k":[15,0,0,13,0],"v":{"k":4,"t":[2,3,2,1]}},{"k":[13,0,0,15,0],"v":{"k":4,"t":[2,3,2,1]}},{"k":[13,0,0,13,0],"v":{"k":4,"t":[6,6,1,1]}},{"k":[11,0,0,15,0],"v":{"k":4,"t":[6,6,1,1]}},{"k":[13,0,0,12,0],"v":{"k":4,"t":[0,4,2,3]}},{"k":[15,0,0,10,0],"v":{"k":4,"t":[6,6,1,1]}},{"k":[5,0,0,3,0],"v":{"k":4,"t":[2,3,2,1]}},{"k":[4,0,0,4,0],"v":{"k":4,"t":[2,3,2,1]}},{"k":[1,0,0,7,0],"v":{"k":4,"t":[2,3,2,1]}},{"k":[3,0,0,5,0],"v":{"k":4,"t":[2,3,2,1]}},{"k":[5,0,0,2,0],"v":{"k":4,"t":[2,3,2,1]}},{"k":[3,0,0,4,0],"v":{"k":4,"t":[2,3,2,1]}},{"k":[1,0,0,6,0],"v":{"k":4,"t":[2,3,2,1]}},{"k":[4,0,0,2,0],"v":{"k":4,"t":[2,3,2,1]}},{"k":[1,0,0,5,0],"v":{"k":4,"t":[2,3,2,1]}},{"k":[2,0,0,4,0],"v":{"k":4,"t":[2,3,2,1]}},{"k":[2,0,0,3,0],"v":{"k":4,"t":[2,3,2,1]}},{"k":[3,0,0,2,0],"v":{"k":4,"t":[2,3,2,1]}},{"k":[1,0,0,4,0],"v":{"k":4,"t":[2,3,2,1]}},{"k":[2,0,0,2,0],"v":{"k":4,"t":[2,3,2,1]}},{"k":[1,0,0,2,0],"v":{"k":4,"t":[2,3,2,1]}},{"k":[0,0,0,2,0],"v":{"k":4,"t":[2,3,2,1]}},{"k":[12,0,0,4,0],"v":{"k":4,"t":[2,3,2,1]}},{"k":[10,0,0,6,0],"v":{"k":4,"t":[2,3,2,1]}}],"overflow":[],"walls":[{"k":[1,0,0,7,0,0,50,90],"v":{"k":1,"w":18}},{"k":[1,0,0,6,0,0,50,90],"v":{"k":1,"w":18}},{"k":[1,0,0,5,0,0,50,90],"v":{"k":1,"w":18}},{"k":[1,0,0,4,0,0,50,90],"v":{"k":1,"w":18}},{"k":[1,0,0,3,0,0,50,90],"v":{"k":1,"w":18}},{"k":[1,0,0,2,0,0,50,90],"v":{"k":1,"w":18}},{"k":[1,0,0,1,0,0,50,90],"v":{"k":2,"w":18}},{"k":[1,0,0,0,0,0,50,90],"v":{"k":3,"w":18}},{"k":[1,0,0,15,0,0,50,90],"v":{"k":1,"w":18}},{"k":[1,0,0,14,0,0,50,90],"v":{"k":1,"w":18}},{"k":[1,0,0,13,0,0,50,90],"v":{"k":1,"w":18}},{"k":[1,0,0,12,0,0,50,90],"v":{"k":1,"w":18}},{"k":[1,0,0,11,0,0,50,90],"v":{"k":1,"w":18}},{"k":[1,0,0,10,0,0,50,90],"v":{"k":1,"w":18}},{"k":[1,0,0,9,0,0,50,90],"v":{"k":1,"w":18}},{"k":[1,0,0,8,0,0,50,90],"v":{"k":1,"w":18}},{"k":[1,0,0,1,0,50,0,0],"v":{"k":0,"w":18}},{"k":[15,0,0,1,0,50,0,0],"v":{"k":2,"w":18}},{"k":[0,0,0,1,0,50,0,0],"v":{"k":3,"w":18}},{"k":[14,0,0,1,0,50,0,0],"v":{"k":1,"w":18}},{"k":[13,0,0,1,0,50,0,0],"v":{"k":1,"w":18}},{"k":[12,0,0,1,0,50,0,0],"v":{"k":1,"w":18}},{"k":[11,0,0,1,0,50,0,0],"v":{"k":1,"w":18}},{"k":[10,0,0,1,0,50,0,0],"v":{"k":1,"w":18}},{"k":[9,0,0,1,0,50,0,0],"v":{"k":1,"w":18}},{"k":[8,0,0,1,0,50,0,0],"v":{"k":1,"w":18}},{"k":[7,0,0,1,0,50,0,0],"v":{"k":1,"w":18}},{"k":[6,0,0,1,0,50,0,0],"v":{"k":1,"w":18}},{"k":[5,0,0,1,0,50,0,0],"v":{"k":1,"w":18}},{"k":[4,0,0,1,0,50,0,0],"v":{"k":1,"w":18}},{"k":[3,0,0,1,0,50,0,0],"v":{"k":1,"w":18}},{"k":[2,0,0,1,0,50,0,0],"v":{"k":1,"w":18}}]}}