{"lands":{"autotiles":[],"floors":[{"k":[0,0,0,32,0],"v":{"t":[0,0]}},{"k":[0,0,0,40,0],"v":{"t":[0,0]}},{"k":[1,0,0,39,0],"v":{"t":[0,0]}},{"k":[2,0,0,38,0],"v":{"t":[0,0]}},{"k":[3,0,0,37,0],"v":{"t":[0,0]}},{"k":[4,0,0,36,0],"v":{"t":[0,0]}},{"k":[5,0,0,35,0],"v":{"t":[0,0]}},{"k":[6,0,0,34,0],"v":{"t":[0,0]}},{"k":[7,0,0,33,0],"v":{"t":[0,0]}},{"k":[8,0,0,32,0],"v":{"t":[0,0]}},{"k":[0,0,0,39,0],"v":{"t":[0,0]}},{"k":[1,0,0,38,0],"v":{"t":[0,0]}},{"k":[2,0,0,37,0],"v":{"t":[0,0]}},{"k":[3,0,0,36,0],"v":{"t":[0,0]}},{"k":[4,0,0,35,0],"v":{"t":[0,0]}},{"k":[5,0,0,34,0],"v":{"t":[0,0]}},{"k":[6,0,0,33,0],"v":{"t":[0,0]}},{"k":[7,0,0,32,0],"v":{"t":[0,0]}},{"k":[0,0,0,38,0],"v":{"t":[0,0]}},{"k":[1,0,0,37,0],"v":{"t":[0,0]}},{"k":[2,0,0,36,0],"v":{"t":[0,0]}},{"k":[3,0,0,35,0],"v":{"t":[0,0]}},{"k":[4,0,0,34,0],"v":{"t":[0,0]}},{"k":[5,0,0,33,0],"v":{"t":[0,0]}},{"k":[6,0,0,32,0],"v":{"t":[0,0]}},{"k":[0,1,0,37,0],"v":{"t":[0,0]}},{"k":[1,1,0,36,0],"v":{"t":[0,0]}},{"k":[0,0,0,37,0],"v":{"t":[0,0]}},{"k":[1,0,0,36,0],"v":{"t":[0,0]}},{"k":[2,0,0,35,0],"v":{"t":[0,0]}},{"k":[3,0,0,34,0],"v":{"t":[0,0]}},{"k":[4,0,0,33,0],"v":{"t":[0,0]}},{"k":[5,0,0,32,0],"v":{"t":[0,0]}},{"k":[0,1,0,36,0],"v":{"t":[0,0]}},{"k":[1,1,0,35,0],"v":{"t":[0,0]}},{"k":[0,0,0,36,0],"v":{"t":[0,0]}},{"k":[1,0,0,35,0],"v":{"t":[0,0]}},{"k":[2,0,0,34,0],"v":{"t":[0,0]}},{"k":[3,0,0,33,0],"v":{"t":[0,0]}},{"k":[4,0,0,32,0],"v":{"t":[0,0]}},{"k":[0,1,0,35,0],"v":{"t":[0,0]}},{"k":[0,0,0,35,0],"v":{"t":[0,0]}},{"k":[1,0,0,34,0],"v":{"t":[0,0]}},{"k":[2,0,0,33,0],"v":{"t":[0,0]}},{"k":[3,0,0,32,0],"v":{"t":[0,0]}},{"k":[0,1,0,34,0],"v":{"t":[0,0]}},{"k":[0,0,0,34,0],"v":{"t":[0,0]}},{"k":[1,0,0,33,0],"v":{"t":[0,0]}},{"k":[2,0,0,32,0],"v":{"t":[0,0]}},{"k":[0,0,0,33,0],"v":{"t":[0,0]}},{"k":[1,0,0,32,0],"v":{"t":[0,0]}},{"k":[1,0,0,47,0],"v":{"t":[0,0]}},{"k":[2,0,0,46,0],"v":{"t":[0,0]}},{"k":[3,0,0,45,0],"v":{"t":[0,0]}},{"k":[4,0,0,44,0],"v":{"t":[0,0]}},{"k":[5,0,0,43,0],"v":{"t":[0,0]}},{"k":[6,0,0,42,0],"v":{"t":[0,0]}},{"k":[7,0,0,41,0],"v":{"t":[0,0]}},{"k":[8,0,0,40,0],"v":{"t":[0,0]}},{"k":[9,0,0,39,0],"v":{"t":[0,0]}},{"k":[10,0,0,38,0],"v":{"t":[0,0]}},{"k":[11,0,0,37,0],"v":{"t":[0,0]}},{"k":[12,0,0,36,0],"v":{"t":[0,0]}},{"k":[13,0,0,35,0],"v":{"t":[0,0]}},{"k":[14,0,0,34,0],"v":{"t":[0,0]}},{"k":[15,0,0,33,0],"v":{"t":[0,0]}},{"k":[0,0,0,47,0],"v":{"t":[0,0]}},{"k":[1,0,0,46,0],"v":{"t":[0,0]}},{"k":[2,0,0,45,0],"v":{"t":[0,0]}},{"k":[3,0,0,44,0],"v":{"t":[0,0]}},{"k":[4,0,0,43,0],"v":{"t":[0,0]}},{"k":[5,0,0,42,0],"v":{"t":[0,0]}},{"k":[6,0,0,41,0],"v":{"t":[0,0]}},{"k":[7,0,0,40,0],"v":{"t":[0,0]}},{"k":[8,0,0,39,0],"v":{"t":[0,0]}},{"k":[9,0,0,38,0],"v":{"t":[0,0]}},{"k":[10,0,0,37,0],"v":{"t":[0,0]}},{"k":[11,0,0,36,0],"v":{"t":[0,0]}},{"k":[12,0,0,35,0],"v":{"t":[0,0]}},{"k":[13,0,0,34,0],"v":{"t":[0,0]}},{"k":[14,0,0,33,0],"v":{"t":[0,0]}},{"k":[15,0,0,32,0],"v":{"t":[0,0]}},{"k":[0,0,0,46,0],"v":{"t":[0,0]}},{"k":[1,0,0,45,0],"v":{"t":[0,0]}},{"k":[2,0,0,44,0],"v":{"t":[0,0]}},{"k":[3,0,0,43,0],"v":{"t":[0,0]}},{"k":[4,0,0,42,0],"v":{"t":[0,0]}},{"k":[5,0,0,41,0],"v":{"t":[0,0]}},{"k":[6,0,0,40,0],"v":{"t":[0,0]}},{"k":[7,0,0,39,0],"v":{"t":[0,0]}},{"k":[8,0,0,38,0],"v":{"t":[0,0]}},{"k":[9,0,0,37,0],"v":{"t":[0,0]}},{"k":[10,0,0,36,0],"v":{"t":[0,0]}},{"k":[11,0,0,35,0],"v":{"t":[0,0]}},{"k":[12,0,0,34,0],"v":{"t":[0,0]}},{"k":[13,0,0,33,0],"v":{"t":[0,0]}},{"k":[14,0,0,32,0],"v":{"t":[0,0]}},{"k":[0,0,0,45,0],"v":{"t":[0,0]}},{"k":[1,0,0,44,0],"v":{"t":[0,0]}},{"k":[2,0,0,43,0],"v":{"t":[0,0]}},{"k":[3,0,0,42,0],"v":{"t":[0,0]}},{"k":[4,0,0,41,0],"v":{"t":[0,0]}},{"k":[5,0,0,40,0],"v":{"t":[0,0]}},{"k":[6,0,0,39,0],"v":{"t":[0,0]}},{"k":[7,0,0,38,0],"v":{"t":[0,0]}},{"k":[8,0,0,37,0],"v":{"t":[0,0]}},{"k":[9,0,0,36,0],"v":{"t":[0,0]}},{"k":[10,0,0,35,0],"v":{"t":[0,0]}},{"k":[11,0,0,34,0],"v":{"t":[0,0]}},{"k":[12,0,0,33,0],"v":{"t":[0,0]}},{"k":[13,0,0,32,0],"v":{"t":[0,0]}},{"k":[0,0,0,44,0],"v":{"t":[0,0]}},{"k":[1,0,0,43,0],"v":{"t":[0,0]}},{"k":[2,0,0,42,0],"v":{"t":[0,0]}},{"k":[3,0,0,41,0],"v":{"t":[0,0]}},{"k":[4,0,0,40,0],"v":{"t":[0,0]}},{"k":[5,0,0,39,0],"v":{"t":[0,0]}},{"k":[6,0,0,38,0],"v":{"t":[0,0]}},{"k":[7,0,0,37,0],"v":{"t":[0,0]}},{"k":[8,0,0,36,0],"v":{"t":[0,0]}},{"k":[9,0,0,35,0],"v":{"t":[0,0]}},{"k":[10,0,0,34,0],"v":{"t":[0,0]}},{"k":[11,0,0,33,0],"v":{"t":[0,0]}},{"k":[12,0,0,32,0],"v":{"t":[0,0]}},{"k":[0,0,0,43,0],"v":{"t":[0,0]}},{"k":[1,0,0,42,0],"v":{"t":[0,0]}},{"k":[2,0,0,41,0],"v":{"t":[0,0]}},{"k":[3,0,0,40,0],"v":{"t":[0,0]}},{"k":[4,0,0,39,0],"v":{"t":[0,0]}},{"k":[5,0,0,38,0],"v":{"t":[0,0]}},{"k":[6,0,0,37,0],"v":{"t":[0,0]}},{"k":[7,0,0,36,0],"v":{"t":[0,0]}},{"k":[8,0,0,35,0],"v":{"t":[0,0]}},{"k":[9,0,0,34,0],"v":{"t":[0,0]}},{"k":[10,0,0,33,0],"v":{"t":[0,0]}},{"k":[11,0,0,32,0],"v":{"t":[0,0]}},{"k":[0,0,0,42,0],"v":{"t":[0,0]}},{"k":[1,0,0,41,0],"v":{"t":[0,0]}},{"k":[2,0,0,40,0],"v":{"t":[0,0]}},{"k":[3,0,0,39,0],"v":{"t":[0,0]}},{"k":[4,0,0,38,0],"v":{"t":[0,0]}},{"k":[5,0,0,37,0],"v":{"t":[0,0]}},{"k":[6,0,0,36,0],"v":{"t":[0,0]}},{"k":[7,0,0,35,0],"v":{"t":[0,0]}},{"k":[8,0,0,34,0],"v":{"t":[0,0]}},{"k":[9,0,0,33,0],"v":{"t":[0,0]}},{"k":[10,0,0,32,0],"v":{"t":[0,0]}},{"k":[0,0,0,41,0],"v":{"t":[0,0]}},{"k":[1,0,0,40,0],"v":{"t":[0,0]}},{"k":[2,0,0,39,0],"v":{"t":[0,0]}},{"k":[3,0,0,38,0],"v":{"t":[0,0]}},{"k":[4,0,0,37,0],"v":{"t":[0,0]}},{"k":[5,0,0,36,0],"v":{"t":[0,0]}},{"k":[6,0,0,35,0],"v":{"t":[0,0]}},{"k":[7,0,0,34,0],"v":{"t":[0,0]}},{"k":[8,0,0,33,0],"v":{"t":[0,0]}},{"k":[9,0,0,32,0],"v":{"t":[0,0]}},{"k":[9,0,0,47,0],"v":{"t":[0,0]}},{"k":[10,0,0,46,0],"v":{"t":[0,0]}},{"k":[11,0,0,45,0],"v":{"t":[0,0]}},{"k":[12,0,0,44,0],"v":{"t":[0,0]}},{"k":[13,0,0,43,0],"v":{"t":[0,0]}},{"k":[14,0,0,42,0],"v":{"t":[0,0]}},{"k":[15,0,0,41,0],"v":{"t":[0,0]}},{"k":[8,0,0,47,0],"v":{"t":[0,0]}},{"k":[9,0,0,46,0],"v":{"t":[0,0]}},{"k":[10,0,0,45,0],"v":{"t":[0,0]}},{"k":[11,0,0,44,0],"v":{"t":[0,0]}},{"k":[12,0,0,43,0],"v":{"t":[0,0]}},{"k":[13,0,0,42,0],"v":{"t":[0,0]}},{"k":[14,0,0,41,0],"v":{"t":[0,0]}},{"k":[15,0,0,40,0],"v":{"t":[0,0]}},{"k":[7,0,0,47,0],"v":{"t":[0,0]}},{"k":[8,0,0,46,0],"v":{"t":[0,0]}},{"k":[9,0,0,45,0],"v":{"t":[0,0]}},{"k":[10,0,0,44,0],"v":{"t":[0,0]}},{"k":[11,0,0,43,0],"v":{"t":[0,0]}},{"k":[12,0,0,42,0],"v":{"t":[0,0]}},{"k":[13,0,0,41,0],"v":{"t":[0,0]}},{"k":[14,0,0,40,0],"v":{"t":[0,0]}},{"k":[15,0,0,39,0],"v":{"t":[0,0]}},{"k":[6,0,0,47,0],"v":{"t":[0,0]}},{"k":[7,0,0,46,0],"v":{"t":[0,0]}},{"k":[8,0,0,45,0],"v":{"t":[0,0]}},{"k":[9,0,0,44,0],"v":{"t":[0,0]}},{"k":[10,0,0,43,0],"v":{"t":[0,0]}},{"k":[11,0,0,42,0],"v":{"t":[0,0]}},{"k":[12,0,0,41,0],"v":{"t":[0,0]}},{"k":[13,0,0,40,0],"v":{"t":[0,0]}},{"k":[14,0,0,39,0],"v":{"t":[0,0]}},{"k":[15,0,0,38,0],"v":{"t":[0,0]}},{"k":[5,0,0,47,0],"v":{"t":[0,0]}},{"k":[6,0,0,46,0],"v":{"t":[0,0]}},{"k":[7,0,0,45,0],"v":{"t":[0,0]}},{"k":[8,0,0,44,0],"v":{"t":[0,0]}},{"k":[9,0,0,43,0],"v":{"t":[0,0]}},{"k":[10,0,0,42,0],"v":{"t":[0,0]}},{"k":[11,0,0,41,0],"v":{"t":[0,0]}},{"k":[12,0,0,40,0],"v":{"t":[0,0]}},{"k":[13,0,0,39,0],"v":{"t":[0,0]}},{"k":[14,0,0,38,0],"v":{"t":[0,0]}},{"k":[15,0,0,37,0],"v":{"t":[0,0]}},{"k":[4,0,0,47,0],"v":{"t":[0,0]}},{"k":[5,0,0,46,0],"v":{"t":[0,0]}},{"k":[6,0,0,45,0],"v":{"t":[0,0]}},{"k":[7,0,0,44,0],"v":{"t":[0,0]}},{"k":[8,0,0,43,0],"v":{"t":[0,0]}},{"k":[9,0,0,42,0],"v":{"t":[0,0]}},{"k":[10,0,0,41,0],"v":{"t":[0,0]}},{"k":[11,0,0,40,0],"v":{"t":[0,0]}},{"k":[12,0,0,39,0],"v":{"t":[0,0]}},{"k":[13,0,0,38,0],"v":{"t":[0,0]}},{"k":[14,0,0,37,0],"v":{"t":[0,0]}},{"k":[15,0,0,36,0],"v":{"t":[0,0]}},{"k":[3,0,0,47,0],"v":{"t":[0,0]}},{"k":[4,0,0,46,0],"v":{"t":[0,0]}},{"k":[5,0,0,45,0],"v":{"t":[0,0]}},{"k":[6,0,0,44,0],"v":{"t":[0,0]}},{"k":[7,0,0,43,0],"v":{"t":[0,0]}},{"k":[8,0,0,42,0],"v":{"t":[0,0]}},{"k":[9,0,0,41,0],"v":{"t":[0,0]}},{"k":[10,0,0,40,0],"v":{"t":[0,0]}},{"k":[11,0,0,39,0],"v":{"t":[0,0]}},{"k":[12,0,0,38,0],"v":{"t":[0,0]}},{"k":[13,0,0,37,0],"v":{"t":[0,0]}},{"k":[14,0,0,36,0],"v":{"t":[0,0]}},{"k":[15,0,0,35,0],"v":{"t":[0,0]}},{"k":[2,0,0,47,0],"v":{"t":[0,0]}},{"k":[3,0,0,46,0],"v":{"t":[0,0]}},{"k":[4,0,0,45,0],"v":{"t":[0,0]}},{"k":[5,0,0,44,0],"v":{"t":[0,0]}},{"k":[6,0,0,43,0],"v":{"t":[0,0]}},{"k":[7,0,0,42,0],"v":{"t":[0,0]}},{"k":[8,0,0,41,0],"v":{"t":[0,0]}},{"k":[9,0,0,40,0],"v":{"t":[0,0]}},{"k":[10,0,0,39,0],"v":{"t":[0,0]}},{"k":[11,0,0,38,0],"v":{"t":[0,0]}},{"k":[12,0,0,37,0],"v":{"t":[0,0]}},{"k":[13,0,0,36,0],"v":{"t":[0,0]}},{"k":[14,0,0,35,0],"v":{"t":[0,0]}},{"k":[15,0,0,34,0],"v":{"t":[0,0]}},{"k":[15,0,0,47,0],"v":{"t":[0,0]}},{"k":[14,0,0,47,0],"v":{"t":[0,0]}},{"k":[15,0,0,46,0],"v":{"t":[0,0]}},{"k":[13,0,0,47,0],"v":{"t":[0,0]}},{"k":[14,0,0,46,0],"v":{"t":[0,0]}},{"k":[15,0,0,45,0],"v":{"t":[0,0]}},{"k":[12,0,0,47,0],"v":{"t":[0,0]}},{"k":[13,0,0,46,0],"v":{"t":[0,0]}},{"k":[14,0,0,45,0],"v":{"t":[0,0]}},{"k":[15,0,0,44,0],"v":{"t":[0,0]}},{"k":[11,0,0,47,0],"v":{"t":[0,0]}},{"k":[12,0,0,46,0],"v":{"t":[0,0]}},{"k":[13,0,0,45,0],"v":{"t":[0,0]}},{"k":[14,0,0,44,0],"v":{"t":[0,0]}},{"k":[15,0,0,43,0],"v":{"t":[0,0]}},{"k":[10,0,0,47,0],"v":{"t":[0,0]}},{"k":[11,0,0,46,0],"v":{"t":[0,0]}},{"k":[12,0,0,45,0],"v":{"t":[0,0]}},{"k":[13,0,0,44,0],"v":{"t":[0,0]}},{"k":[14,0,0,43,0],"v":{"t":[0,0]}},{"k":[15,0,0,42,0],"v":{"t":[0,0]}}]},"moun":{"a":[{"k":[0,0,0,37,0],"v":{"sid":1,"t":true}},{"k":[1,0,0,36,0],"v":{"l":true,"sid":1,"t":true}},{"k":[0,0,0,36,0],"v":{"b":true,"r":true,"sid":1,"t":true}},{"k":[1,0,0,35,0],"v":{"b":true,"l":true,"sid":1}},{"k":[0,0,0,35,0],"v":{"b":true,"r":true,"sid":1,"t":true}},{"k":[0,0,0,34,0],"v":{"b":true,"sid":1}}],"o":[]},"objs":{"list":[]},"objs3d":{"a":[{"k":[12,0,0,36,0],"v":{"did":55}},{"k":[15,0,0,39,0,50,50,90],"v":{"did":18}},{"k":[12,0,0,44,0],"v":{"did":110}},{"k":[15,0,0,35,0,50,50,90],"v":{"did":18}},{"k":[12,0,0,43,0],"v":{"did":55}},{"k":[15,0,0,34,0,50,50,90],"v":{"did":18}},{"k":[15,0,0,33,0,50,50,90],"v":{"did":18}},{"k":[15,0,0,32,0,50,50,90],"v":{"did":18}},{"k":[13,0,0,38,0],"v":{"did":108}},{"k":[15,0,0,47,0,50,50,90],"v":{"did":18}},{"k":[15,0,0,46,0,50,50,90],"v":{"did":18}},{"k":[12,0,0,38,0],"v":{"did":108}},{"k":[12,0,0,37,0],"v":{"did":108}},{"k":[15,0,0,42,0,50,50,90],"v":{"did":18}},{"k":[15,0,0,41,0,50,50,90],"v":{"did":18}},{"k":[15,0,0,40,0,50,50,90],"v":{"did":18}},{"k":[13,0,0,45,0],"v":{"did":110}},{"k":[12,0,0,45,0],"v":{"did":110}}],"o":[[15,0,0,48,0],[12,0,0,29,0]]},"sprites":{"list":[{"k":[3,0,0,37,0],"v":{"k":4,"t":[7,2,1,1]}},{"k":[6,0,0,33,0],"v":{"k":4,"t":[6,6,1,1]}},{"k":[1,0,0,38,0],"v":{"k":4,"t":[6,6,1,1]}},{"k":[5,1,0,33,0],"v":{"k":4,"t":[3,4,1,1]}},{"k":[6,0,0,32,0],"v":{"k":4,"t":[0,2,2,2]}},{"k":[0,1,0,37,0],"v":{"f":false,"k":4,"t":[7,2,1,1]}},{"k":[1,1,0,36,0],"v":{"k":4,"t":[6,6,1,1]}},{"k":[1,1,0,35,0],"v":{"k":4,"t":[6,3,1,1]}},{"k":[0,1,0,36,0],"v":{"k":4,"t":[6,6,1,1]}},{"k":[3,0,0,33,0],"v":{"k":4,"t":[6,6,1,1]}},{"k":[2,0,0,34,0],"v":{"k":4,"t":[6,6,1,1]}},{"k":[1,0,0,35,0],"v":{"k":4,"t":[6,6,1,1]}},{"k":[0,1,0,35,0],"v":{"k":4,"t":[7,7,1,1]}},{"k":[3,0,0,32,0],"v":{"k":4,"t":[6,6,1,1]}},{"k":[0,1,0,34,0],"v":{"k":4,"t":[6,6,1,1]}},{"k":[1,0,0,33,0],"v":{"k":4,"t":[6,2,1,1]}},{"k":[6,0,0,42,0],"v":{"k":4,"t":[6,6,1,1]}},{"k":[9,0,0,39,0],"v":{"k":4,"t":[4,4,1,1]}},{"k":[1,0,0,46,0],"v":{"k":4,"t":[7,2,1,1]}},{"k":[4,0,0,43,0],"v":{"k":4,"t":[7,2,1,1]}},{"k":[14,0,0,33,0],"v":{"k":4,"t":[6,6,1,1]}},{"k":[1,0,0,45,0],"v":{"k":4,"t":[7,2,1,1]}},{"k":[6,0,0,40,0],"v":{"k":4,"t":[7,2,1,1]}},{"k":[5,0,0,41,0],"v":{"k":4,"t":[0,2,2,2]}},{"k":[12,0,0,34,0],"v":{"k":4,"t":[7,7,1,1]}},{"k":[2,0,0,43,0],"v":{"k":4,"t":[7,2,1,1]}},{"k":[7,0,0,38,0],"v":{"k":4,"t":[4,4,1,1]}},{"k":[9,0,0,35,0],"v":{"k":4,"t":[7,2,1,1]}},{"k":[2,0,0,41,0],"v":{"k":4,"t":[6,6,1,1]}},{"k":[2,0,0,40,0],"v":{"k":4,"t":[0,4,2,3]}},{"k":[5,0,0,37,0],"v":{"k":4,"t":[4,4,1,1]}},{"k":[9,0,0,33,0],"v":{"k":4,"t":[4,4,1,1]}},{"k":[6,0,0,35,0],"v":{"k":4,"t":[7,2,1,1]}},{"k":[3,0,0,38,0],"v":{"k":4,"t":[6,6,1,1]}},{"k":[10,0,0,45,0],"v":{"k":4,"t":[7,2,1,1]}},{"k":[14,0,0,40,0],"v":{"k":4,"t":[6,6,1,1]}},{"k":[10,0,0,43,0],"v":{"k":4,"t":[6,6,1,1]}},{"k":[7,0,0,46,0],"v":{"k":4,"t":[6,6,1,1]}},{"k":[11,1,0,41,0],"v":{"k":4,"t":[3,4,1,1]}},{"k":[6,0,0,47,0],"v":{"f":false,"k":4,"t":[7,7,1,1]}},{"k":[12,0,0,41,0],"v":{"f":false,"k":4,"t":[7,7,1,1]}},{"k":[7,0,0,45,0],"v":{"k":4,"t":[7,2,1,1]}},{"k":[13,0,0,39,0],"v":{"k":4,"t":[6,6,1,1]}},{"k":[4,0,0,47,0],"v":{"k":4,"t":[0,2,2,2]}},{"k":[8,0,0,43,0],"v":{"k":4,"t":[0,4,2,3]}},{"k":[5,0,0,45,0],"v":{"k":4,"t":[4,4,1,1]}},{"k":[10,0,0,40,0],"v":{"k":4,"t":[4,4,1,1]}},{"k":[2,0,0,47,0],"v":{"k":4,"t":[6,6,1,1]}},{"k":[10,0,0,39,0],"v":{"k":4,"t":[6,6,1,1]}}],"overflow":[],"walls":[]}}