{"lands":{"autotiles":[{"k":[16,0,0,16,0],"v":{"id":1,"t":[1,0],"tid":584}},{"k":[16,0,0,24,0],"v":{"id":1,"t":[1,0],"tid":584}},{"k":[17,0,0,23,0],"v":{"id":1,"t":[1,0],"tid":318}},{"k":[18,0,0,22,0],"v":{"id":1,"t":[1,0],"tid":318}},{"k":[19,0,0,21,0],"v":{"id":1,"t":[1,0],"tid":318}},{"k":[20,0,0,20,0],"v":{"id":1,"t":[1,0],"tid":370}},{"k":[16,0,0,23,0],"v":{"id":1,"t":[1,0],"tid":584}},{"k":[17,0,0,22,0],"v":{"id":1,"t":[1,0],"tid":318}},{"k":[18,0,0,21,0],"v":{"id":1,"t":[1,0],"tid":318}},{"k":[19,0,0,20,0],"v":{"id":1,"t":[1,0],"tid":318}},{"k":[20,0,0,19,0],"v":{"id":1,"t":[1,0],"tid":370}},{"k":[16,0,0,22,0],"v":{"id":1,"t":[1,0],"tid":584}},{"k":[17,0,0,21,0],"v":{"id":1,"t":[1,0],"tid":318}},{"k":[18,0,0,20,0],"v":{"id":1,"t":[1,0],"tid":318}},{"k":[19,0,0,19,0],"v":{"id":1,"t":[1,0],"tid":318}},{"k":[20,0,0,18,0],"v":{"id":1,"t":[1,0],"tid":370}},{"k":[16,0,0,21,0],"v":{"id":1,"t":[1,0],"tid":584}},{"k":[17,0,0,20,0],"v":{"id":1,"t":[1,0],"tid":318}},{"k":[18,0,0,19,0],"v":{"id":1,"t":[1,0],"tid":318}},{"k":[19,0,0,18,0],"v":{"id":1,"t":[1,0],"tid":318}},{"k":[20,0,0,17,0],"v":{"id":1,"t":[1,0],"tid":370}},{"k":[16,0,0,20,0],"v":{"id":1,"t":[1,0],"tid":584}},{"k":[17,0,0,19,0],"v":{"id":1,"t":[1,0],"tid":318}},{"k":[18,0,0,18,0],"v":{"id":1,"t":[1,0],"tid":318}},{"k":[19,0,0,17,0],"v":{"id":1,"t":[1,0],"tid":318}},{"k":[20,0,0,16,0],"v":{"id":1,"t":[1,0],"tid":370}},{"k":[16,0,0,19,0],"v":{"id":1,"t":[1,0],"tid":584}},{"k":[17,0,0,18,0],"v":{"id":1,"t":[1,0],"tid":318}},{"k":[18,0,0,17,0],"v":{"id":1,"t":[1,0],"tid":318}},{"k":[19,0,0,16,0],"v":{"id":1,"t":[1,0],"tid":318}},{"k":[16,0,0,18,0],"v":{"id":1,"t":[1,0],"tid":584}},{"k":[17,0,0,17,0],"v":{"id":1,"t":[1,0],"tid":318}},{"k":[18,0,0,16,0],"v":{"id":1,"t":[1,0],"tid":318}},{"k":[16,0,0,17,0],"v":{"id":1,"t":[1,0],"tid":584}},{"k":[17,0,0,16,0],"v":{"id":1,"t":[1,0],"tid":318}},{"k":[17,0,0,31,0],"v":{"id":1,"t":[1,0],"tid":318}},{"k":[18,0,0,30,0],"v":{"id":1,"t":[1,0],"tid":318}},{"k":[19,0,0,29,0],"v":{"id":1,"t":[1,0],"tid":318}},{"k":[20,0,0,28,0],"v":{"id":1,"t":[1,0],"tid":370}},{"k":[16,0,0,31,0],"v":{"id":1,"t":[1,0],"tid":584}},{"k":[17,0,0,30,0],"v":{"id":1,"t":[1,0],"tid":318}},{"k":[18,0,0,29,0],"v":{"id":1,"t":[1,0],"tid":318}},{"k":[19,0,0,28,0],"v":{"id":1,"t":[1,0],"tid":318}},{"k":[20,0,0,27,0],"v":{"id":1,"t":[1,0],"tid":370}},{"k":[16,0,0,30,0],"v":{"id":1,"t":[1,0],"tid":584}},{"k":[17,0,0,29,0],"v":{"id":1,"t":[1,0],"tid":318}},{"k":[18,0,0,28,0],"v":{"id":1,"t":[1,0],"tid":318}},{"k":[19,0,0,27,0],"v":{"id":1,"t":[1,0],"tid":318}},{"k":[20,0,0,26,0],"v":{"id":1,"t":[1,0],"tid":370}},{"k":[16,0,0,29,0],"v":{"id":1,"t":[1,0],"tid":584}},{"k":[17,0,0,28,0],"v":{"id":1,"t":[1,0],"tid":318}},{"k":[18,0,0,27,0],"v":{"id":1,"t":[1,0],"tid":318}},{"k":[19,0,0,26,0],"v":{"id":1,"t":[1,0],"tid":318}},{"k":[20,0,0,25,0],"v":{"id":1,"t":[1,0],"tid":370}},{"k":[16,0,0,28,0],"v":{"id":1,"t":[1,0],"tid":584}},{"k":[17,0,0,27,0],"v":{"id":1,"t":[1,0],"tid":318}},{"k":[18,0,0,26,0],"v":{"id":1,"t":[1,0],"tid":318}},{"k":[19,0,0,25,0],"v":{"id":1,"t":[1,0],"tid":318}},{"k":[20,0,0,24,0],"v":{"id":1,"t":[1,0],"tid":370}},{"k":[16,0,0,27,0],"v":{"id":1,"t":[1,0],"tid":584}},{"k":[17,0,0,26,0],"v":{"id":1,"t":[1,0],"tid":318}},{"k":[18,0,0,25,0],"v":{"id":1,"t":[1,0],"tid":318}},{"k":[19,0,0,24,0],"v":{"id":1,"t":[1,0],"tid":318}},{"k":[20,0,0,23,0],"v":{"id":1,"t":[1,0],"tid":370}},{"k":[16,0,0,26,0],"v":{"id":1,"t":[1,0],"tid":584}},{"k":[17,0,0,25,0],"v":{"id":1,"t":[1,0],"tid":318}},{"k":[18,0,0,24,0],"v":{"id":1,"t":[1,0],"tid":318}},{"k":[19,0,0,23,0],"v":{"id":1,"t":[1,0],"tid":318}},{"k":[20,0,0,22,0],"v":{"id":1,"t":[1,0],"tid":370}},{"k":[16,0,0,25,0],"v":{"id":1,"t":[1,0],"tid":584}},{"k":[17,0,0,24,0],"v":{"id":1,"t":[1,0],"tid":318}},{"k":[18,0,0,23,0],"v":{"id":1,"t":[1,0],"tid":318}},{"k":[19,0,0,22,0],"v":{"id":1,"t":[1,0],"tid":318}},{"k":[20,0,0,21,0],"v":{"id":1,"t":[1,0],"tid":370}},{"k":[20,0,0,31,0],"v":{"id":1,"t":[1,0],"tid":370}},{"k":[19,0,0,31,0],"v":{"id":1,"t":[1,0],"tid":318}},{"k":[20,0,0,30,0],"v":{"id":1,"t":[1,0],"tid":370}},{"k":[18,0,0,31,0],"v":{"id":1,"t":[1,0],"tid":318}},{"k":[19,0,0,30,0],"v":{"id":1,"t":[1,0],"tid":318}},{"k":[20,0,0,29,0],"v":{"id":1,"t":[1,0],"tid":370}}],"floors":[{"k":[21,0,0,27,0],"v":{"t":[0,0]}},{"k":[22,0,0,26,0],"v":{"t":[0,0]}},{"k":[23,0,0,25,0],"v":{"t":[0,0]}},{"k":[24,0,0,24,0],"v":{"t":[0,0]}},{"k":[25,0,0,23,0],"v":{"t":[0,0]}},{"k":[26,0,0,22,0],"v":{"t":[0,0]}},{"k":[27,0,0,21,0],"v":{"t":[0,0]}},{"k":[28,0,0,20,0],"v":{"t":[0,0]}},{"k":[29,0,0,19,0],"v":{"t":[0,0]}},{"k":[30,0,0,18,0],"v":{"t":[0,0]}},{"k":[31,0,0,17,0],"v":{"t":[0,0]}},{"k":[21,0,0,26,0],"v":{"t":[0,0]}},{"k":[22,0,0,25,0],"v":{"t":[0,0]}},{"k":[23,0,0,24,0],"v":{"t":[0,0]}},{"k":[24,0,0,23,0],"v":{"t":[0,0]}},{"k":[25,0,0,22,0],"v":{"t":[0,0]}},{"k":[26,0,0,21,0],"v":{"t":[0,0]}},{"k":[27,0,0,20,0],"v":{"t":[0,0]}},{"k":[28,0,0,19,0],"v":{"t":[0,0]}},{"k":[29,0,0,18,0],"v":{"t":[0,0]}},{"k":[30,0,0,17,0],"v":{"t":[0,0]}},{"k":[31,0,0,16,0],"v":{"t":[0,0]}},{"k":[21,0,0,25,0],"v":{"t":[0,0]}},{"k":[22,0,0,24,0],"v":{"t":[0,0]}},{"k":[23,0,0,23,0],"v":{"t":[0,0]}},{"k":[24,0,0,22,0],"v":{"t":[0,0]}},{"k":[25,0,0,21,0],"v":{"t":[0,0]}},{"k":[26,0,0,20,0],"v":{"t":[0,0]}},{"k":[27,0,0,19,0],"v":{"t":[0,0]}},{"k":[28,0,0,18,0],"v":{"t":[0,0]}},{"k":[29,0,0,17,0],"v":{"t":[0,0]}},{"k":[30,0,0,16,0],"v":{"t":[0,0]}},{"k":[21,0,0,24,0],"v":{"t":[0,0]}},{"k":[22,0,0,23,0],"v":{"t":[0,0]}},{"k":[23,0,0,22,0],"v":{"t":[0,0]}},{"k":[24,0,0,21,0],"v":{"t":[0,0]}},{"k":[25,0,0,20,0],"v":{"t":[0,0]}},{"k":[26,0,0,19,0],"v":{"t":[0,0]}},{"k":[27,0,0,18,0],"v":{"t":[0,0]}},{"k":[28,0,0,17,0],"v":{"t":[0,0]}},{"k":[29,0,0,16,0],"v":{"t":[0,0]}},{"k":[21,0,0,23,0],"v":{"t":[0,0]}},{"k":[22,0,0,22,0],"v":{"t":[0,0]}},{"k":[23,0,0,21,0],"v":{"t":[0,0]}},{"k":[24,0,0,20,0],"v":{"t":[0,0]}},{"k":[25,0,0,19,0],"v":{"t":[0,0]}},{"k":[26,0,0,18,0],"v":{"t":[0,0]}},{"k":[27,0,0,17,0],"v":{"t":[0,0]}},{"k":[28,0,0,16,0],"v":{"t":[0,0]}},{"k":[21,0,0,22,0],"v":{"t":[0,0]}},{"k":[22,0,0,21,0],"v":{"t":[0,0]}},{"k":[23,0,0,20,0],"v":{"t":[0,0]}},{"k":[24,0,0,19,0],"v":{"t":[0,0]}},{"k":[25,0,0,18,0],"v":{"t":[0,0]}},{"k":[26,0,0,17,0],"v":{"t":[0,0]}},{"k":[27,0,0,16,0],"v":{"t":[0,0]}},{"k":[21,0,0,21,0],"v":{"t":[0,0]}},{"k":[22,0,0,20,0],"v":{"t":[0,0]}},{"k":[23,0,0,19,0],"v":{"t":[0,0]}},{"k":[24,0,0,18,0],"v":{"t":[0,0]}},{"k":[25,0,0,17,0],"v":{"t":[0,0]}},{"k":[26,0,0,16,0],"v":{"t":[0,0]}},{"k":[21,0,0,20,0],"v":{"t":[0,0]}},{"k":[22,0,0,19,0],"v":{"t":[0,0]}},{"k":[23,0,0,18,0],"v":{"t":[0,0]}},{"k":[24,0,0,17,0],"v":{"t":[0,0]}},{"k":[25,0,0,16,0],"v":{"t":[0,0]}},{"k":[25,0,0,31,0],"v":{"t":[0,0]}},{"k":[26,0,0,30,0],"v":{"t":[0,0]}},{"k":[27,0,0,29,0],"v":{"t":[0,0]}},{"k":[28,0,0,28,0],"v":{"t":[0,0]}},{"k":[29,0,0,27,0],"v":{"t":[0,0]}},{"k":[30,0,0,26,0],"v":{"t":[0,0]}},{"k":[31,0,0,25,0],"v":{"t":[0,0]}},{"k":[24,0,0,31,0],"v":{"t":[0,0]}},{"k":[25,0,0,30,0],"v":{"t":[0,0]}},{"k":[26,0,0,29,0],"v":{"t":[0,0]}},{"k":[27,0,0,28,0],"v":{"t":[0,0]}},{"k":[28,0,0,27,0],"v":{"t":[0,0]}},{"k":[29,0,0,26,0],"v":{"t":[0,0]}},{"k":[30,0,0,25,0],"v":{"t":[0,0]}},{"k":[31,0,0,24,0],"v":{"t":[0,0]}},{"k":[23,0,0,31,0],"v":{"t":[0,0]}},{"k":[24,0,0,30,0],"v":{"t":[0,0]}},{"k":[25,0,0,29,0],"v":{"t":[0,0]}},{"k":[26,0,0,28,0],"v":{"t":[0,0]}},{"k":[27,0,0,27,0],"v":{"t":[0,0]}},{"k":[28,0,0,26,0],"v":{"t":[0,0]}},{"k":[29,0,0,25,0],"v":{"t":[0,0]}},{"k":[30,0,0,24,0],"v":{"t":[0,0]}},{"k":[31,0,0,23,0],"v":{"t":[0,0]}},{"k":[22,0,0,31,0],"v":{"t":[0,0]}},{"k":[23,0,0,30,0],"v":{"t":[0,0]}},{"k":[24,0,0,29,0],"v":{"t":[0,0]}},{"k":[25,0,0,28,0],"v":{"t":[0,0]}},{"k":[26,0,0,27,0],"v":{"t":[0,0]}},{"k":[27,0,0,26,0],"v":{"t":[0,0]}},{"k":[28,0,0,25,0],"v":{"t":[0,0]}},{"k":[29,0,0,24,0],"v":{"t":[0,0]}},{"k":[30,0,0,23,0],"v":{"t":[0,0]}},{"k":[31,0,0,22,0],"v":{"t":[0,0]}},{"k":[21,0,0,31,0],"v":{"t":[0,0]}},{"k":[22,0,0,30,0],"v":{"t":[0,0]}},{"k":[23,0,0,29,0],"v":{"t":[0,0]}},{"k":[24,0,0,28,0],"v":{"t":[0,0]}},{"k":[25,0,0,27,0],"v":{"t":[0,0]}},{"k":[26,0,0,26,0],"v":{"t":[0,0]}},{"k":[27,0,0,25,0],"v":{"t":[0,0]}},{"k":[28,0,0,24,0],"v":{"t":[0,0]}},{"k":[29,0,0,23,0],"v":{"t":[0,0]}},{"k":[30,0,0,22,0],"v":{"t":[0,0]}},{"k":[31,0,0,21,0],"v":{"t":[0,0]}},{"k":[21,0,0,30,0],"v":{"t":[0,0]}},{"k":[22,0,0,29,0],"v":{"t":[0,0]}},{"k":[23,0,0,28,0],"v":{"t":[0,0]}},{"k":[24,0,0,27,0],"v":{"t":[0,0]}},{"k":[25,0,0,26,0],"v":{"t":[0,0]}},{"k":[26,0,0,25,0],"v":{"t":[0,0]}},{"k":[27,0,0,24,0],"v":{"t":[0,0]}},{"k":[28,0,0,23,0],"v":{"t":[0,0]}},{"k":[29,0,0,22,0],"v":{"t":[0,0]}},{"k":[30,0,0,21,0],"v":{"t":[0,0]}},{"k":[31,0,0,20,0],"v":{"t":[0,0]}},{"k":[21,0,0,29,0],"v":{"t":[0,0]}},{"k":[22,0,0,28,0],"v":{"t":[0,0]}},{"k":[23,0,0,27,0],"v":{"t":[0,0]}},{"k":[24,0,0,26,0],"v":{"t":[0,0]}},{"k":[25,0,0,25,0],"v":{"t":[0,0]}},{"k":[26,0,0,24,0],"v":{"t":[0,0]}},{"k":[27,0,0,23,0],"v":{"t":[0,0]}},{"k":[28,0,0,22,0],"v":{"t":[0,0]}},{"k":[29,0,0,21,0],"v":{"t":[0,0]}},{"k":[30,0,0,20,0],"v":{"t":[0,0]}},{"k":[31,0,0,19,0],"v":{"t":[0,0]}},{"k":[21,0,0,28,0],"v":{"t":[0,0]}},{"k":[22,0,0,27,0],"v":{"t":[0,0]}},{"k":[23,0,0,26,0],"v":{"t":[0,0]}},{"k":[24,0,0,25,0],"v":{"t":[0,0]}},{"k":[25,0,0,24,0],"v":{"t":[0,0]}},{"k":[26,0,0,23,0],"v":{"t":[0,0]}},{"k":[27,0,0,22,0],"v":{"t":[0,0]}},{"k":[28,0,0,21,0],"v":{"t":[0,0]}},{"k":[29,0,0,20,0],"v":{"t":[0,0]}},{"k":[30,0,0,19,0],"v":{"t":[0,0]}},{"k":[31,0,0,18,0],"v":{"t":[0,0]}},{"k":[31,0,0,31,0],"v":{"t":[0,0]}},{"k":[30,0,0,31,0],"v":{"t":[0,0]}},{"k":[31,0,0,30,0],"v":{"t":[0,0]}},{"k":[29,0,0,31,0],"v":{"t":[0,0]}},{"k":[30,0,0,30,0],"v":{"t":[0,0]}},{"k":[31,0,0,29,0],"v":{"t":[0,0]}},{"k":[28,0,0,31,0],"v":{"t":[0,0]}},{"k":[29,0,0,30,0],"v":{"t":[0,0]}},{"k":[30,0,0,29,0],"v":{"t":[0,0]}},{"k":[31,0,0,28,0],"v":{"t":[0,0]}},{"k":[27,0,0,31,0],"v":{"t":[0,0]}},{"k":[28,0,0,30,0],"v":{"t":[0,0]}},{"k":[29,0,0,29,0],"v":{"t":[0,0]}},{"k":[30,0,0,28,0],"v":{"t":[0,0]}},{"k":[31,0,0,27,0],"v":{"t":[0,0]}},{"k":[26,0,0,31,0],"v":{"t":[0,0]}},{"k":[27,0,0,30,0],"v":{"t":[0,0]}},{"k":[28,0,0,29,0],"v":{"t":[0,0]}},{"k":[29,0,0,28,0],"v":{"t":[0,0]}},{"k":[30,0,0,27,0],"v":{"t":[0,0]}},{"k":[31,0,0,26,0],"v":{"t":[0,0]}},{"k":[21,0,0,19,0],"v":{"t":[0,0]}},{"k":[22,0,0,18,0],"v":{"t":[0,0]}},{"k":[23,0,0,17,0],"v":{"t":[0,0]}},{"k":[24,0,0,16,0],"v":{"t":[0,0]}},{"k":[21,0,0,18,0],"v":{"t":[0,0]}},{"k":[22,0,0,17,0],"v":{"t":[0,0]}},{"k":[23,0,0,16,0],"v":{"t":[0,0]}},{"k":[21,0,0,17,0],"v":{"t":[0,0]}},{"k":[22,0,0,16,0],"v":{"t":[0,0]}},{"k":[21,0,0,16,0],"v":{"t":[0,0]}}]},"moun":{"a":[],"o":[]},"objs":{"list":[]},"objs3d":{"a":[{"k":[21,0,0,25,0,50,50,90],"v":{"did":18}},{"k":[24,0,0,29,0],"v":{"did":107}},{"k":[21,0,0,17,0],"v":{"did":112}},{"k":[21,0,0,24,0,50,50,90],"v":{"did":18}},{"k":[21,0,0,29,0],"v":{"did":55}},{"k":[21,0,0,20,0,50,50,90],"v":{"did":18}},{"k":[21,0,0,19,0,50,50,90],"v":{"did":18}},{"k":[29,0,0,17,0],"v":{"did":112}},{"k":[21,0,0,21,0],"v":{"did":55}},{"k":[21,0,0,28,0,50,50,90],"v":{"did":18}},{"k":[21,0,0,27,0,50,50,90],"v":{"did":18}},{"k":[21,0,0,26,0,50,50,90],"v":{"did":18}},{"k":[24,0,0,30,0],"v":{"did":107}}],"o":[[21,0,0,32,0],[35,0,0,9,0,50,50,90],[35,0,0,17,0,50,50,90],[8,0,0,17,0]]},"sprites":{"list":[{"k":[30,0,0,23,0],"v":{"k":4,"t":[7,2,1,1]}},{"k":[28,0,0,23,0],"v":{"k":4,"t":[4,4,1,1]}},{"k":[23,0,0,27,0],"v":{"k":4,"t":[7,7,1,1]}},{"k":[26,0,0,23,0],"v":{"k":4,"t":[6,6,1,1]}},{"k":[29,0,0,20,0],"v":{"k":4,"t":[0,2,2,2]}},{"k":[26,0,0,22,0],"v":{"k":4,"t":[6,6,1,1]}},{"k":[31,0,0,17,0],"v":{"k":4,"t":[6,6,1,1]}},{"k":[23,0,0,25,0],"v":{"k":4,"t":[0,4,2,3]}},{"k":[28,0,0,19,0],"v":{"k":4,"t":[6,6,1,1]}},{"k":[31,1,0,29,0],"v":{"k":4,"t":[3,4,1,1]}},{"k":[27,0,0,17,0],"v":{"k":4,"t":[6,6,1,1]}},{"k":[29,0,0,30,0],"v":{"k":4,"t":[6,6,1,1]}},{"k":[27,0,0,29,0],"v":{"k":4,"t":[6,6,1,1]}},{"k":[30,0,0,26,0],"v":{"k":4,"t":[4,4,1,1]}},{"k":[28,0,0,27,0],"v":{"k":4,"t":[6,6,1,1]}},{"k":[27,0,0,27,0],"v":{"k":4,"t":[6,6,1,1]}},{"k":[23,0,0,16,0],"v":{"k":4,"t":[2,3,2,1]}}],"overflow":[],"walls":[]}}