{"lands":{"autotiles":[{"k":[16,0,0,8,0],"v":{"id":1,"t":[1,0],"tid":584}},{"k":[17,0,0,7,0],"v":{"id":1,"t":[1,0],"tid":318}},{"k":[18,0,0,6,0],"v":{"id":1,"t":[1,0],"tid":318}},{"k":[19,0,0,5,0],"v":{"id":1,"t":[1,0],"tid":318}},{"k":[20,0,0,4,0],"v":{"id":1,"t":[1,0],"tid":370}},{"k":[16,0,0,7,0],"v":{"id":1,"t":[1,0],"tid":584}},{"k":[17,0,0,6,0],"v":{"id":1,"t":[1,0],"tid":318}},{"k":[18,0,0,5,0],"v":{"id":1,"t":[1,0],"tid":318}},{"k":[19,0,0,4,0],"v":{"id":1,"t":[1,0],"tid":318}},{"k":[20,0,0,3,0],"v":{"id":1,"t":[1,0],"tid":370}},{"k":[16,0,0,6,0],"v":{"id":1,"t":[1,0],"tid":584}},{"k":[17,0,0,5,0],"v":{"id":1,"t":[1,0],"tid":318}},{"k":[18,0,0,4,0],"v":{"id":1,"t":[1,0],"tid":318}},{"k":[19,0,0,3,0],"v":{"id":1,"t":[1,0],"tid":318}},{"k":[20,0,0,2,0],"v":{"id":1,"t":[1,0],"tid":423}},{"k":[20,0,0,1,0],"v":{"id":1,"t":[1,1],"tid":372}},{"k":[16,0,0,5,0],"v":{"id":1,"t":[1,0],"tid":584}},{"k":[17,0,0,4,0],"v":{"id":1,"t":[1,0],"tid":318}},{"k":[18,0,0,3,0],"v":{"id":1,"t":[1,0],"tid":318}},{"k":[19,0,0,2,0],"v":{"id":1,"t":[1,0],"tid":471}},{"k":[20,0,0,0,0],"v":{"id":1,"t":[1,1],"tid":423}},{"k":[19,0,0,1,0],"v":{"id":1,"t":[1,1],"tid":324}},{"k":[16,0,0,4,0],"v":{"id":1,"t":[1,0],"tid":584}},{"k":[17,0,0,3,0],"v":{"id":1,"t":[1,0],"tid":318}},{"k":[18,0,0,2,0],"v":{"id":1,"t":[1,0],"tid":471}},{"k":[17,0,0,15,0],"v":{"id":1,"t":[1,0],"tid":318}},{"k":[18,0,0,14,0],"v":{"id":1,"t":[1,0],"tid":318}},{"k":[19,0,0,13,0],"v":{"id":1,"t":[1,0],"tid":318}},{"k":[20,0,0,12,0],"v":{"id":1,"t":[1,0],"tid":370}},{"k":[19,0,0,0,0],"v":{"id":1,"t":[1,1],"tid":471}},{"k":[18,0,0,1,0],"v":{"id":1,"t":[1,1],"tid":324}},{"k":[16,0,0,3,0],"v":{"id":1,"t":[1,0],"tid":584}},{"k":[17,0,0,2,0],"v":{"id":1,"t":[1,0],"tid":471}},{"k":[16,0,0,15,0],"v":{"id":1,"t":[1,0],"tid":584}},{"k":[17,0,0,14,0],"v":{"id":1,"t":[1,0],"tid":318}},{"k":[18,0,0,13,0],"v":{"id":1,"t":[1,0],"tid":318}},{"k":[19,0,0,12,0],"v":{"id":1,"t":[1,0],"tid":318}},{"k":[20,0,0,11,0],"v":{"id":1,"t":[1,0],"tid":370}},{"k":[18,0,0,0,0],"v":{"id":1,"t":[1,1],"tid":471}},{"k":[17,0,0,1,0],"v":{"id":1,"t":[1,1],"tid":324}},{"k":[16,0,0,2,0],"v":{"id":1,"t":[1,0],"tid":225}},{"k":[16,0,0,14,0],"v":{"id":1,"t":[1,0],"tid":584}},{"k":[17,0,0,13,0],"v":{"id":1,"t":[1,0],"tid":318}},{"k":[18,0,0,12,0],"v":{"id":1,"t":[1,0],"tid":318}},{"k":[19,0,0,11,0],"v":{"id":1,"t":[1,0],"tid":318}},{"k":[20,0,0,10,0],"v":{"id":1,"t":[1,0],"tid":370}},{"k":[16,0,0,1,0],"v":{"id":1,"t":[1,1],"tid":570}},{"k":[17,0,0,0,0],"v":{"id":1,"t":[1,1],"tid":471}},{"k":[16,0,0,13,0],"v":{"id":1,"t":[1,0],"tid":584}},{"k":[17,0,0,12,0],"v":{"id":1,"t":[1,0],"tid":318}},{"k":[18,0,0,11,0],"v":{"id":1,"t":[1,0],"tid":318}},{"k":[19,0,0,10,0],"v":{"id":1,"t":[1,0],"tid":318}},{"k":[20,0,0,9,0],"v":{"id":1,"t":[1,0],"tid":370}},{"k":[16,0,0,12,0],"v":{"id":1,"t":[1,0],"tid":584}},{"k":[17,0,0,11,0],"v":{"id":1,"t":[1,0],"tid":318}},{"k":[18,0,0,10,0],"v":{"id":1,"t":[1,0],"tid":318}},{"k":[19,0,0,9,0],"v":{"id":1,"t":[1,0],"tid":318}},{"k":[20,0,0,8,0],"v":{"id":1,"t":[1,0],"tid":370}},{"k":[16,0,0,11,0],"v":{"id":1,"t":[1,0],"tid":584}},{"k":[17,0,0,10,0],"v":{"id":1,"t":[1,0],"tid":318}},{"k":[18,0,0,9,0],"v":{"id":1,"t":[1,0],"tid":318}},{"k":[19,0,0,8,0],"v":{"id":1,"t":[1,0],"tid":318}},{"k":[20,0,0,7,0],"v":{"id":1,"t":[1,0],"tid":370}},{"k":[16,0,0,10,0],"v":{"id":1,"t":[1,0],"tid":584}},{"k":[17,0,0,9,0],"v":{"id":1,"t":[1,0],"tid":318}},{"k":[18,0,0,8,0],"v":{"id":1,"t":[1,0],"tid":318}},{"k":[19,0,0,7,0],"v":{"id":1,"t":[1,0],"tid":318}},{"k":[20,0,0,6,0],"v":{"id":1,"t":[1,0],"tid":370}},{"k":[16,0,0,9,0],"v":{"id":1,"t":[1,0],"tid":584}},{"k":[17,0,0,8,0],"v":{"id":1,"t":[1,0],"tid":318}},{"k":[18,0,0,7,0],"v":{"id":1,"t":[1,0],"tid":318}},{"k":[19,0,0,6,0],"v":{"id":1,"t":[1,0],"tid":318}},{"k":[20,0,0,5,0],"v":{"id":1,"t":[1,0],"tid":370}},{"k":[20,0,0,15,0],"v":{"id":1,"t":[1,0],"tid":370}},{"k":[19,0,0,15,0],"v":{"id":1,"t":[1,0],"tid":318}},{"k":[20,0,0,14,0],"v":{"id":1,"t":[1,0],"tid":370}},{"k":[18,0,0,15,0],"v":{"id":1,"t":[1,0],"tid":318}},{"k":[19,0,0,14,0],"v":{"id":1,"t":[1,0],"tid":318}},{"k":[20,0,0,13,0],"v":{"id":1,"t":[1,0],"tid":370}},{"k":[16,0,0,0,0],"v":{"id":1,"t":[1,1],"tid":225}}],"floors":[{"k":[21,0,0,11,0],"v":{"t":[0,0]}},{"k":[22,0,0,10,0],"v":{"t":[0,0]}},{"k":[23,0,0,9,0],"v":{"t":[0,0]}},{"k":[24,0,0,8,0],"v":{"t":[0,0]}},{"k":[25,0,0,7,0],"v":{"t":[0,0]}},{"k":[26,0,0,6,0],"v":{"t":[0,0]}},{"k":[27,0,0,5,0],"v":{"t":[0,0]}},{"k":[28,0,0,4,0],"v":{"t":[0,0]}},{"k":[29,0,0,3,0],"v":{"t":[0,0]}},{"k":[30,0,0,2,0],"v":{"t":[0,0]}},{"k":[31,0,0,1,0],"v":{"t":[0,0]}},{"k":[21,0,0,10,0],"v":{"t":[0,0]}},{"k":[22,0,0,9,0],"v":{"t":[0,0]}},{"k":[23,0,0,8,0],"v":{"t":[0,0]}},{"k":[24,0,0,7,0],"v":{"t":[0,0]}},{"k":[25,0,0,6,0],"v":{"t":[0,0]}},{"k":[26,0,0,5,0],"v":{"t":[0,0]}},{"k":[27,0,0,4,0],"v":{"t":[0,0]}},{"k":[28,0,0,3,0],"v":{"t":[0,0]}},{"k":[29,0,0,2,0],"v":{"t":[0,0]}},{"k":[30,0,0,1,0],"v":{"t":[0,0]}},{"k":[31,0,0,0,0],"v":{"t":[0,0]}},{"k":[21,0,0,9,0],"v":{"t":[0,0]}},{"k":[22,0,0,8,0],"v":{"t":[0,0]}},{"k":[23,0,0,7,0],"v":{"t":[0,0]}},{"k":[24,0,0,6,0],"v":{"t":[0,0]}},{"k":[25,0,0,5,0],"v":{"t":[0,0]}},{"k":[26,0,0,4,0],"v":{"t":[0,0]}},{"k":[27,0,0,3,0],"v":{"t":[0,0]}},{"k":[28,0,0,2,0],"v":{"t":[0,0]}},{"k":[29,0,0,1,0],"v":{"t":[0,0]}},{"k":[30,0,0,0,0],"v":{"t":[0,0]}},{"k":[21,0,0,8,0],"v":{"t":[0,0]}},{"k":[22,0,0,7,0],"v":{"t":[0,0]}},{"k":[23,0,0,6,0],"v":{"t":[0,0]}},{"k":[24,0,0,5,0],"v":{"t":[0,0]}},{"k":[25,0,0,4,0],"v":{"t":[0,0]}},{"k":[26,0,0,3,0],"v":{"t":[0,0]}},{"k":[27,0,0,2,0],"v":{"t":[0,0]}},{"k":[28,0,0,1,0],"v":{"t":[0,0]}},{"k":[29,0,0,0,0],"v":{"t":[0,0]}},{"k":[21,0,0,7,0],"v":{"t":[0,0]}},{"k":[22,0,0,6,0],"v":{"t":[0,0]}},{"k":[23,0,0,5,0],"v":{"t":[0,0]}},{"k":[24,0,0,4,0],"v":{"t":[0,0]}},{"k":[25,0,0,3,0],"v":{"t":[0,0]}},{"k":[26,0,0,2,0],"v":{"t":[0,0]}},{"k":[27,0,0,1,0],"v":{"t":[0,0]}},{"k":[28,0,0,0,0],"v":{"t":[0,0]}},{"k":[21,0,0,6,0],"v":{"t":[0,0]}},{"k":[22,0,0,5,0],"v":{"t":[0,0]}},{"k":[23,0,0,4,0],"v":{"t":[0,0]}},{"k":[24,0,0,3,0],"v":{"t":[0,0]}},{"k":[25,0,0,2,0],"v":{"t":[0,0]}},{"k":[26,0,0,1,0],"v":{"t":[0,0]}},{"k":[27,0,0,0,0],"v":{"t":[0,0]}},{"k":[21,0,0,5,0],"v":{"t":[0,0]}},{"k":[22,0,0,4,0],"v":{"t":[0,0]}},{"k":[23,0,0,3,0],"v":{"t":[0,0]}},{"k":[24,0,0,2,0],"v":{"t":[0,0]}},{"k":[25,0,0,1,0],"v":{"t":[0,0]}},{"k":[26,0,0,0,0],"v":{"t":[0,0]}},{"k":[21,0,0,4,0],"v":{"t":[0,0]}},{"k":[22,0,0,3,0],"v":{"t":[0,0]}},{"k":[23,0,0,2,0],"v":{"t":[0,0]}},{"k":[24,0,0,1,0],"v":{"t":[0,0]}},{"k":[25,0,0,0,0],"v":{"t":[0,0]}},{"k":[25,0,0,15,0],"v":{"t":[0,0]}},{"k":[26,0,0,14,0],"v":{"t":[0,0]}},{"k":[27,0,0,13,0],"v":{"t":[0,0]}},{"k":[28,0,0,12,0],"v":{"t":[0,0]}},{"k":[29,0,0,11,0],"v":{"t":[0,0]}},{"k":[30,0,0,10,0],"v":{"t":[0,0]}},{"k":[31,0,0,9,0],"v":{"t":[0,0]}},{"k":[24,0,0,15,0],"v":{"t":[0,0]}},{"k":[25,0,0,14,0],"v":{"t":[0,0]}},{"k":[26,0,0,13,0],"v":{"t":[0,0]}},{"k":[27,0,0,12,0],"v":{"t":[0,0]}},{"k":[28,0,0,11,0],"v":{"t":[0,0]}},{"k":[29,0,0,10,0],"v":{"t":[0,0]}},{"k":[30,0,0,9,0],"v":{"t":[0,0]}},{"k":[31,0,0,8,0],"v":{"t":[0,0]}},{"k":[23,0,0,15,0],"v":{"t":[0,0]}},{"k":[24,0,0,14,0],"v":{"t":[0,0]}},{"k":[25,0,0,13,0],"v":{"t":[0,0]}},{"k":[26,0,0,12,0],"v":{"t":[0,0]}},{"k":[27,0,0,11,0],"v":{"t":[0,0]}},{"k":[28,0,0,10,0],"v":{"t":[0,0]}},{"k":[29,0,0,9,0],"v":{"t":[0,0]}},{"k":[30,0,0,8,0],"v":{"t":[0,0]}},{"k":[31,0,0,7,0],"v":{"t":[0,0]}},{"k":[22,0,0,15,0],"v":{"t":[0,0]}},{"k":[23,0,0,14,0],"v":{"t":[0,0]}},{"k":[24,0,0,13,0],"v":{"t":[0,0]}},{"k":[25,0,0,12,0],"v":{"t":[0,0]}},{"k":[26,0,0,11,0],"v":{"t":[0,0]}},{"k":[27,0,0,10,0],"v":{"t":[0,0]}},{"k":[28,0,0,9,0],"v":{"t":[0,0]}},{"k":[29,0,0,8,0],"v":{"t":[0,0]}},{"k":[30,0,0,7,0],"v":{"t":[0,0]}},{"k":[31,0,0,6,0],"v":{"t":[0,0]}},{"k":[21,0,0,15,0],"v":{"t":[0,0]}},{"k":[22,0,0,14,0],"v":{"t":[0,0]}},{"k":[23,0,0,13,0],"v":{"t":[0,0]}},{"k":[24,0,0,12,0],"v":{"t":[0,0]}},{"k":[25,0,0,11,0],"v":{"t":[0,0]}},{"k":[26,0,0,10,0],"v":{"t":[0,0]}},{"k":[27,0,0,9,0],"v":{"t":[0,0]}},{"k":[28,0,0,8,0],"v":{"t":[0,0]}},{"k":[29,0,0,7,0],"v":{"t":[0,0]}},{"k":[30,0,0,6,0],"v":{"t":[0,0]}},{"k":[31,0,0,5,0],"v":{"t":[0,0]}},{"k":[21,0,0,14,0],"v":{"t":[0,0]}},{"k":[22,0,0,13,0],"v":{"t":[0,0]}},{"k":[23,0,0,12,0],"v":{"t":[0,0]}},{"k":[24,0,0,11,0],"v":{"t":[0,0]}},{"k":[25,0,0,10,0],"v":{"t":[0,0]}},{"k":[26,0,0,9,0],"v":{"t":[0,0]}},{"k":[27,0,0,8,0],"v":{"t":[0,0]}},{"k":[28,0,0,7,0],"v":{"t":[0,0]}},{"k":[29,0,0,6,0],"v":{"t":[0,0]}},{"k":[30,0,0,5,0],"v":{"t":[0,0]}},{"k":[31,0,0,4,0],"v":{"t":[0,0]}},{"k":[21,0,0,13,0],"v":{"t":[0,0]}},{"k":[22,0,0,12,0],"v":{"t":[0,0]}},{"k":[23,0,0,11,0],"v":{"t":[0,0]}},{"k":[24,0,0,10,0],"v":{"t":[0,0]}},{"k":[25,0,0,9,0],"v":{"t":[0,0]}},{"k":[26,0,0,8,0],"v":{"t":[0,0]}},{"k":[27,0,0,7,0],"v":{"t":[0,0]}},{"k":[28,0,0,6,0],"v":{"t":[0,0]}},{"k":[29,0,0,5,0],"v":{"t":[0,0]}},{"k":[30,0,0,4,0],"v":{"t":[0,0]}},{"k":[31,0,0,3,0],"v":{"t":[0,0]}},{"k":[21,0,0,12,0],"v":{"t":[0,0]}},{"k":[22,0,0,11,0],"v":{"t":[0,0]}},{"k":[23,0,0,10,0],"v":{"t":[0,0]}},{"k":[24,0,0,9,0],"v":{"t":[0,0]}},{"k":[25,0,0,8,0],"v":{"t":[0,0]}},{"k":[26,0,0,7,0],"v":{"t":[0,0]}},{"k":[27,0,0,6,0],"v":{"t":[0,0]}},{"k":[28,0,0,5,0],"v":{"t":[0,0]}},{"k":[29,0,0,4,0],"v":{"t":[0,0]}},{"k":[30,0,0,3,0],"v":{"t":[0,0]}},{"k":[31,0,0,2,0],"v":{"t":[0,0]}},{"k":[31,0,0,15,0],"v":{"t":[0,0]}},{"k":[30,0,0,15,0],"v":{"t":[0,0]}},{"k":[31,0,0,14,0],"v":{"t":[0,0]}},{"k":[29,0,0,15,0],"v":{"t":[0,0]}},{"k":[30,0,0,14,0],"v":{"t":[0,0]}},{"k":[31,0,0,13,0],"v":{"t":[0,0]}},{"k":[28,0,0,15,0],"v":{"t":[0,0]}},{"k":[29,0,0,14,0],"v":{"t":[0,0]}},{"k":[30,0,0,13,0],"v":{"t":[0,0]}},{"k":[31,0,0,12,0],"v":{"t":[0,0]}},{"k":[27,0,0,15,0],"v":{"t":[0,0]}},{"k":[28,0,0,14,0],"v":{"t":[0,0]}},{"k":[29,0,0,13,0],"v":{"t":[0,0]}},{"k":[30,0,0,12,0],"v":{"t":[0,0]}},{"k":[31,0,0,11,0],"v":{"t":[0,0]}},{"k":[26,0,0,15,0],"v":{"t":[0,0]}},{"k":[27,0,0,14,0],"v":{"t":[0,0]}},{"k":[28,0,0,13,0],"v":{"t":[0,0]}},{"k":[29,0,0,12,0],"v":{"t":[0,0]}},{"k":[30,0,0,11,0],"v":{"t":[0,0]}},{"k":[31,0,0,10,0],"v":{"t":[0,0]}},{"k":[21,0,0,3,0],"v":{"t":[0,0]}},{"k":[22,0,0,2,0],"v":{"t":[0,0]}},{"k":[23,0,0,1,0],"v":{"t":[0,0]}},{"k":[24,0,0,0,0],"v":{"t":[0,0]}},{"k":[21,0,0,2,0],"v":{"t":[0,0]}},{"k":[22,0,0,1,0],"v":{"t":[0,0]}},{"k":[23,0,0,0,0],"v":{"t":[0,0]}},{"k":[21,0,0,1,0],"v":{"t":[0,0]}},{"k":[22,0,0,0,0],"v":{"t":[0,0]}},{"k":[21,0,0,0,0],"v":{"t":[0,0]}}]},"moun":{"a":[],"o":[]},"objs":{"list":[{"k":[21,0,0,2,0],"v":{"events":[{"id":1,"name":"Hero action","p":[],"r":{"1":{"bh":true,"c":[]}},"sys":false}],"hId":-1,"id":2,"name":"OBJ0006","ooepf":false,"states":[{"cam":true,"climb":false,"dir":false,"gid":24,"gk":4,"id":1,"move":true,"name":"Estado 1","pix":true,"pos":false,"stop":false,"sx":{"k":12,"v":1},"sy":{"k":12,"v":1},"sz":{"k":12,"v":1},"through":false,"x":0,"y":0}]}}]},"objs3d":{"a":[{"k":[29,0,0,0,0],"v":{"did":112}},{"k":[21,0,0,0,0],"v":{"did":112}},{"k":[20,3,0,1,0,50,50,180],"v":{"did":113}}],"o":[[21,0,0,17,0],[35,0,0,9,0,50,50,90],[29,0,0,17,0],[8,0,0,0,0],[35,0,0,17,0,50,50,90],[8,0,0,17,0]]},"sprites":{"list":[{"k":[23,0,0,3,0],"v":{"k":4,"t":[2,3,2,1]}},{"k":[30,0,0,9,0],"v":{"k":4,"t":[6,6,1,1]}},{"k":[26,0,0,13,0],"v":{"k":4,"t":[0,4,2,3]}},{"k":[27,0,0,12,0],"v":{"k":4,"t":[6,6,1,1]}},{"k":[24,0,0,15,0],"v":{"k":4,"t":[2,3,2,1]}},{"k":[31,0,0,7,0],"v":{"k":4,"t":[6,6,1,1]}},{"k":[24,0,0,14,0],"v":{"k":4,"t":[6,6,1,1]}},{"k":[22,0,0,15,0],"v":{"k":4,"t":[2,3,2,1]}},{"k":[26,0,0,11,0],"v":{"k":4,"t":[6,6,1,1]}},{"k":[31,0,0,5,0],"v":{"k":4,"t":[2,3,2,1]}},{"k":[22,0,0,14,0],"v":{"k":4,"t":[2,3,2,1]}},{"k":[24,0,0,12,0],"v":{"k":4,"t":[2,3,2,1]}},{"k":[23,0,0,13,0],"v":{"k":4,"t":[2,3,2,1]}},{"k":[27,0,0,9,0],"v":{"k":4,"t":[6,6,1,1]}},{"k":[30,0,0,5,0],"v":{"k":4,"t":[2,3,2,1]}},{"k":[31,0,0,4,0],"v":{"k":4,"t":[2,3,2,1]}},{"k":[29,0,0,6,0],"v":{"k":4,"t":[2,3,2,1]}},{"k":[28,0,0,7,0],"v":{"k":4,"t":[2,3,2,1]}},{"k":[26,0,0,9,0],"v":{"k":4,"t":[6,6,1,1]}},{"k":[25,0,0,10,0],"v":{"k":4,"t":[2,3,2,1]}},{"k":[24,0,0,11,0],"v":{"k":4,"t":[6,6,1,1]}},{"k":[30,0,0,4,0],"v":{"k":4,"t":[2,3,2,1]}},{"k":[31,0,0,3,0],"v":{"k":4,"t":[2,3,2,1]}},{"k":[29,0,0,5,0],"v":{"k":4,"t":[2,3,2,1]}},{"k":[28,0,0,6,0],"v":{"k":4,"t":[2,3,2,1]}},{"k":[26,0,0,8,0],"v":{"k":4,"t":[2,3,2,1]}},{"k":[23,0,0,11,0],"v":{"k":4,"t":[2,3,2,1]}},{"k":[22,0,0,12,0],"v":{"k":4,"t":[2,3,2,1]}},{"k":[30,0,0,3,0],"v":{"k":4,"t":[2,3,2,1]}},{"k":[29,0,0,4,0],"v":{"k":4,"t":[2,3,2,1]}},{"k":[28,0,0,5,0],"v":{"k":4,"t":[2,3,2,1]}},{"k":[27,0,0,6,0],"v":{"k":4,"t":[2,3,2,1]}},{"k":[26,0,0,7,0],"v":{"k":4,"t":[2,3,2,1]}},{"k":[24,0,0,9,0],"v":{"k":4,"t":[6,6,1,1]}},{"k":[30,0,0,13,0],"v":{"k":4,"t":[7,2,1,1]}},{"k":[21,0,0,3,0],"v":{"k":4,"t":[6,6,1,1]}},{"k":[29,0,0,3,0],"v":{"k":4,"t":[2,3,2,1]}},{"k":[28,0,0,4,0],"v":{"k":4,"t":[2,3,2,1]}},{"k":[27,0,0,5,0],"v":{"k":4,"t":[2,3,2,1]}},{"k":[26,0,0,6,0],"v":{"k":4,"t":[2,3,2,1]}},{"k":[21,0,0,11,0],"v":{"k":4,"t":[6,6,1,1]}},{"k":[22,0,0,10,0],"v":{"k":4,"t":[2,3,2,1]}},{"k":[23,0,0,9,0],"v":{"k":4,"t":[2,3,2,1]}},{"k":[28,0,0,3,0],"v":{"k":4,"t":[2,3,2,1]}},{"k":[27,0,0,4,0],"v":{"k":4,"t":[2,3,2,1]}},{"k":[26,0,0,5,0],"v":{"k":4,"t":[2,3,2,1]}},{"k":[24,0,0,7,0],"v":{"k":4,"t":[2,3,2,1]}},{"k":[23,0,0,8,0],"v":{"k":4,"t":[2,3,2,1]}},{"k":[27,0,0,3,0],"v":{"k":4,"t":[2,3,2,1]}},{"k":[26,0,0,4,0],"v":{"k":4,"t":[2,3,2,1]}},{"k":[25,0,0,5,0],"v":{"k":4,"t":[2,3,2,1]}},{"k":[24,0,0,6,0],"v":{"k":4,"t":[2,3,2,1]}},{"k":[23,0,0,7,0],"v":{"k":4,"t":[2,3,2,1]}},{"k":[22,0,0,8,0],"v":{"k":4,"t":[6,6,1,1]}},{"k":[26,0,0,3,0],"v":{"k":4,"t":[2,3,2,1]}},{"k":[25,0,0,4,0],"v":{"k":4,"t":[2,3,2,1]}},{"k":[24,0,0,5,0],"v":{"k":4,"t":[2,3,2,1]}},{"k":[23,0,0,6,0],"v":{"k":4,"t":[2,3,2,1]}},{"k":[25,0,0,3,0],"v":{"k":4,"t":[2,3,2,1]}},{"k":[24,0,0,4,0],"v":{"k":4,"t":[2,3,2,1]}},{"k":[23,0,0,5,0],"v":{"k":4,"t":[2,3,2,1]}},{"k":[22,0,0,6,0],"v":{"k":4,"t":[6,6,1,1]}},{"k":[25,0,0,2,0],"v":{"k":4,"t":[2,3,2,1]}},{"k":[24,0,0,3,0],"v":{"k":4,"t":[2,3,2,1]}},{"k":[22,0,0,5,0],"v":{"k":4,"t":[2,3,2,1]}}],"overflow":[[32,0,0,5,0],[32,0,0,3,0],[32,0,0,2,0],[23,0,0,16,0]],"walls":[{"k":[19,0,0,0,0,50,0,0],"v":{"k":1,"w":1}},{"k":[18,0,0,0,0,50,0,0],"v":{"k":1,"w":1}},{"k":[17,0,0,0,0,50,0,0],"v":{"k":1,"w":1}},{"k":[31,0,0,1,0,50,0,0],"v":{"k":1,"w":18}},{"k":[30,0,0,1,0,50,0,0],"v":{"k":1,"w":18}},{"k":[16,0,0,0,0,50,0,0],"v":{"k":0,"w":1}},{"k":[29,0,0,1,0,50,0,0],"v":{"k":1,"w":18}},{"k":[28,0,0,1,0,50,0,0],"v":{"k":1,"w":18}},{"k":[27,0,0,1,0,50,0,0],"v":{"k":1,"w":18}},{"k":[26,0,0,1,0,50,0,0],"v":{"k":1,"w":18}},{"k":[25,0,0,1,0,50,0,0],"v":{"k":1,"w":18}},{"k":[24,0,0,1,0,50,0,0],"v":{"k":1,"w":18}},{"k":[23,0,0,1,0,50,0,0],"v":{"k":1,"w":18}},{"k":[22,0,0,1,0,50,0,0],"v":{"k":1,"w":18}},{"k":[21,0,0,1,0,50,0,0],"v":{"k":0,"w":18}},{"k":[20,0,0,0,0,50,0,0],"v":{"k":2,"w":1}}]}}