{"lands":{"autotiles":[{"k":[16,0,0,32,0],"v":{"id":1,"t":[1,0],"tid":584}},{"k":[20,0,0,36,0],"v":{"id":1,"t":[1,0],"tid":370}},{"k":[16,0,0,40,0],"v":{"id":1,"t":[1,0],"tid":584}},{"k":[17,0,0,39,0],"v":{"id":1,"t":[1,0],"tid":318}},{"k":[18,0,0,38,0],"v":{"id":1,"t":[1,0],"tid":318}},{"k":[19,0,0,37,0],"v":{"id":1,"t":[1,0],"tid":318}},{"k":[19,0,0,36,0],"v":{"id":1,"t":[1,0],"tid":318}},{"k":[20,0,0,35,0],"v":{"id":1,"t":[1,0],"tid":370}},{"k":[16,0,0,39,0],"v":{"id":1,"t":[1,0],"tid":584}},{"k":[17,0,0,38,0],"v":{"id":1,"t":[1,0],"tid":318}},{"k":[18,0,0,37,0],"v":{"id":1,"t":[1,0],"tid":318}},{"k":[18,0,0,36,0],"v":{"id":1,"t":[1,0],"tid":318}},{"k":[19,0,0,35,0],"v":{"id":1,"t":[1,0],"tid":318}},{"k":[20,0,0,34,0],"v":{"id":1,"t":[1,0],"tid":370}},{"k":[16,0,0,38,0],"v":{"id":1,"t":[1,0],"tid":584}},{"k":[17,0,0,37,0],"v":{"id":1,"t":[1,0],"tid":318}},{"k":[17,0,0,36,0],"v":{"id":1,"t":[1,0],"tid":318}},{"k":[18,0,0,35,0],"v":{"id":1,"t":[1,0],"tid":318}},{"k":[19,0,0,34,0],"v":{"id":1,"t":[1,0],"tid":318}},{"k":[20,0,0,33,0],"v":{"id":1,"t":[1,0],"tid":370}},{"k":[16,0,0,37,0],"v":{"id":1,"t":[1,0],"tid":584}},{"k":[16,0,0,36,0],"v":{"id":1,"t":[1,0],"tid":584}},{"k":[17,0,0,35,0],"v":{"id":1,"t":[1,0],"tid":318}},{"k":[18,0,0,34,0],"v":{"id":1,"t":[1,0],"tid":318}},{"k":[19,0,0,33,0],"v":{"id":1,"t":[1,0],"tid":318}},{"k":[20,0,0,32,0],"v":{"id":1,"t":[1,0],"tid":370}},{"k":[16,0,0,35,0],"v":{"id":1,"t":[1,0],"tid":584}},{"k":[17,0,0,34,0],"v":{"id":1,"t":[1,0],"tid":318}},{"k":[18,0,0,33,0],"v":{"id":1,"t":[1,0],"tid":318}},{"k":[19,0,0,32,0],"v":{"id":1,"t":[1,0],"tid":318}},{"k":[16,0,0,34,0],"v":{"id":1,"t":[1,0],"tid":584}},{"k":[17,0,0,33,0],"v":{"id":1,"t":[1,0],"tid":318}},{"k":[18,0,0,32,0],"v":{"id":1,"t":[1,0],"tid":318}},{"k":[16,0,0,33,0],"v":{"id":1,"t":[1,0],"tid":584}},{"k":[17,0,0,32,0],"v":{"id":1,"t":[1,0],"tid":318}},{"k":[17,0,0,47,0],"v":{"id":1,"t":[1,0],"tid":318}},{"k":[18,0,0,46,0],"v":{"id":1,"t":[1,0],"tid":318}},{"k":[19,0,0,45,0],"v":{"id":1,"t":[1,0],"tid":318}},{"k":[20,0,0,44,0],"v":{"id":1,"t":[1,0],"tid":370}},{"k":[16,0,0,47,0],"v":{"id":1,"t":[1,0],"tid":584}},{"k":[17,0,0,46,0],"v":{"id":1,"t":[1,0],"tid":318}},{"k":[18,0,0,45,0],"v":{"id":1,"t":[1,0],"tid":318}},{"k":[19,0,0,44,0],"v":{"id":1,"t":[1,0],"tid":318}},{"k":[20,0,0,43,0],"v":{"id":1,"t":[1,0],"tid":370}},{"k":[16,0,0,46,0],"v":{"id":1,"t":[1,0],"tid":584}},{"k":[17,0,0,45,0],"v":{"id":1,"t":[1,0],"tid":318}},{"k":[18,0,0,44,0],"v":{"id":1,"t":[1,0],"tid":318}},{"k":[19,0,0,43,0],"v":{"id":1,"t":[1,0],"tid":318}},{"k":[20,0,0,42,0],"v":{"id":1,"t":[1,0],"tid":370}},{"k":[16,0,0,45,0],"v":{"id":1,"t":[1,0],"tid":584}},{"k":[17,0,0,44,0],"v":{"id":1,"t":[1,0],"tid":318}},{"k":[18,0,0,43,0],"v":{"id":1,"t":[1,0],"tid":318}},{"k":[19,0,0,42,0],"v":{"id":1,"t":[1,0],"tid":318}},{"k":[20,0,0,41,0],"v":{"id":1,"t":[1,0],"tid":370}},{"k":[16,0,0,44,0],"v":{"id":1,"t":[1,0],"tid":584}},{"k":[17,0,0,43,0],"v":{"id":1,"t":[1,0],"tid":318}},{"k":[18,0,0,42,0],"v":{"id":1,"t":[1,0],"tid":318}},{"k":[19,0,0,41,0],"v":{"id":1,"t":[1,0],"tid":318}},{"k":[20,0,0,40,0],"v":{"id":1,"t":[1,0],"tid":370}},{"k":[16,0,0,43,0],"v":{"id":1,"t":[1,0],"tid":584}},{"k":[17,0,0,42,0],"v":{"id":1,"t":[1,0],"tid":318}},{"k":[18,0,0,41,0],"v":{"id":1,"t":[1,0],"tid":318}},{"k":[19,0,0,40,0],"v":{"id":1,"t":[1,0],"tid":318}},{"k":[20,0,0,39,0],"v":{"id":1,"t":[1,0],"tid":370}},{"k":[16,0,0,42,0],"v":{"id":1,"t":[1,0],"tid":584}},{"k":[17,0,0,41,0],"v":{"id":1,"t":[1,0],"tid":318}},{"k":[18,0,0,40,0],"v":{"id":1,"t":[1,0],"tid":318}},{"k":[19,0,0,39,0],"v":{"id":1,"t":[1,0],"tid":318}},{"k":[20,0,0,38,0],"v":{"id":1,"t":[1,0],"tid":370}},{"k":[16,0,0,41,0],"v":{"id":1,"t":[1,0],"tid":584}},{"k":[17,0,0,40,0],"v":{"id":1,"t":[1,0],"tid":318}},{"k":[18,0,0,39,0],"v":{"id":1,"t":[1,0],"tid":318}},{"k":[19,0,0,38,0],"v":{"id":1,"t":[1,0],"tid":318}},{"k":[20,0,0,37,0],"v":{"id":1,"t":[1,0],"tid":370}},{"k":[20,0,0,47,0],"v":{"id":1,"t":[1,0],"tid":370}},{"k":[19,0,0,47,0],"v":{"id":1,"t":[1,0],"tid":318}},{"k":[20,0,0,46,0],"v":{"id":1,"t":[1,0],"tid":370}},{"k":[18,0,0,47,0],"v":{"id":1,"t":[1,0],"tid":318}},{"k":[19,0,0,46,0],"v":{"id":1,"t":[1,0],"tid":318}},{"k":[20,0,0,45,0],"v":{"id":1,"t":[1,0],"tid":370}}],"floors":[{"k":[21,0,0,35,0],"v":{"t":[0,0]}},{"k":[22,0,0,34,0],"v":{"t":[0,0]}},{"k":[23,0,0,33,0],"v":{"t":[0,0]}},{"k":[24,0,0,32,0],"v":{"t":[0,0]}},{"k":[21,0,0,34,0],"v":{"t":[0,0]}},{"k":[22,0,0,33,0],"v":{"t":[0,0]}},{"k":[23,0,0,32,0],"v":{"t":[0,0]}},{"k":[21,0,0,33,0],"v":{"t":[0,0]}},{"k":[22,0,0,32,0],"v":{"t":[0,0]}},{"k":[21,0,0,32,0],"v":{"t":[0,0]}},{"k":[21,0,0,43,0],"v":{"t":[0,0]}},{"k":[22,0,0,42,0],"v":{"t":[0,0]}},{"k":[23,0,0,41,0],"v":{"t":[0,0]}},{"k":[24,0,0,40,0],"v":{"t":[0,0]}},{"k":[25,0,0,39,0],"v":{"t":[0,0]}},{"k":[26,0,0,38,0],"v":{"t":[0,0]}},{"k":[27,0,0,37,0],"v":{"t":[0,0]}},{"k":[28,0,0,36,0],"v":{"t":[0,0]}},{"k":[29,0,0,35,0],"v":{"t":[0,0]}},{"k":[30,0,0,34,0],"v":{"t":[0,0]}},{"k":[31,0,0,33,0],"v":{"t":[0,0]}},{"k":[21,0,0,42,0],"v":{"t":[0,0]}},{"k":[22,0,0,41,0],"v":{"t":[0,0]}},{"k":[23,0,0,40,0],"v":{"t":[0,0]}},{"k":[24,0,0,39,0],"v":{"t":[0,0]}},{"k":[25,0,0,38,0],"v":{"t":[0,0]}},{"k":[26,0,0,37,0],"v":{"t":[0,0]}},{"k":[27,0,0,36,0],"v":{"t":[0,0]}},{"k":[28,0,0,35,0],"v":{"t":[0,0]}},{"k":[29,0,0,34,0],"v":{"t":[0,0]}},{"k":[30,0,0,33,0],"v":{"t":[0,0]}},{"k":[31,0,0,32,0],"v":{"t":[0,0]}},{"k":[21,0,0,41,0],"v":{"t":[0,0]}},{"k":[22,0,0,40,0],"v":{"t":[0,0]}},{"k":[23,0,0,39,0],"v":{"t":[0,0]}},{"k":[24,0,0,38,0],"v":{"t":[0,0]}},{"k":[25,0,0,37,0],"v":{"t":[0,0]}},{"k":[26,0,0,36,0],"v":{"t":[0,0]}},{"k":[27,0,0,35,0],"v":{"t":[0,0]}},{"k":[28,0,0,34,0],"v":{"t":[0,0]}},{"k":[29,0,0,33,0],"v":{"t":[0,0]}},{"k":[30,0,0,32,0],"v":{"t":[0,0]}},{"k":[21,0,0,40,0],"v":{"t":[0,0]}},{"k":[22,0,0,39,0],"v":{"t":[0,0]}},{"k":[23,0,0,38,0],"v":{"t":[0,0]}},{"k":[24,0,0,37,0],"v":{"t":[0,0]}},{"k":[25,0,0,36,0],"v":{"t":[0,0]}},{"k":[26,0,0,35,0],"v":{"t":[0,0]}},{"k":[27,0,0,34,0],"v":{"t":[0,0]}},{"k":[28,0,0,33,0],"v":{"t":[0,0]}},{"k":[29,0,0,32,0],"v":{"t":[0,0]}},{"k":[21,0,0,39,0],"v":{"t":[0,0]}},{"k":[22,0,0,38,0],"v":{"t":[0,0]}},{"k":[23,0,0,37,0],"v":{"t":[0,0]}},{"k":[24,0,0,36,0],"v":{"t":[0,0]}},{"k":[25,0,0,35,0],"v":{"t":[0,0]}},{"k":[26,0,0,34,0],"v":{"t":[0,0]}},{"k":[27,0,0,33,0],"v":{"t":[0,0]}},{"k":[28,0,0,32,0],"v":{"t":[0,0]}},{"k":[21,0,0,38,0],"v":{"t":[0,0]}},{"k":[22,0,0,37,0],"v":{"t":[0,0]}},{"k":[23,0,0,36,0],"v":{"t":[0,0]}},{"k":[24,0,0,35,0],"v":{"t":[0,0]}},{"k":[25,0,0,34,0],"v":{"t":[0,0]}},{"k":[26,0,0,33,0],"v":{"t":[0,0]}},{"k":[27,0,0,32,0],"v":{"t":[0,0]}},{"k":[21,0,0,37,0],"v":{"t":[0,0]}},{"k":[22,0,0,36,0],"v":{"t":[0,0]}},{"k":[23,0,0,35,0],"v":{"t":[0,0]}},{"k":[24,0,0,34,0],"v":{"t":[0,0]}},{"k":[25,0,0,33,0],"v":{"t":[0,0]}},{"k":[26,0,0,32,0],"v":{"t":[0,0]}},{"k":[21,0,0,36,0],"v":{"t":[0,0]}},{"k":[22,0,0,35,0],"v":{"t":[0,0]}},{"k":[23,0,0,34,0],"v":{"t":[0,0]}},{"k":[24,0,0,33,0],"v":{"t":[0,0]}},{"k":[25,0,0,32,0],"v":{"t":[0,0]}},{"k":[25,0,0,47,0],"v":{"t":[0,0]}},{"k":[26,0,0,46,0],"v":{"t":[0,0]}},{"k":[27,0,0,45,0],"v":{"t":[0,0]}},{"k":[28,0,0,44,0],"v":{"t":[0,0]}},{"k":[29,0,0,43,0],"v":{"t":[0,0]}},{"k":[30,0,0,42,0],"v":{"t":[0,0]}},{"k":[31,0,0,41,0],"v":{"t":[0,0]}},{"k":[24,0,0,47,0],"v":{"t":[0,0]}},{"k":[25,0,0,46,0],"v":{"t":[0,0]}},{"k":[26,0,0,45,0],"v":{"t":[0,0]}},{"k":[27,0,0,44,0],"v":{"t":[0,0]}},{"k":[28,0,0,43,0],"v":{"t":[0,0]}},{"k":[29,0,0,42,0],"v":{"t":[0,0]}},{"k":[30,0,0,41,0],"v":{"t":[0,0]}},{"k":[31,0,0,40,0],"v":{"t":[0,0]}},{"k":[23,0,0,47,0],"v":{"t":[0,0]}},{"k":[24,0,0,46,0],"v":{"t":[0,0]}},{"k":[25,0,0,45,0],"v":{"t":[0,0]}},{"k":[26,0,0,44,0],"v":{"t":[0,0]}},{"k":[27,0,0,43,0],"v":{"t":[0,0]}},{"k":[28,0,0,42,0],"v":{"t":[0,0]}},{"k":[29,0,0,41,0],"v":{"t":[0,0]}},{"k":[30,0,0,40,0],"v":{"t":[0,0]}},{"k":[31,0,0,39,0],"v":{"t":[0,0]}},{"k":[22,0,0,47,0],"v":{"t":[0,0]}},{"k":[23,0,0,46,0],"v":{"t":[0,0]}},{"k":[24,0,0,45,0],"v":{"t":[0,0]}},{"k":[25,0,0,44,0],"v":{"t":[0,0]}},{"k":[26,0,0,43,0],"v":{"t":[0,0]}},{"k":[27,0,0,42,0],"v":{"t":[0,0]}},{"k":[28,0,0,41,0],"v":{"t":[0,0]}},{"k":[29,0,0,40,0],"v":{"t":[0,0]}},{"k":[30,0,0,39,0],"v":{"t":[0,0]}},{"k":[31,0,0,38,0],"v":{"t":[0,0]}},{"k":[21,0,0,47,0],"v":{"t":[0,0]}},{"k":[22,0,0,46,0],"v":{"t":[0,0]}},{"k":[23,0,0,45,0],"v":{"t":[0,0]}},{"k":[24,0,0,44,0],"v":{"t":[0,0]}},{"k":[25,0,0,43,0],"v":{"t":[0,0]}},{"k":[26,0,0,42,0],"v":{"t":[0,0]}},{"k":[27,0,0,41,0],"v":{"t":[0,0]}},{"k":[28,0,0,40,0],"v":{"t":[0,0]}},{"k":[29,0,0,39,0],"v":{"t":[0,0]}},{"k":[30,0,0,38,0],"v":{"t":[0,0]}},{"k":[31,0,0,37,0],"v":{"t":[0,0]}},{"k":[21,0,0,46,0],"v":{"t":[0,0]}},{"k":[22,0,0,45,0],"v":{"t":[0,0]}},{"k":[23,0,0,44,0],"v":{"t":[0,0]}},{"k":[24,0,0,43,0],"v":{"t":[0,0]}},{"k":[25,0,0,42,0],"v":{"t":[0,0]}},{"k":[26,0,0,41,0],"v":{"t":[0,0]}},{"k":[27,0,0,40,0],"v":{"t":[0,0]}},{"k":[28,0,0,39,0],"v":{"t":[0,0]}},{"k":[29,0,0,38,0],"v":{"t":[0,0]}},{"k":[30,0,0,37,0],"v":{"t":[0,0]}},{"k":[31,0,0,36,0],"v":{"t":[0,0]}},{"k":[21,0,0,45,0],"v":{"t":[0,0]}},{"k":[22,0,0,44,0],"v":{"t":[0,0]}},{"k":[23,0,0,43,0],"v":{"t":[0,0]}},{"k":[24,0,0,42,0],"v":{"t":[0,0]}},{"k":[25,0,0,41,0],"v":{"t":[0,0]}},{"k":[26,0,0,40,0],"v":{"t":[0,0]}},{"k":[27,0,0,39,0],"v":{"t":[0,0]}},{"k":[28,0,0,38,0],"v":{"t":[0,0]}},{"k":[29,0,0,37,0],"v":{"t":[0,0]}},{"k":[30,0,0,36,0],"v":{"t":[0,0]}},{"k":[31,0,0,35,0],"v":{"t":[0,0]}},{"k":[21,0,0,44,0],"v":{"t":[0,0]}},{"k":[22,0,0,43,0],"v":{"t":[0,0]}},{"k":[23,0,0,42,0],"v":{"t":[0,0]}},{"k":[24,0,0,41,0],"v":{"t":[0,0]}},{"k":[25,0,0,40,0],"v":{"t":[0,0]}},{"k":[26,0,0,39,0],"v":{"t":[0,0]}},{"k":[27,0,0,38,0],"v":{"t":[0,0]}},{"k":[28,0,0,37,0],"v":{"t":[0,0]}},{"k":[29,0,0,36,0],"v":{"t":[0,0]}},{"k":[30,0,0,35,0],"v":{"t":[0,0]}},{"k":[31,0,0,34,0],"v":{"t":[0,0]}},{"k":[31,2,0,47,0],"v":{"t":[0,0]}},{"k":[31,1,0,47,0],"v":{"t":[0,0]}},{"k":[30,2,0,47,0],"v":{"t":[0,0]}},{"k":[31,2,0,46,0],"v":{"t":[0,0]}},{"k":[31,0,0,47,0],"v":{"t":[0,0]}},{"k":[30,1,0,47,0],"v":{"t":[0,0]}},{"k":[31,1,0,46,0],"v":{"t":[0,0]}},{"k":[30,2,0,46,0],"v":{"t":[0,0]}},{"k":[30,0,0,47,0],"v":{"t":[0,0]}},{"k":[31,0,0,46,0],"v":{"t":[0,0]}},{"k":[29,1,0,47,0],"v":{"t":[0,0]}},{"k":[30,1,0,46,0],"v":{"t":[0,0]}},{"k":[31,1,0,45,0],"v":{"t":[0,0]}},{"k":[29,0,0,47,0],"v":{"t":[0,0]}},{"k":[30,0,0,46,0],"v":{"t":[0,0]}},{"k":[31,0,0,45,0],"v":{"t":[0,0]}},{"k":[29,1,0,46,0],"v":{"t":[0,0]}},{"k":[30,1,0,45,0],"v":{"t":[0,0]}},{"k":[28,0,0,47,0],"v":{"t":[0,0]}},{"k":[29,0,0,46,0],"v":{"t":[0,0]}},{"k":[30,0,0,45,0],"v":{"t":[0,0]}},{"k":[31,0,0,44,0],"v":{"t":[0,0]}},{"k":[29,1,0,45,0],"v":{"t":[0,0]}},{"k":[27,0,0,47,0],"v":{"t":[0,0]}},{"k":[28,0,0,46,0],"v":{"t":[0,0]}},{"k":[29,0,0,45,0],"v":{"t":[0,0]}},{"k":[30,0,0,44,0],"v":{"t":[0,0]}},{"k":[31,0,0,43,0],"v":{"t":[0,0]}},{"k":[26,0,0,47,0],"v":{"t":[0,0]}},{"k":[27,0,0,46,0],"v":{"t":[0,0]}},{"k":[28,0,0,45,0],"v":{"t":[0,0]}},{"k":[29,0,0,44,0],"v":{"t":[0,0]}},{"k":[30,0,0,43,0],"v":{"t":[0,0]}},{"k":[31,0,0,42,0],"v":{"t":[0,0]}}]},"moun":{"a":[{"k":[31,1,0,47,0],"v":{"l":true,"sid":1,"t":true}},{"k":[31,0,0,47,0],"v":{"b":true,"l":true,"sid":1,"t":true}},{"k":[30,1,0,47,0],"v":{"r":true,"sid":1,"t":true}},{"k":[31,1,0,46,0],"v":{"b":true,"l":true,"sid":1}},{"k":[30,0,0,47,0],"v":{"b":true,"l":true,"r":true,"sid":1,"t":true}},{"k":[31,0,0,46,0],"v":{"b":true,"l":true,"r":true,"sid":1,"t":true}},{"k":[30,1,0,46,0],"v":{"b":true,"r":true,"sid":1}},{"k":[29,0,0,47,0],"v":{"b":true,"r":true,"sid":1,"t":true}},{"k":[30,0,0,46,0],"v":{"b":true,"l":true,"r":true,"sid":1,"t":true}},{"k":[31,0,0,45,0],"v":{"b":true,"l":true,"r":true,"sid":1}},{"k":[29,0,0,46,0],"v":{"b":true,"r":true,"sid":1,"t":true}},{"k":[30,0,0,45,0],"v":{"b":true,"l":true,"r":true,"sid":1}},{"k":[29,0,0,45,0],"v":{"b":true,"r":true,"sid":1}}],"o":[]},"objs":{"list":[{"k":[16,0,0,46,0],"v":{"events":[{"id":1,"name":"Hero action","p":[],"r":{"1":{"bh":true,"c":[{"children":[{"command":[8,"Olick",1,1,0,1,"Olá, Alaric. Estava esperando te encontar.\nPreciso tirar uma dúvida minha..."],"kind":1},{"command":[8,"Olick",1,1,0,1,"Poderia me mostrar o seu braço?"],"kind":1},{"command":[8,"",-1,0,0,1,"O seu braço está cheio de manchas... \nvocê contraiu a infecção da mancha vermelha.\n\nVocê vai mostrar seu braço para ela?"],"kind":1},{"command":[3,2,3,2,"-",1,"Sim","-",1,"Não"],"kind":31},{"children":[{"command":[8,"Olick",1,1,0,1,"Oh....Eu imaginei que isso poderia acontecer."],"kind":1},{"command":[8,"Olick",1,1,0,1,"Você está mais magro que o normal...\nVocê está com manchas vermelhas."],"kind":1},{"command":[8,"Olick",1,1,0,1,"..."],"kind":1}],"command":[1],"kind":32},{"children":[{"command":[8,"Olick",1,1,0,1,"O que mais poderia ser além da mancha vermelha?"],"kind":1},{"command":[8,"Olick",1,1,0,1,"..."],"kind":1}],"command":[2],"kind":32},{"command":[],"kind":33},{"command":[8,"Olick",1,1,0,1,"Eu andei estudando essa infecção por bastante tempo.\nAcho que eu sei como te ajudar a tratá-la."],"kind":1},{"command":[8,"Olick",1,1,0,1,"Mas não vai ser fácil.\nAlém do mais..... Você tem que ser rápido."],"kind":1},{"command":[8,"Olick",1,1,0,1,"Você terá que ir todas as regiões ao redor do reino.\nEu ouvi falar que existem curandeiros que desenvolveram remédios específicos.\nAcho que a combinação deles poderia tratar a infecção."],"kind":1},{"command":[8,"Olick",1,1,0,1,"Você terá que ir para o as terras dos deuses\nlá você encontrará [b]Lamivudina[/b].\n"],"kind":1},{"command":[8,"Olick",1,1,0,1,"Depois você terá que ir para as terras geladas do norte.\nVocê conseguirá encontrar [b]Tenofovir[/b] nessa região."],"kind":1},{"command":[8,"Olick",1,1,0,1,"E por fim, nas terras escuras você encontrá [b]Ritonavir[/b] e a [b]Zidovudina[/b]"],"kind":1},{"command":[8,"Olick",1,1,0,1,"[b]Dolutegravir, Efavirenz, Nevirapina e Raltegravir[/b]. \nEu possuo todos esses outros remédios. \nE sei como fabricá-los.\nPreciso que você encotre os outros remédios.\nEu Descubrirei como fabricá-los.\n "],"kind":1},{"command":[8,"Olick",1,1,0,1,"Espero que meus estudos estejam certos."],"kind":1}],"command":[0,0,4,3,3,12,0],"kind":8},{"command":[],"kind":10},{"children":[{"command":[8,"Olick",1,1,0,1,"Espero que consiga os remédios...\nE que eles dêm certo"],"kind":1}],"command":[0,0,4,3,2,12,1],"kind":8},{"command":[],"kind":10},{"command":[0,3,1,0,12,1],"kind":2}]}},"sys":false}],"hId":-1,"id":9,"name":"OBJ0009","ooepf":false,"states":[{"cam":true,"climb":false,"dir":false,"gid":2,"gk":4,"id":1,"move":true,"name":"Estado 1","pix":true,"pos":false,"stop":false,"sx":{"k":12,"v":1},"sy":{"k":12,"v":1},"sz":{"k":12,"v":1},"through":false,"x":0,"y":3}]}}]},"objs3d":{"a":[{"k":[21,0,0,46,0,50,50,90],"v":{"did":18}},{"k":[24,0,0,44,0],"v":{"did":111}},{"k":[23,0,0,45,0],"v":{"did":111}},{"k":[21,0,0,40,0,50,50,90],"v":{"did":18}},{"k":[21,0,0,39,0,50,50,90],"v":{"did":18}},{"k":[21,0,0,42,0,50,50,90],"v":{"did":18}},{"k":[21,0,0,35,0,50,50,90],"v":{"did":18}},{"k":[21,0,0,43,0],"v":{"did":55}},{"k":[21,0,0,34,0,50,50,90],"v":{"did":18}},{"k":[24,0,0,38,0],"v":{"did":110}},{"k":[23,0,0,38,0],"v":{"did":111}},{"k":[21,0,0,33,0,50,50,90],"v":{"did":18}},{"k":[21,0,0,32,0,50,50,90],"v":{"did":18}},{"k":[21,0,0,36,0],"v":{"did":55}},{"k":[24,0,0,45,0],"v":{"did":111}},{"k":[21,0,0,47,0,50,50,90],"v":{"did":18}},{"k":[21,0,0,41,0,50,50,90],"v":{"did":18}}],"o":[[21,0,0,29,0],[15,0,0,24,0,50,50,90],[15,0,0,20,0,50,50,90],[15,0,0,19,0,50,50,90],[21,0,0,48,0]]},"sprites":{"list":[{"k":[30,2,0,47,0],"v":{"k":4,"t":[6,6,1,1]}},{"k":[31,2,0,46,0],"v":{"k":4,"t":[6,7,1,1]}},{"k":[30,2,0,46,0],"v":{"f":false,"k":4,"t":[7,7,1,1]}},{"k":[30,0,0,47,0],"v":{"k":4,"t":[6,6,1,1]}},{"k":[31,1,0,45,0],"v":{"f":false,"k":4,"t":[7,7,1,1]}},{"k":[30,1,0,45,0],"v":{"k":4,"t":[4,3,1,1]}},{"k":[30,0,0,45,0],"v":{"k":4,"t":[7,2,1,1]}},{"k":[31,0,0,44,0],"v":{"k":4,"t":[6,6,1,1]}},{"k":[28,0,0,47,0],"v":{"k":4,"t":[6,6,1,1]}},{"k":[28,0,0,46,0],"v":{"k":4,"t":[6,6,1,1]}},{"k":[27,0,0,47,0],"v":{"k":4,"t":[0,2,2,2]}},{"k":[31,0,0,42,0],"v":{"k":4,"t":[4,4,1,1]}},{"k":[22,0,0,32,0],"v":{"k":4,"t":[6,6,1,1]}},{"k":[22,0,0,42,0],"v":{"f":false,"k":4,"t":[7,7,1,1]}},{"k":[24,0,0,39,0],"v":{"k":4,"t":[6,6,1,1]}},{"k":[23,0,0,40,0],"v":{"k":4,"t":[6,6,1,1]}},{"k":[30,0,0,33,0],"v":{"k":4,"t":[0,2,2,2]}},{"k":[27,0,0,34,0],"v":{"k":4,"t":[6,6,1,1]}},{"k":[26,0,0,35,0],"v":{"k":4,"t":[6,6,1,1]}},{"k":[28,0,0,32,0],"v":{"k":4,"t":[6,6,1,1]}},{"k":[25,0,0,32,0],"v":{"k":4,"t":[6,6,1,1]}},{"k":[23,0,0,34,0],"v":{"k":4,"t":[0,4,2,3]}},{"k":[26,0,0,46,0],"v":{"k":4,"t":[4,4,1,1]}},{"k":[31,0,0,40,0],"v":{"k":4,"t":[6,6,1,1]}},{"k":[28,0,0,43,0],"v":{"k":4,"t":[6,6,1,1]}},{"k":[24,0,0,46,0],"v":{"k":4,"t":[6,6,1,1]}},{"k":[26,0,0,44,0],"v":{"k":4,"t":[6,6,1,1]}},{"k":[30,0,0,40,0],"v":{"k":4,"t":[0,2,2,2]}},{"k":[29,0,0,40,0],"v":{"k":4,"t":[7,2,1,1]}},{"k":[28,0,0,40,0],"v":{"k":4,"t":[7,2,1,1]}},{"k":[26,1,0,41,0],"v":{"f":false,"k":4,"t":[3,4,1,1]}},{"k":[29,0,0,37,0],"v":{"k":4,"t":[7,2,1,1]}},{"k":[31,0,0,35,0],"v":{"k":4,"t":[6,6,1,1]}},{"k":[26,0,0,39,0],"v":{"k":4,"t":[6,6,1,1]}},{"k":[30,0,0,35,0],"v":{"k":4,"t":[4,4,1,1]}},{"k":[27,0,0,38,0],"v":{"k":4,"t":[4,4,1,1]}},{"k":[31,2,0,47,0],"v":{"f":false,"k":4,"t":[7,7,1,1]}}],"overflow":[],"walls":[]}}