{"lands":{"autotiles":[{"k":[19,0,0,49,0],"v":{"id":1,"t":[1,0],"tid":324}},{"k":[20,0,0,48,0],"v":{"id":1,"t":[1,0],"tid":370}},{"k":[18,0,0,49,0],"v":{"id":1,"t":[1,0],"tid":324}},{"k":[19,0,0,48,0],"v":{"id":1,"t":[1,0],"tid":318}},{"k":[17,0,0,49,0],"v":{"id":1,"t":[1,0],"tid":324}},{"k":[18,0,0,48,0],"v":{"id":1,"t":[1,0],"tid":318}},{"k":[16,0,0,49,0],"v":{"id":1,"t":[1,0],"tid":570}},{"k":[17,0,0,48,0],"v":{"id":1,"t":[1,0],"tid":318}},{"k":[16,0,0,48,0],"v":{"id":1,"t":[1,0],"tid":584}},{"k":[20,0,0,49,0],"v":{"id":1,"t":[1,0],"tid":372}}],"floors":[{"k":[30,0,0,49,0],"v":{"t":[0,0]}},{"k":[31,0,0,48,0],"v":{"t":[0,0]}},{"k":[30,1,0,48,0],"v":{"t":[0,0]}},{"k":[29,1,0,49,0],"v":{"t":[0,0]}},{"k":[29,0,0,49,0],"v":{"t":[0,0]}},{"k":[30,0,0,48,0],"v":{"t":[0,0]}},{"k":[29,1,0,48,0],"v":{"t":[0,0]}},{"k":[28,1,0,49,0],"v":{"t":[0,0]}},{"k":[28,0,0,49,0],"v":{"t":[0,0]}},{"k":[29,0,0,48,0],"v":{"t":[0,0]}},{"k":[27,1,0,49,0],"v":{"t":[0,0]}},{"k":[27,0,0,49,0],"v":{"t":[0,0]}},{"k":[28,0,0,48,0],"v":{"t":[0,0]}},{"k":[26,1,0,49,0],"v":{"t":[0,0]}},{"k":[26,0,0,49,0],"v":{"t":[0,0]}},{"k":[27,0,0,48,0],"v":{"t":[0,0]}},{"k":[25,1,0,49,0],"v":{"t":[0,0]}},{"k":[25,0,0,49,0],"v":{"t":[0,0]}},{"k":[26,0,0,48,0],"v":{"t":[0,0]}},{"k":[24,1,0,49,0],"v":{"t":[0,0]}},{"k":[24,0,0,49,0],"v":{"t":[0,0]}},{"k":[25,0,0,48,0],"v":{"t":[0,0]}},{"k":[23,1,0,49,0],"v":{"t":[0,0]}},{"k":[31,1,0,49,0],"v":{"t":[0,0]}},{"k":[23,0,0,49,0],"v":{"t":[0,0]}},{"k":[24,0,0,48,0],"v":{"t":[0,0]}},{"k":[22,1,0,49,0],"v":{"t":[0,0]}},{"k":[22,0,0,49,0],"v":{"t":[0,0]}},{"k":[23,0,0,48,0],"v":{"t":[0,0]}},{"k":[21,1,0,49,0],"v":{"t":[0,0]}},{"k":[21,0,0,49,0],"v":{"t":[0,0]}},{"k":[22,0,0,48,0],"v":{"t":[0,0]}},{"k":[21,0,0,48,0],"v":{"t":[0,0]}},{"k":[31,0,0,49,0],"v":{"t":[0,0]}},{"k":[31,1,0,48,0],"v":{"t":[0,0]}},{"k":[30,1,0,49,0],"v":{"t":[0,0]}}]},"moun":{"a":[{"k":[31,0,0,49,0],"v":{"l":true,"r":true,"sid":1,"t":true}},{"k":[31,0,0,48,0],"v":{"b":true,"l":true,"r":true,"sid":1,"t":true}},{"k":[30,0,0,49,0],"v":{"l":true,"r":true,"sid":1,"t":true}},{"k":[30,0,0,48,0],"v":{"b":true,"l":true,"r":true,"sid":1,"t":true}},{"k":[29,0,0,49,0],"v":{"l":true,"r":true,"sid":1,"t":true}},{"k":[29,0,0,48,0],"v":{"b":true,"r":true,"sid":1,"t":true}},{"k":[28,0,0,49,0],"v":{"l":true,"r":true,"sid":1}},{"k":[27,0,0,49,0],"v":{"l":true,"r":true,"sid":1}},{"k":[26,0,0,49,0],"v":{"l":true,"r":true,"sid":1}},{"k":[25,0,0,49,0],"v":{"l":true,"r":true,"sid":1}},{"k":[24,0,0,49,0],"v":{"l":true,"r":true,"sid":1}},{"k":[23,0,0,49,0],"v":{"l":true,"r":true,"sid":1}},{"k":[22,0,0,49,0],"v":{"l":true,"r":true,"sid":1}},{"k":[21,0,0,49,0],"v":{"r":true,"sid":1}}],"o":[]},"objs":{"list":[{"k":[19,0,0,49,0],"v":{"events":[{"id":1,"name":"Hero action","p":[],"r":{"1":{"bh":true,"c":[{"command":[7,0,0,4,24,1,0,0,0,0,0],"kind":20}]}},"sys":false}],"hId":-1,"id":6,"name":"OBJ0003","ooepf":false,"states":[{"cam":true,"climb":false,"dir":false,"gid":-1,"gk":0,"id":1,"move":true,"name":"Estado 1","pix":true,"pos":false,"stop":false,"sx":{"k":12,"v":1},"sy":{"k":12,"v":1},"sz":{"k":12,"v":1},"through":false,"x":0,"y":0}]}},{"k":[18,0,0,49,0],"v":{"events":[{"id":1,"name":"Hero action","p":[],"r":{"1":{"bh":true,"c":[{"command":[7,0,0,4,24,1,0,0,0,0,0],"kind":20}]}},"sys":false}],"hId":-1,"id":5,"name":"OBJ0003","ooepf":false,"states":[{"cam":true,"climb":false,"dir":false,"gid":-1,"gk":0,"id":1,"move":true,"name":"Estado 1","pix":true,"pos":false,"stop":false,"sx":{"k":12,"v":1},"sy":{"k":12,"v":1},"sz":{"k":12,"v":1},"through":false,"x":0,"y":0}]}},{"k":[17,0,0,49,0],"v":{"events":[{"id":1,"name":"Hero action","p":[],"r":{"1":{"bh":true,"c":[{"command":[7,0,0,4,24,1,0,0,0,0,0],"kind":20}]}},"sys":false}],"hId":-1,"id":4,"name":"OBJ0003","ooepf":false,"states":[{"cam":true,"climb":false,"dir":false,"gid":-1,"gk":0,"id":1,"move":true,"name":"Estado 1","pix":true,"pos":false,"stop":false,"sx":{"k":12,"v":1},"sy":{"k":12,"v":1},"sz":{"k":12,"v":1},"through":false,"x":0,"y":0}]}},{"k":[16,0,0,49,0],"v":{"events":[{"id":1,"name":"Hero action","p":[],"r":{"1":{"bh":true,"c":[{"command":[7,0,0,4,24,1,0,0,0,0,0],"kind":20}]}},"sys":false}],"hId":-1,"id":3,"name":"OBJ0003","ooepf":false,"states":[{"cam":true,"climb":false,"dir":false,"gid":-1,"gk":0,"id":1,"move":true,"name":"Estado 1","pix":true,"pos":false,"stop":false,"sx":{"k":12,"v":1},"sy":{"k":12,"v":1},"sz":{"k":12,"v":1},"through":false,"x":0,"y":0}]}},{"k":[20,0,0,49,0],"v":{"events":[{"id":1,"name":"Hero action","p":[],"r":{"1":{"bh":true,"c":[{"command":[7,0,0,4,24,1,0,0,0,0,0],"kind":20}]}},"sys":false}],"hId":-1,"id":7,"name":"OBJ0003","ooepf":false,"states":[{"cam":true,"climb":false,"dir":false,"gid":-1,"gk":0,"id":1,"move":true,"name":"Estado 1","pix":true,"pos":false,"stop":false,"sx":{"k":12,"v":1},"sy":{"k":12,"v":1},"sz":{"k":12,"v":1},"through":false,"x":0,"y":0}]}}]},"objs3d":{"a":[{"k":[21,0,0,48,0,50,50,90],"v":{"did":18}}],"o":[]},"sprites":{"list":[{"k":[31,1,0,48,0],"v":{"f":false,"k":4,"t":[7,7,1,1]}},{"k":[29,1,0,48,0],"v":{"k":4,"t":[7,7,1,1]}},{"k":[24,0,0,48,0],"v":{"k":4,"t":[6,6,1,1]}},{"k":[23,0,0,48,0],"v":{"f":false,"k":4,"t":[7,7,1,1]}},{"k":[22,0,0,48,0],"v":{"k":4,"t":[6,6,1,1]}}],"overflow":[],"walls":[]}}