{"lands":{"autotiles":[],"floors":[{"k":[34,0,0,49,0],"v":{"t":[0,0]}},{"k":[35,0,0,48,0],"v":{"t":[0,0]}},{"k":[33,1,0,49,0],"v":{"t":[0,0]}},{"k":[33,0,0,49,0],"v":{"t":[0,0]}},{"k":[34,0,0,48,0],"v":{"t":[0,0]}},{"k":[32,1,0,49,0],"v":{"t":[0,0]}},{"k":[32,0,0,49,0],"v":{"t":[0,0]}},{"k":[33,0,0,48,0],"v":{"t":[0,0]}},{"k":[32,1,0,48,0],"v":{"t":[0,0]}},{"k":[32,0,0,48,0],"v":{"t":[0,0]}},{"k":[36,1,0,49,0],"v":{"t":[0,0]}},{"k":[36,0,0,49,0],"v":{"t":[0,0]}},{"k":[35,1,0,49,0],"v":{"t":[0,0]}},{"k":[35,0,0,49,0],"v":{"t":[0,0]}},{"k":[36,0,0,48,0],"v":{"t":[0,0]}},{"k":[34,1,0,49,0],"v":{"t":[0,0]}}]},"moun":{"a":[{"k":[34,0,0,49,0],"v":{"l":true,"r":true,"sid":1}},{"k":[33,0,0,49,0],"v":{"l":true,"r":true,"sid":1}},{"k":[32,0,0,49,0],"v":{"l":true,"r":true,"sid":1,"t":true}},{"k":[32,0,0,48,0],"v":{"b":true,"l":true,"sid":1,"t":true}},{"k":[36,0,0,49,0],"v":{"l":true,"sid":1}},{"k":[35,0,0,49,0],"v":{"l":true,"r":true,"sid":1}}],"o":[]},"objs":{"list":[]},"objs3d":{"a":[],"o":[]},"sprites":{"list":[{"k":[34,0,0,48,0],"v":{"k":4,"t":[0,2,2,2]}}],"overflow":[],"walls":[]}}