{"lands":{"autotiles":[],"floors":[{"k":[32,0,0,16,0],"v":{"t":[0,0]}},{"k":[32,0,0,24,0],"v":{"t":[0,0]}},{"k":[33,0,0,23,0],"v":{"t":[0,0]}},{"k":[34,0,0,22,0],"v":{"t":[0,0]}},{"k":[35,0,0,21,0],"v":{"t":[0,0]}},{"k":[36,0,0,20,0],"v":{"t":[0,0]}},{"k":[32,0,0,23,0],"v":{"t":[0,0]}},{"k":[33,0,0,22,0],"v":{"t":[0,0]}},{"k":[34,0,0,21,0],"v":{"t":[0,0]}},{"k":[35,0,0,20,0],"v":{"t":[0,0]}},{"k":[36,0,0,19,0],"v":{"t":[0,0]}},{"k":[32,0,0,22,0],"v":{"t":[0,0]}},{"k":[33,0,0,21,0],"v":{"t":[0,0]}},{"k":[34,0,0,20,0],"v":{"t":[0,0]}},{"k":[35,0,0,19,0],"v":{"t":[0,0]}},{"k":[36,0,0,18,0],"v":{"t":[0,0]}},{"k":[32,0,0,21,0],"v":{"t":[0,0]}},{"k":[33,0,0,20,0],"v":{"t":[0,0]}},{"k":[34,0,0,19,0],"v":{"t":[0,0]}},{"k":[35,0,0,18,0],"v":{"t":[0,0]}},{"k":[36,0,0,17,0],"v":{"t":[0,0]}},{"k":[32,0,0,20,0],"v":{"t":[0,0]}},{"k":[33,0,0,19,0],"v":{"t":[0,0]}},{"k":[34,0,0,18,0],"v":{"t":[0,0]}},{"k":[35,0,0,17,0],"v":{"t":[0,0]}},{"k":[36,0,0,16,0],"v":{"t":[0,0]}},{"k":[32,0,0,19,0],"v":{"t":[0,0]}},{"k":[33,0,0,18,0],"v":{"t":[0,0]}},{"k":[34,0,0,17,0],"v":{"t":[0,0]}},{"k":[35,0,0,16,0],"v":{"t":[0,0]}},{"k":[32,0,0,18,0],"v":{"t":[0,0]}},{"k":[33,0,0,17,0],"v":{"t":[0,0]}},{"k":[34,0,0,16,0],"v":{"t":[0,0]}},{"k":[32,0,0,17,0],"v":{"t":[0,0]}},{"k":[33,0,0,16,0],"v":{"t":[0,0]}},{"k":[33,0,0,31,0],"v":{"t":[0,0]}},{"k":[34,0,0,30,0],"v":{"t":[0,0]}},{"k":[35,0,0,29,0],"v":{"t":[0,0]}},{"k":[36,0,0,28,0],"v":{"t":[0,0]}},{"k":[32,0,0,31,0],"v":{"t":[0,0]}},{"k":[33,0,0,30,0],"v":{"t":[0,0]}},{"k":[34,0,0,29,0],"v":{"t":[0,0]}},{"k":[35,0,0,28,0],"v":{"t":[0,0]}},{"k":[36,0,0,27,0],"v":{"t":[0,0]}},{"k":[32,0,0,30,0],"v":{"t":[0,0]}},{"k":[33,0,0,29,0],"v":{"t":[0,0]}},{"k":[34,0,0,28,0],"v":{"t":[0,0]}},{"k":[35,0,0,27,0],"v":{"t":[0,0]}},{"k":[36,0,0,26,0],"v":{"t":[0,0]}},{"k":[32,0,0,29,0],"v":{"t":[0,0]}},{"k":[33,0,0,28,0],"v":{"t":[0,0]}},{"k":[34,0,0,27,0],"v":{"t":[0,0]}},{"k":[35,0,0,26,0],"v":{"t":[0,0]}},{"k":[36,0,0,25,0],"v":{"t":[0,0]}},{"k":[32,0,0,28,0],"v":{"t":[0,0]}},{"k":[33,0,0,27,0],"v":{"t":[0,0]}},{"k":[34,0,0,26,0],"v":{"t":[0,0]}},{"k":[35,0,0,25,0],"v":{"t":[0,0]}},{"k":[36,0,0,24,0],"v":{"t":[0,0]}},{"k":[32,0,0,27,0],"v":{"t":[0,0]}},{"k":[33,0,0,26,0],"v":{"t":[0,0]}},{"k":[34,0,0,25,0],"v":{"t":[0,0]}},{"k":[35,0,0,24,0],"v":{"t":[0,0]}},{"k":[36,0,0,23,0],"v":{"t":[0,0]}},{"k":[32,0,0,26,0],"v":{"t":[0,0]}},{"k":[33,0,0,25,0],"v":{"t":[0,0]}},{"k":[34,0,0,24,0],"v":{"t":[0,0]}},{"k":[35,0,0,23,0],"v":{"t":[0,0]}},{"k":[36,0,0,22,0],"v":{"t":[0,0]}},{"k":[32,0,0,25,0],"v":{"t":[0,0]}},{"k":[33,0,0,24,0],"v":{"t":[0,0]}},{"k":[34,0,0,23,0],"v":{"t":[0,0]}},{"k":[35,0,0,22,0],"v":{"t":[0,0]}},{"k":[36,0,0,21,0],"v":{"t":[0,0]}},{"k":[36,2,0,31,0],"v":{"t":[0,0]}},{"k":[36,2,0,30,0],"v":{"t":[0,0]}},{"k":[36,0,0,31,0],"v":{"t":[0,0]}},{"k":[35,1,0,31,0],"v":{"t":[0,0]}},{"k":[35,0,0,31,0],"v":{"t":[0,0]}},{"k":[36,0,0,30,0],"v":{"t":[0,0]}},{"k":[36,1,0,29,0],"v":{"t":[0,0]}},{"k":[35,1,0,30,0],"v":{"t":[0,0]}},{"k":[34,1,0,31,0],"v":{"t":[0,0]}},{"k":[34,0,0,31,0],"v":{"t":[0,0]}},{"k":[35,0,0,30,0],"v":{"t":[0,0]}},{"k":[36,0,0,29,0],"v":{"t":[0,0]}},{"k":[36,1,0,28,0],"v":{"t":[0,0]}},{"k":[35,1,0,29,0],"v":{"t":[0,0]}}]},"moun":{"a":[{"k":[36,1,0,31,0],"v":{"sid":1,"t":true}},{"k":[36,1,0,30,0],"v":{"b":true,"sid":1}},{"k":[35,0,0,31,0],"v":{"b":true,"l":true,"sid":1,"t":true}},{"k":[36,0,0,29,0],"v":{"l":true,"sid":1,"t":true}},{"k":[35,0,0,30,0],"v":{"b":true,"sid":1,"t":true}},{"k":[34,0,0,31,0],"v":{"r":true,"sid":1}},{"k":[36,0,0,28,0],"v":{"b":true,"sid":1}},{"k":[35,0,0,29,0],"v":{"b":true,"r":true,"sid":1}}],"o":[]},"objs":{"list":[]},"objs3d":{"a":[{"k":[35,0,0,17,0,50,50,90],"v":{"did":112}}],"o":[]},"sprites":{"list":[{"k":[33,0,0,20,0],"v":{"k":4,"t":[4,4,1,1]}},{"k":[36,2,0,30,0],"v":{"k":4,"t":[7,8,1,1]}},{"k":[34,0,0,18,0],"v":{"k":4,"t":[7,2,1,1]}},{"k":[33,0,0,18,0],"v":{"k":4,"t":[7,2,1,1]}},{"k":[36,0,0,30,0],"v":{"k":4,"t":[6,6,1,1]}},{"k":[36,1,0,29,0],"v":{"k":4,"t":[6,7,1,1]}},{"k":[32,0,0,31,0],"v":{"k":4,"t":[6,6,1,1]}},{"k":[34,0,0,28,0],"v":{"k":4,"t":[6,6,1,1]}},{"k":[32,0,0,29,0],"v":{"k":4,"t":[6,6,1,1]}},{"k":[34,0,0,27,0],"v":{"k":4,"t":[0,2,2,2]}},{"k":[35,0,0,26,0],"v":{"k":4,"t":[0,2,2,2]}},{"k":[35,0,0,25,0],"v":{"k":4,"t":[6,6,1,1]}},{"k":[32,0,0,26,0],"v":{"k":4,"t":[7,2,1,1]}},{"k":[35,0,0,23,0],"v":{"k":4,"t":[6,6,1,1]}},{"k":[33,0,0,25,0],"v":{"k":4,"t":[6,6,1,1]}},{"k":[33,0,0,24,0],"v":{"k":4,"t":[6,6,1,1]}}],"overflow":[],"walls":[{"k":[36,0,0,17,0,0,50,90],"v":{"k":0,"w":18}},{"k":[36,0,0,16,0,0,50,90],"v":{"k":1,"w":18}}]}}