{"lands":{"autotiles":[],"floors":[{"k":[32,0,0,32,0],"v":{"t":[0,0]}},{"k":[32,0,0,40,0],"v":{"t":[0,0]}},{"k":[33,0,0,39,0],"v":{"t":[0,0]}},{"k":[34,0,0,38,0],"v":{"t":[0,0]}},{"k":[35,0,0,37,0],"v":{"t":[0,0]}},{"k":[36,0,0,36,0],"v":{"t":[0,0]}},{"k":[32,0,0,39,0],"v":{"t":[0,0]}},{"k":[33,0,0,38,0],"v":{"t":[0,0]}},{"k":[34,0,0,37,0],"v":{"t":[0,0]}},{"k":[35,0,0,36,0],"v":{"t":[0,0]}},{"k":[36,0,0,35,0],"v":{"t":[0,0]}},{"k":[36,1,0,34,0],"v":{"t":[0,0]}},{"k":[32,0,0,38,0],"v":{"t":[0,0]}},{"k":[33,0,0,37,0],"v":{"t":[0,0]}},{"k":[34,0,0,36,0],"v":{"t":[0,0]}},{"k":[35,0,0,35,0],"v":{"t":[0,0]}},{"k":[36,0,0,34,0],"v":{"t":[0,0]}},{"k":[36,1,0,33,0],"v":{"t":[0,0]}},{"k":[32,0,0,37,0],"v":{"t":[0,0]}},{"k":[33,0,0,36,0],"v":{"t":[0,0]}},{"k":[34,0,0,35,0],"v":{"t":[0,0]}},{"k":[35,0,0,34,0],"v":{"t":[0,0]}},{"k":[36,0,0,33,0],"v":{"t":[0,0]}},{"k":[36,1,0,32,0],"v":{"t":[0,0]}},{"k":[35,1,0,33,0],"v":{"t":[0,0]}},{"k":[32,0,0,36,0],"v":{"t":[0,0]}},{"k":[33,0,0,35,0],"v":{"t":[0,0]}},{"k":[34,0,0,34,0],"v":{"t":[0,0]}},{"k":[35,0,0,33,0],"v":{"t":[0,0]}},{"k":[36,0,0,32,0],"v":{"t":[0,0]}},{"k":[35,1,0,32,0],"v":{"t":[0,0]}},{"k":[32,0,0,35,0],"v":{"t":[0,0]}},{"k":[33,0,0,34,0],"v":{"t":[0,0]}},{"k":[34,0,0,33,0],"v":{"t":[0,0]}},{"k":[35,0,0,32,0],"v":{"t":[0,0]}},{"k":[32,0,0,34,0],"v":{"t":[0,0]}},{"k":[33,0,0,33,0],"v":{"t":[0,0]}},{"k":[34,0,0,32,0],"v":{"t":[0,0]}},{"k":[32,0,0,33,0],"v":{"t":[0,0]}},{"k":[33,0,0,32,0],"v":{"t":[0,0]}},{"k":[33,0,0,47,0],"v":{"t":[0,0]}},{"k":[34,0,0,46,0],"v":{"t":[0,0]}},{"k":[35,0,0,45,0],"v":{"t":[0,0]}},{"k":[36,0,0,44,0],"v":{"t":[0,0]}},{"k":[32,1,0,47,0],"v":{"t":[0,0]}},{"k":[32,0,0,47,0],"v":{"t":[0,0]}},{"k":[33,0,0,46,0],"v":{"t":[0,0]}},{"k":[34,0,0,45,0],"v":{"t":[0,0]}},{"k":[35,0,0,44,0],"v":{"t":[0,0]}},{"k":[36,0,0,43,0],"v":{"t":[0,0]}},{"k":[32,1,0,46,0],"v":{"t":[0,0]}},{"k":[32,0,0,46,0],"v":{"t":[0,0]}},{"k":[33,0,0,45,0],"v":{"t":[0,0]}},{"k":[34,0,0,44,0],"v":{"t":[0,0]}},{"k":[35,0,0,43,0],"v":{"t":[0,0]}},{"k":[36,0,0,42,0],"v":{"t":[0,0]}},{"k":[32,1,0,45,0],"v":{"t":[0,0]}},{"k":[32,0,0,45,0],"v":{"t":[0,0]}},{"k":[33,0,0,44,0],"v":{"t":[0,0]}},{"k":[34,0,0,43,0],"v":{"t":[0,0]}},{"k":[35,0,0,42,0],"v":{"t":[0,0]}},{"k":[36,0,0,41,0],"v":{"t":[0,0]}},{"k":[32,0,0,44,0],"v":{"t":[0,0]}},{"k":[33,0,0,43,0],"v":{"t":[0,0]}},{"k":[34,0,0,42,0],"v":{"t":[0,0]}},{"k":[35,0,0,41,0],"v":{"t":[0,0]}},{"k":[36,0,0,40,0],"v":{"t":[0,0]}},{"k":[32,0,0,43,0],"v":{"t":[0,0]}},{"k":[33,0,0,42,0],"v":{"t":[0,0]}},{"k":[34,0,0,41,0],"v":{"t":[0,0]}},{"k":[35,0,0,40,0],"v":{"t":[0,0]}},{"k":[36,0,0,39,0],"v":{"t":[0,0]}},{"k":[32,0,0,42,0],"v":{"t":[0,0]}},{"k":[33,0,0,41,0],"v":{"t":[0,0]}},{"k":[34,0,0,40,0],"v":{"t":[0,0]}},{"k":[35,0,0,39,0],"v":{"t":[0,0]}},{"k":[36,0,0,38,0],"v":{"t":[0,0]}},{"k":[32,0,0,41,0],"v":{"t":[0,0]}},{"k":[33,0,0,40,0],"v":{"t":[0,0]}},{"k":[34,0,0,39,0],"v":{"t":[0,0]}},{"k":[35,0,0,38,0],"v":{"t":[0,0]}},{"k":[36,0,0,37,0],"v":{"t":[0,0]}},{"k":[36,0,0,47,0],"v":{"t":[0,0]}},{"k":[35,0,0,47,0],"v":{"t":[0,0]}},{"k":[36,0,0,46,0],"v":{"t":[0,0]}},{"k":[34,0,0,47,0],"v":{"t":[0,0]}},{"k":[35,0,0,46,0],"v":{"t":[0,0]}},{"k":[36,0,0,45,0],"v":{"t":[0,0]}}]},"moun":{"a":[{"k":[36,0,0,32,0],"v":{"b":true,"l":true,"sid":1}},{"k":[35,0,0,33,0],"v":{"r":true,"sid":1,"t":true}},{"k":[35,0,0,32,0],"v":{"b":true,"r":true,"sid":1,"t":true}},{"k":[32,0,0,47,0],"v":{"l":true,"sid":1,"t":true}},{"k":[32,0,0,46,0],"v":{"b":true,"l":true,"sid":1,"t":true}},{"k":[32,0,0,45,0],"v":{"b":true,"l":true,"sid":1}},{"k":[36,0,0,34,0],"v":{"sid":1,"t":true}},{"k":[36,0,0,33,0],"v":{"b":true,"l":true,"sid":1,"t":true}}],"o":[]},"objs":{"list":[]},"objs3d":{"a":[],"o":[]},"sprites":{"list":[{"k":[32,0,0,47,0],"v":{"k":4,"t":[6,6,1,1]}},{"k":[33,0,0,45,0],"v":{"k":4,"t":[7,2,1,1]}},{"k":[35,0,0,43,0],"v":{"k":4,"t":[6,6,1,1]}},{"k":[35,0,0,41,0],"v":{"k":4,"t":[0,2,2,2]}},{"k":[33,0,0,40,0],"v":{"k":4,"t":[7,2,1,1]}},{"k":[36,0,0,37,0],"v":{"k":4,"t":[6,6,1,1]}},{"k":[35,0,0,38,0],"v":{"k":4,"t":[4,4,1,1]}},{"k":[35,0,0,46,0],"v":{"k":4,"t":[6,6,1,1]}},{"k":[34,0,0,37,0],"v":{"k":4,"t":[4,4,1,1]}},{"k":[36,1,0,34,0],"v":{"k":4,"t":[6,7,1,1]}},{"k":[34,0,0,36,0],"v":{"k":4,"t":[7,2,1,1]}},{"k":[36,1,0,33,0],"v":{"k":4,"t":[6,7,1,1]}},{"k":[32,0,0,37,0],"v":{"k":4,"t":[6,6,1,1]}},{"k":[35,0,0,34,0],"v":{"k":4,"t":[6,6,1,1]}},{"k":[36,1,0,32,0],"v":{"k":4,"t":[7,7,1,1]}},{"k":[35,1,0,33,0],"v":{"k":4,"t":[7,7,1,1]}},{"k":[32,0,0,36,0],"v":{"k":4,"t":[6,6,1,1]}},{"k":[35,1,0,32,0],"v":{"k":4,"t":[6,7,1,1]}},{"k":[33,0,0,33,0],"v":{"k":4,"t":[7,2,1,1]}},{"k":[34,0,0,32,0],"v":{"k":4,"t":[4,4,1,1]}},{"k":[32,1,0,47,0],"v":{"f":false,"k":4,"t":[7,7,1,1]}},{"k":[35,1,0,44,0],"v":{"k":4,"t":[3,4,1,1]}}],"overflow":[],"walls":[]}}