{"lands":{"autotiles":[],"floors":[{"k":[32,0,0,3,0],"v":{"t":[0,0]}},{"k":[33,0,0,2,0],"v":{"t":[0,0]}},{"k":[34,0,0,1,0],"v":{"t":[0,0]}},{"k":[35,0,0,0,0],"v":{"t":[0,0]}},{"k":[32,0,0,14,0],"v":{"t":[0,0]}},{"k":[33,0,0,13,0],"v":{"t":[0,0]}},{"k":[34,0,0,12,0],"v":{"t":[0,0]}},{"k":[35,0,0,11,0],"v":{"t":[0,0]}},{"k":[36,0,0,10,0],"v":{"t":[0,0]}},{"k":[32,0,0,13,0],"v":{"t":[0,0]}},{"k":[33,0,0,12,0],"v":{"t":[0,0]}},{"k":[34,0,0,11,0],"v":{"t":[0,0]}},{"k":[35,0,0,10,0],"v":{"t":[0,0]}},{"k":[36,0,0,9,0],"v":{"t":[0,0]}},{"k":[33,0,0,15,0],"v":{"t":[0,0]}},{"k":[34,0,0,14,0],"v":{"t":[0,0]}},{"k":[35,0,0,13,0],"v":{"t":[0,0]}},{"k":[36,0,0,12,0],"v":{"t":[0,0]}},{"k":[32,0,0,15,0],"v":{"t":[0,0]}},{"k":[33,0,0,14,0],"v":{"t":[0,0]}},{"k":[34,0,0,13,0],"v":{"t":[0,0]}},{"k":[35,0,0,12,0],"v":{"t":[0,0]}},{"k":[36,0,0,11,0],"v":{"t":[0,0]}},{"k":[32,0,0,10,0],"v":{"t":[0,0]}},{"k":[33,0,0,9,0],"v":{"t":[0,0]}},{"k":[34,0,0,8,0],"v":{"t":[0,0]}},{"k":[35,0,0,7,0],"v":{"t":[0,0]}},{"k":[36,0,0,6,0],"v":{"t":[0,0]}},{"k":[32,0,0,9,0],"v":{"t":[0,0]}},{"k":[33,0,0,8,0],"v":{"t":[0,0]}},{"k":[34,0,0,7,0],"v":{"t":[0,0]}},{"k":[35,0,0,6,0],"v":{"t":[0,0]}},{"k":[36,0,0,5,0],"v":{"t":[0,0]}},{"k":[32,0,0,12,0],"v":{"t":[0,0]}},{"k":[33,0,0,11,0],"v":{"t":[0,0]}},{"k":[34,0,0,10,0],"v":{"t":[0,0]}},{"k":[35,0,0,9,0],"v":{"t":[0,0]}},{"k":[36,0,0,8,0],"v":{"t":[0,0]}},{"k":[32,0,0,11,0],"v":{"t":[0,0]}},{"k":[33,0,0,10,0],"v":{"t":[0,0]}},{"k":[34,0,0,9,0],"v":{"t":[0,0]}},{"k":[35,0,0,8,0],"v":{"t":[0,0]}},{"k":[36,0,0,7,0],"v":{"t":[0,0]}},{"k":[35,0,0,15,0],"v":{"t":[0,0]}},{"k":[36,0,0,14,0],"v":{"t":[0,0]}},{"k":[34,0,0,15,0],"v":{"t":[0,0]}},{"k":[35,0,0,14,0],"v":{"t":[0,0]}},{"k":[36,0,0,13,0],"v":{"t":[0,0]}},{"k":[36,0,0,15,0],"v":{"t":[0,0]}},{"k":[32,0,0,0,0],"v":{"t":[0,0]}},{"k":[32,0,0,6,0],"v":{"t":[0,0]}},{"k":[33,0,0,5,0],"v":{"t":[0,0]}},{"k":[34,0,0,4,0],"v":{"t":[0,0]}},{"k":[35,0,0,3,0],"v":{"t":[0,0]}},{"k":[36,0,0,2,0],"v":{"t":[0,0]}},{"k":[32,0,0,5,0],"v":{"t":[0,0]}},{"k":[33,0,0,4,0],"v":{"t":[0,0]}},{"k":[34,0,0,3,0],"v":{"t":[0,0]}},{"k":[35,0,0,2,0],"v":{"t":[0,0]}},{"k":[36,0,0,1,0],"v":{"t":[0,0]}},{"k":[32,0,0,8,0],"v":{"t":[0,0]}},{"k":[33,0,0,7,0],"v":{"t":[0,0]}},{"k":[34,0,0,6,0],"v":{"t":[0,0]}},{"k":[35,0,0,5,0],"v":{"t":[0,0]}},{"k":[36,0,0,4,0],"v":{"t":[0,0]}},{"k":[32,0,0,7,0],"v":{"t":[0,0]}},{"k":[33,0,0,6,0],"v":{"t":[0,0]}},{"k":[34,0,0,5,0],"v":{"t":[0,0]}},{"k":[35,0,0,4,0],"v":{"t":[0,0]}},{"k":[36,0,0,3,0],"v":{"t":[0,0]}},{"k":[32,0,0,2,0],"v":{"t":[0,0]}},{"k":[33,0,0,1,0],"v":{"t":[0,0]}},{"k":[34,0,0,0,0],"v":{"t":[0,0]}},{"k":[32,0,0,1,0],"v":{"t":[0,0]}},{"k":[33,0,0,0,0],"v":{"t":[0,0]}},{"k":[32,0,0,4,0],"v":{"t":[0,0]}},{"k":[33,0,0,3,0],"v":{"t":[0,0]}},{"k":[34,0,0,2,0],"v":{"t":[0,0]}},{"k":[35,0,0,1,0],"v":{"t":[0,0]}},{"k":[36,0,0,0,0],"v":{"t":[0,0]}}]},"moun":{"a":[],"o":[]},"objs":{"list":[]},"objs3d":{"a":[{"k":[35,0,0,9,0,50,50,90],"v":{"did":112}}],"o":[]},"sprites":{"list":[{"k":[34,0,0,4,0],"v":{"k":4,"t":[2,3,2,1]}},{"k":[33,0,0,5,0],"v":{"k":4,"t":[2,3,2,1]}},{"k":[35,0,0,3,0],"v":{"k":4,"t":[2,3,2,1]}},{"k":[32,0,0,5,0],"v":{"k":4,"t":[2,3,2,1]}},{"k":[33,0,0,4,0],"v":{"k":4,"t":[2,3,2,1]}},{"k":[35,0,0,2,0],"v":{"k":4,"t":[2,3,2,1]}},{"k":[34,0,0,3,0],"v":{"k":4,"t":[2,3,2,1]}},{"k":[35,0,0,5,0],"v":{"k":4,"t":[2,3,2,1]}},{"k":[34,0,0,6,0],"v":{"k":4,"t":[2,3,2,1]}},{"k":[35,0,0,4,0],"v":{"k":4,"t":[2,3,2,1]}},{"k":[32,0,0,2,0],"v":{"k":4,"t":[2,3,2,1]}},{"k":[34,0,0,2,0],"v":{"k":4,"t":[2,3,2,1]}},{"k":[32,0,0,3,0],"v":{"k":4,"t":[2,3,2,1]}},{"k":[33,0,0,13,0],"v":{"k":4,"t":[6,6,1,1]}},{"k":[34,0,0,13,0],"v":{"k":4,"t":[6,6,1,1]}},{"k":[35,0,0,12,0],"v":{"k":4,"t":[6,6,1,1]}},{"k":[35,0,0,7,0],"v":{"k":4,"t":[2,3,2,1]}},{"k":[35,0,0,6,0],"v":{"k":4,"t":[2,3,2,1]}},{"k":[34,0,0,7,0],"v":{"k":4,"t":[2,3,2,1]}},{"k":[32,0,0,9,0],"v":{"k":4,"t":[6,6,1,1]}}],"overflow":[],"walls":[{"k":[33,0,0,1,0,50,0,0],"v":{"k":1,"w":18}},{"k":[32,0,0,1,0,50,0,0],"v":{"k":1,"w":18}},{"k":[36,0,0,14,0,0,50,90],"v":{"k":1,"w":18}},{"k":[36,0,0,13,0,0,50,90],"v":{"k":1,"w":18}},{"k":[36,0,0,15,0,0,50,90],"v":{"k":1,"w":18}},{"k":[36,0,0,2,0,0,50,90],"v":{"k":1,"w":18}},{"k":[35,0,0,1,0,50,0,0],"v":{"k":2,"w":18}},{"k":[36,0,0,1,0,0,50,90],"v":{"k":2,"w":18}},{"k":[34,0,0,1,0,50,0,0],"v":{"k":1,"w":18}},{"k":[36,0,0,4,0,0,50,90],"v":{"k":1,"w":18}},{"k":[36,0,0,3,0,0,50,90],"v":{"k":1,"w":18}},{"k":[36,0,0,1,0,50,0,0],"v":{"k":3,"w":18}},{"k":[36,0,0,0,0,0,50,90],"v":{"k":3,"w":18}},{"k":[36,0,0,10,0,0,50,90],"v":{"k":1,"w":18}},{"k":[36,0,0,9,0,0,50,90],"v":{"k":1,"w":18}},{"k":[36,0,0,12,0,0,50,90],"v":{"k":1,"w":18}},{"k":[36,0,0,11,0,0,50,90],"v":{"k":1,"w":18}},{"k":[36,0,0,6,0,0,50,90],"v":{"k":1,"w":18}},{"k":[36,0,0,5,0,0,50,90],"v":{"k":1,"w":18}},{"k":[36,0,0,8,0,0,50,90],"v":{"k":1,"w":18}},{"k":[36,0,0,7,0,0,50,90],"v":{"k":1,"w":18}}]}}